station,adf_stat,p_value
Pasing,-3.8451712325486223,0.0024775327120928484
Laim,-2.850941543152436,0.05135748494165579
Hirschgarten,-3.472280403031871,0.008728192295413677
Donnersbergerbruecke,-5.03496805076916,1.891550176410794e-05
Hackerbruecke,-2.0683500520577254,0.25743011588107867
Hauptbahnhof_tief,-3.3206090316351125,0.013982010892025717
Karlsplatz_Stachus,-4.555225198846366,0.00015607293366288867
Marienplatz,-2.2734978470891987,0.18065793648077072
Isartor,-3.8129494310141174,0.0027775696933890147
Rosenheimer_Platz,-4.298727488057296,0.00044647167140528677
Ostbahnhof,-2.019212361434852,0.2782131971913063
Leuchtenbergring,-2.646617822274813,0.08373989856688996
Pasing,-4.940836839792665,2.902304795182571e-05
Laim,-1.6803169889424712,0.44128122031380274
Hirschgarten,-2.908362448461338,0.044384164626199485
Donnersbergerbruecke,-4.227631224974212,0.0005914213178619658
Hackerbruecke,-4.910767009886485,3.322991343648831e-05
Hauptbahnhof_tief,-3.0947449156948466,0.026944540471821415
Karlsplatz_Stachus,-5.693331457541619,7.977885133953806e-07
Marienplatz,-4.346265424873731,0.0003690309350370604
Isartor,-3.5712405380875807,0.006335257291725318
Rosenheimer_Platz,-3.5259274551922792,0.007345661024292667
Ostbahnhof,-6.7013314223987415,3.882527318977257e-09
Leuchtenbergring,-3.85396877928323,0.002400976972018663
Pasing,-9.342006010774924,8.745953706449008e-16
Laim,-6.606852252241504,6.524020250309895e-09
Hirschgarten,-2.7971095114897446,0.058687841476598626
Donnersbergerbruecke,-2.981276350385747,0.036680337581535875
Hackerbruecke,-4.530132611544705,0.00017340379036919425
Hauptbahnhof_tief,-3.966185419579816,0.0015983005892320835
Karlsplatz_Stachus,-4.322011651054643,0.0004067993114285476
Marienplatz,-2.8960941019165305,0.04580408923084589
Isartor,-3.171226607001939,0.021711784847647107
Rosenheimer_Platz,-2.6582323003007264,0.08154893551714087
Ostbahnhof,-3.0495690621102636,0.030517477059256448
Leuchtenbergring,-3.128528664004493,0.024512720957847425
Pasing,-12.716980726598154,1.0015810470327905e-23
Laim,-2.941256339201305,0.040756501876099666
Hirschgarten,-8.23045836192791,6.082807791926989e-13
Donnersbergerbruecke,-5.348208699900288,4.347467774819727e-06
Hackerbruecke,-4.540065826178832,0.00016633466116467902
Hauptbahnhof_tief,-2.740799997836151,0.06724024764468689
Karlsplatz_Stachus,-5.050749884308215,1.759413533749515e-05
Marienplatz,-2.0732094266501,0.25542275740092274
Isartor,-2.4333991193232807,0.13253075207267556
Rosenheimer_Platz,-1.9056720342537363,0.32939752961270363
Ostbahnhof,-2.101648559428365,0.24385222439693255
Leuchtenbergring,-2.608823056919263,0.09118739801833947
Pasing,-4.319704069821821,0.00041057708347086837
Laim,-4.474230394809373,0.00021883296559084314
Hirschgarten,-5.1751187427651315,9.88084972975415e-06
Donnersbergerbruecke,-3.91438950630716,0.0019314637252066834
Hackerbruecke,-4.346159954030883,0.00036918775038337684
Hauptbahnhof_tief,-5.485646856337491,2.2331610918116533e-06
Karlsplatz_Stachus,-2.7115201584348356,0.07206590557330365
Marienplatz,-5.232536573386497,7.542348555479317e-06
Isartor,-2.9986955403536064,0.0350164001008285
Rosenheimer_Platz,-3.1437171808521045,0.023482578081771746
Ostbahnhof,-5.103427438487204,1.379822402880643e-05
Leuchtenbergring,-3.0992081577198243,0.02661184388159141
Pasing,-12.846232108776356,5.472836580552548e-24
Laim,-14.61296377055686,3.9955431058689385e-27
Hirschgarten,-15.044948160071911,9.47415393902497e-28
Donnersbergerbruecke,-13.529206852212637,2.6417775508059606e-25
Hackerbruecke,-13.94958038720058,4.72878369846489e-26
Hauptbahnhof_tief,-13.990919593462511,4.018044356864772e-26
Karlsplatz_Stachus,-12.884250028686994,4.589739642952011e-24
Marienplatz,-10.58144229359249,6.888976451719536e-19
Isartor,-13.308034047033367,6.8348901629318135e-25
Rosenheimer_Platz,-12.374755081274085,5.1855329472328685e-23
Ostbahnhof,-13.782520191344487,9.239637660788572e-26
Leuchtenbergring,-9.621601830239491,1.7032088910087612e-16
Pasing,-3.8741352677401126,0.0022336616445745743
Laim,-3.340240160062862,0.013172803313006295
Hirschgarten,-4.798125273698394,5.4836823623400263e-05
Donnersbergerbruecke,-3.2189752150148645,0.01891225953128124
Hackerbruecke,-3.5775557450809323,0.006204898544799705
Hauptbahnhof_tief,-3.925837460513245,0.001852715212753808
Karlsplatz_Stachus,-3.109850307893697,0.02583275775714345
Marienplatz,-3.862167741207428,0.0023316028365821155
Isartor,-3.636940923432086,0.0050928249935425175
Rosenheimer_Platz,-3.21323362343542,0.019231330990758102
Ostbahnhof,-4.433886459164944,0.0002584198765310252
Leuchtenbergring,-3.4389283050341164,0.009701263823184687
Pasing,-10.444073286823752,1.4958717422868414e-18
Laim,-6.401112757957364,1.9944741131583115e-08
Hirschgarten,-14.592518373656864,4.291734722412369e-27
Donnersbergerbruecke,-12.913405996973701,4.0125553962334854e-24
Hackerbruecke,-12.323881887759244,6.656385958596394e-23
Hauptbahnhof_tief,-13.631507000262378,1.7198039413931532e-25
Karlsplatz_Stachus,-13.198896889996922,1.1047815725797273e-24
Marienplatz,-12.595848512362634,1.7795999507011035e-23
Isartor,-4.132824062864208,0.0008543551734655199
Rosenheimer_Platz,-6.323005651986034,3.03365891258081e-08
Ostbahnhof,-10.390242322397997,2.029840361927716e-18
Leuchtenbergring,-9.621085935905308,1.7083424663172006e-16
Pasing,-2.6727045726243124,0.078881833484441
Laim,-6.310277927025248,3.2473692544555726e-08
Hirschgarten,-6.226483000805877,5.0740166044679284e-08
Donnersbergerbruecke,-5.958836503136773,2.0621446953986685e-07
Hackerbruecke,-6.7683700039281955,2.6808299554309826e-09
Hauptbahnhof_tief,-7.149849308654109,3.1619535136225725e-10
Karlsplatz_Stachus,-6.276203536094053,3.8951193497587574e-08
Marienplatz,-6.517321655041209,1.0633226851849578e-08
Isartor,-6.75658848489704,2.861474530947836e-09
Rosenheimer_Platz,-5.37147785230924,3.887148973278473e-06
Ostbahnhof,-5.550805555417587,1.6214933755760405e-06
Leuchtenbergring,-4.202081976935497,0.0006535736464572703
Pasing,-9.814641566921974,5.539216466873838e-17
Laim,-5.576141772006566,1.4307141630236663e-06
Hirschgarten,-12.343399301297326,6.047355099703455e-23
Donnersbergerbruecke,-8.632761183116859,5.696592731323192e-14
Hackerbruecke,-12.159699389367528,1.5035107855320427e-22
Hauptbahnhof_tief,-6.323830289227344,3.02030009227353e-08
Karlsplatz_Stachus,-4.919813565365994,3.190615941573072e-05
Marienplatz,-3.5277096476528964,0.007303324831984304
Isartor,-10.039366238812855,1.5105601644548126e-17
Rosenheimer_Platz,-6.925300193429026,1.119325898323809e-09
Ostbahnhof,-5.263983688807256,6.499036891215682e-06
Leuchtenbergring,-3.207796689495912,0.019537788711729648
Pasing,-8.538595573354533,9.923515810168146e-14
Laim,-13.456684935979528,3.59583310964466e-25
Hirschgarten,-4.659375995974158,0.00010025187858109613
Donnersbergerbruecke,-4.260363822837564,0.0005199059178237678
Hackerbruecke,-4.606952178841304,0.00012541161872555185
Hauptbahnhof_tief,-5.047016935440784,1.7898393986898113e-05
Karlsplatz_Stachus,-6.32022153960617,3.07919137883766e-08
Marienplatz,-11.66995114920823,1.8450610603917086e-21
Isartor,-6.021667718045765,1.488675044890413e-07
Rosenheimer_Platz,-2.7144571411934613,0.07156978930286771
Ostbahnhof,-6.338746157067631,2.7884223351361888e-08
Leuchtenbergring,-4.448874889052599,0.00024297865359316007
Pasing,-6.890482424113808,1.3596898065686462e-09
Laim,-13.132677110449169,1.4836691643983245e-24
Hirschgarten,-3.6940290743214623,0.004197928754175494
Donnersbergerbruecke,-12.177993381534716,1.372105853451201e-22
Hackerbruecke,-3.26407759356655,0.016562582260103112
Hauptbahnhof_tief,-8.032809498612828,1.9378903706899085e-12
Karlsplatz_Stachus,-5.731605658166995,6.580618018549268e-07
Marienplatz,-3.8757841737311263,0.0022204693701322414
Isartor,-3.741510935692948,0.0035657392318722606
Rosenheimer_Platz,-4.116061231291031,0.0009109838684663637
Ostbahnhof,-2.8197379624583316,0.05550918418798878
Leuchtenbergring,-3.160525422640043,0.02238637498448458
Pasing,-3.1242278121250244,0.02481140639884793
Laim,-14.390075574370918,8.854963998607387e-27
Hirschgarten,-12.33165678345613,6.406600021564948e-23
Donnersbergerbruecke,-12.364527538574622,5.451911036595023e-23
Hackerbruecke,-7.9340752546376185,3.4509193765294744e-12
Hauptbahnhof_tief,-10.488174184058193,1.1655744505585754e-18
Karlsplatz_Stachus,-8.000921391228617,2.3352327836294752e-12
Marienplatz,-9.825211072814934,5.209734621768956e-17
Isartor,-6.585649890284652,7.3263134870556355e-09
Rosenheimer_Platz,-3.8016922794586576,0.0028900481402998274
Ostbahnhof,-3.735698613525275,0.0036381392595834497
Leuchtenbergring,-4.14202706691896,0.0008246857110072537
Pasing,-5.304403803478327,5.361804926261461e-06
Laim,-7.824204927197266,6.547463171164791e-12
Hirschgarten,-6.6358278236137345,5.566098789940953e-09
Donnersbergerbruecke,-6.233579876049055,4.886443073556287e-08
Hackerbruecke,-6.574705341621504,7.777771299672117e-09
Hauptbahnhof_tief,-6.998078955273715,7.443696830752899e-10
Karlsplatz_Stachus,-6.203449406357676,5.732893926732564e-08
Marienplatz,-5.521668767153251,1.8716176387536525e-06
Isartor,-5.715191391844081,7.147831743120694e-07
Rosenheimer_Platz,-6.304818071768835,3.343522326099092e-08
Ostbahnhof,-7.018987958105813,6.618340027752685e-10
Leuchtenbergring,-11.683630114952276,1.7177310768857416e-21
Pasing,-4.792665989357391,5.6170353142342957e-05
Laim,-12.29363577433922,7.726556649350979e-23
Hirschgarten,-8.812103779117447,1.9785773772337053e-14
Donnersbergerbruecke,-7.870594950698897,4.997313987129492e-12
Hackerbruecke,-8.04590914362839,1.7948882172413621e-12
Hauptbahnhof_tief,-7.399724037832265,7.611266337898544e-11
Karlsplatz_Stachus,-6.931303170686922,1.082361824757058e-09
Marienplatz,-8.344066271237853,3.1196339625300103e-13
Isartor,-8.101998267764175,1.2923705304508462e-12
Rosenheimer_Platz,-2.601751280781792,0.09263585325797175
Ostbahnhof,-3.8209232589343416,0.0027003526065993455
Leuchtenbergring,-1.7889514641664948,0.3859606170027431
Pasing,-4.527748889231071,0.0001751422745301481
Laim,-9.434807157492514,5.076023808462667e-16
Hirschgarten,-11.491223357490888,4.731122316430148e-21
Donnersbergerbruecke,-11.541463933544357,3.6259130944608455e-21
Hackerbruecke,-8.481420948337357,1.3898183899123906e-13
Hauptbahnhof_tief,-8.238120500178173,5.815142830275163e-13
Karlsplatz_Stachus,-9.561130457160768,2.424281522965321e-16
Marienplatz,-4.99223043815894,2.2992493397463724e-05
Isartor,-8.079293491195926,1.4762213630505993e-12
Rosenheimer_Platz,-4.409308605609821,0.00028577319994098436
Ostbahnhof,-5.707688413525815,7.422749736206877e-07
Leuchtenbergring,-5.122069233701245,1.2655065890050164e-05
Pasing,-11.449091051424665,5.918485121821422e-21
Laim,-8.97971370377504,7.366377675672314e-15
Hirschgarten,-3.26186466274627,0.016671595851069226
Donnersbergerbruecke,-3.433410689289355,0.009871284488795725
Hackerbruecke,-2.8735691083146055,0.048509012088508933
Hauptbahnhof_tief,-4.231442117068907,0.0005826421784248563
Karlsplatz_Stachus,-7.722911430726696,1.1795760254349602e-11
Marienplatz,-4.4706801579903575,0.0002220709076152615
Isartor,-3.248103460214154,0.017363733713652376
Rosenheimer_Platz,-7.254425274501612,1.745846542289118e-10
Ostbahnhof,-4.527875486480662,0.0001750495295500825
Leuchtenbergring,-7.0582761054470415,5.304943008558169e-10
Pasing,-4.53362559027813,0.0001708859595341531
Laim,-3.358299469597032,0.012465289643904535
Hirschgarten,-3.502205983746092,0.007930620137851922
Donnersbergerbruecke,-4.726289330180381,7.508670924314869e-05
Hackerbruecke,-4.729910859374918,7.391363613701556e-05
Hauptbahnhof_tief,-5.146953225880819,1.1270966820984854e-05
Karlsplatz_Stachus,-5.025269657821918,1.9774497627354675e-05
Marienplatz,-4.84246898664653,4.5075407921341004e-05
Isartor,-4.317908480975988,0.00041353957521238
Rosenheimer_Platz,-4.325925434758447,0.00040046700655932405
Ostbahnhof,-4.772489970843896,6.137385048440026e-05
Leuchtenbergring,-5.291879624431274,5.691763130561374e-06
Pasing,-4.962037131395986,2.6370529622239185e-05
Laim,-11.121104308659472,3.464245159860001e-20
Hirschgarten,-3.6196866472640963,0.0053956249144603025
Donnersbergerbruecke,-4.041010634087271,0.0012103543792816168
Hackerbruecke,-3.0353027433233626,0.031726521356292954
Hauptbahnhof_tief,-3.425587382866109,0.010116918599160975
Karlsplatz_Stachus,-3.038428185183281,0.031458220182613336
Marienplatz,-6.091703799405955,1.0327460263591246e-07
Isartor,-3.263505810762529,0.01659068937613303
Rosenheimer_Platz,-4.139961457034514,0.000831259667302344
Ostbahnhof,-5.2355803511171315,7.4346630807691144e-06
Leuchtenbergring,-3.4967747441279804,0.008070312843368491
Pasing,-8.596394666335279,7.058643613854994e-14
Laim,-2.5025892715058764,0.11484559748158102
Hirschgarten,-4.124244330449041,0.0008829139425901324
Donnersbergerbruecke,-11.514216961067378,4.188182093167945e-21
Hackerbruecke,-7.865542724664424,5.146628137953498e-12
Hauptbahnhof_tief,-7.76443901861288,9.268523978683867e-12
Karlsplatz_Stachus,-7.658671975932025,1.711728134141085e-11
Marienplatz,-7.2168723491419335,2.1616760809417113e-10
Isartor,-7.418167146817672,6.847372518256173e-11
Rosenheimer_Platz,-5.012242861278686,2.098771348033454e-05
Ostbahnhof,-7.318195218732146,1.2135595125397446e-10
Leuchtenbergring,-3.0311532666727405,0.032085731766173506
Pasing,-11.99000071688841,3.539286723763122e-22
Laim,-4.350460898730254,0.00036284391035740015
Hirschgarten,-4.470645225833568,0.00022210299201181043
Donnersbergerbruecke,-4.52832017336472,0.00017472412295382688
Hackerbruecke,-8.299186245794274,4.061821788662983e-13
Hauptbahnhof_tief,-6.098984587851124,9.940803964646818e-08
Karlsplatz_Stachus,-6.542006933683641,9.29641554906722e-09
Marienplatz,-8.218368855240078,6.530340459689622e-13
Isartor,-6.4001960549624215,2.00434744695185e-08
Rosenheimer_Platz,-7.454306782605289,5.56433693078035e-11
Ostbahnhof,-11.619311302227114,2.4059390354258313e-21
Leuchtenbergring,-5.160987334059844,1.0556182431121513e-05
Pasing,-8.135054648949671,1.064732434066022e-12
Laim,-2.520267123396299,0.11062066430868078
Hirschgarten,-11.565845825537465,3.1879143731562262e-21
Donnersbergerbruecke,-10.29352531083946,3.519335672962963e-18
Hackerbruecke,-5.363297716851447,4.043298882702628e-06
Hauptbahnhof_tief,-5.163015332847458,1.045659048491623e-05
Karlsplatz_Stachus,-5.138518058154474,1.17228817270398e-05
Marienplatz,-5.214920700119859,8.195899832560259e-06
Isartor,-2.0669316731660974,0.2580176854937183
Rosenheimer_Platz,-8.117134876831878,1.182667716423906e-12
Ostbahnhof,-2.154196341326193,0.22328729150125454
Leuchtenbergring,-2.9182756705760386,0.043263687717656395
Pasing,-3.872515880725849,0.002246688259599769
Laim,-3.673515909661967,0.004501479978078732
Hirschgarten,-4.789622911213424,5.692712912362308e-05
Donnersbergerbruecke,-4.09210635613696,0.0009980348180732813
Hackerbruecke,-6.248445383211609,4.515358680002333e-08
Hauptbahnhof_tief,-3.9934219096109427,0.0014453504669371957
Karlsplatz_Stachus,-3.9048643862747294,0.001999338130492204
Marienplatz,-4.2727253166904795,0.0004950833897654959
Isartor,-3.8870269862590936,0.0021324231076546786
Rosenheimer_Platz,-3.9869560657392826,0.001480374524186374
Ostbahnhof,-3.720126605332034,0.0038387988631607534
Leuchtenbergring,-2.9934208373017945,0.035513396084065584
Pasing,-7.946797080505368,3.2038905817948137e-12
Laim,-12.715006498813226,1.0109428945503917e-23
Hirschgarten,-11.433917157736696,6.416681877628264e-21
Donnersbergerbruecke,-6.0092141116843445,1.5882623499359185e-07
Hackerbruecke,-5.6034363748975915,1.249671296998028e-06
Hauptbahnhof_tief,-6.120914230658274,8.860050298031896e-08
Karlsplatz_Stachus,-7.572670312427354,2.8142699649859077e-11
Marienplatz,-6.363861367384738,2.4369418968815492e-08
Isartor,-7.923872712881267,3.66266065642037e-12
Rosenheimer_Platz,-5.552689338159345,1.6064944513607122e-06
Ostbahnhof,-4.972477920295266,2.5151616980714694e-05
Leuchtenbergring,-4.584692482731098,0.00013782650846481189
Pasing,-5.454385278147313,2.6013312869826236e-06
Laim,-5.50993191030121,1.9826592481962136e-06
Hirschgarten,-6.235113872659316,4.8468037793740125e-08
Donnersbergerbruecke,-5.179889018125384,9.662469478248591e-06
Hackerbruecke,-4.680551190074249,9.152449519310408e-05
Hauptbahnhof_tief,-4.469548192533311,0.0002231128364794263
Karlsplatz_Stachus,-4.8192864140166485,4.9949287695060475e-05
Marienplatz,-4.04991942485156,0.0011705329745101214
Isartor,-4.113027307487817,0.0009216017257712225
Rosenheimer_Platz,-4.729820030255359,7.394284138185917e-05
Ostbahnhof,-5.649708506150473,9.925081591895326e-07
Leuchtenbergring,-4.151903845429195,0.000793920644035541
Pasing,-4.580886538245003,0.00014006326292497064
Laim,-5.67774209476688,8.626593717757969e-07
Hirschgarten,-4.2681104996532,0.0005042164834435035
Donnersbergerbruecke,-5.094582813314989,1.437490957840173e-05
Hackerbruecke,-4.457184002041056,0.00023480019057998605
Hauptbahnhof_tief,-4.733365959915217,7.281084926374181e-05
Karlsplatz_Stachus,-5.734099743689655,6.498373182320319e-07
Marienplatz,-4.0612055326923775,0.0011218411328758364
Isartor,-4.853072383275337,4.300161037897463e-05
Rosenheimer_Platz,-5.002838753130114,2.19078404342698e-05
Ostbahnhof,-3.8302147486516236,0.002612873822531152
Leuchtenbergring,-4.7745965434999675,6.0809661057400185e-05
Pasing,-2.0649470753054446,0.2588410634108087
Laim,-2.8479174564575684,0.051748365855211496
Hirschgarten,-2.9214480806571808,0.04291012308459288
Donnersbergerbruecke,-2.6492221999100183,0.08324466361873817
Hackerbruecke,-2.1363166638403155,0.23016436912743715
Hauptbahnhof_tief,-2.4487483621749484,0.12844738368934783
Karlsplatz_Stachus,-2.5099283946652253,0.11307728991194493
Marienplatz,-2.5526065583028017,0.10319338639497572
Isartor,-3.087842115133161,0.027466107727713383
Rosenheimer_Platz,-2.418504360349615,0.1365816545823999
Ostbahnhof,-2.7885996750067408,0.059920766348975404
Leuchtenbergring,-1.7030083299742305,0.42956316512306025
Pasing,-7.8943421450162985,4.35124962832746e-12
Laim,-3.075944636014057,0.02838537329052293
Hirschgarten,-2.812039309680431,0.056574511011698546
Donnersbergerbruecke,-3.1427352962734942,0.02354802433551041
Hackerbruecke,-5.069309605013308,1.6154045204698137e-05
Hauptbahnhof_tief,-4.677321711528797,9.280688173059539e-05
Karlsplatz_Stachus,-3.2636794190936196,0.01658215089330881
Marienplatz,-4.538632141743077,0.00016733774102999435
Isartor,-2.581848227389046,0.09680720289429806
Rosenheimer_Platz,-3.685535460619981,0.004321272758353727
Ostbahnhof,-4.3452220195292055,0.0003705850583580058
Leuchtenbergring,-2.9287186940489867,0.04210888020289077
Pasing,-4.223648319248817,0.0006007297269381564
Laim,-3.6101039143337283,0.005570774770437388
Hirschgarten,-4.5464295279285105,0.00016195100423509583
Donnersbergerbruecke,-2.5644359436721436,0.10057263686048529
Hackerbruecke,-4.753493825332396,6.66932941527785e-05
Hauptbahnhof_tief,-7.6296005096001736,2.0253520751970596e-11
Karlsplatz_Stachus,-4.026558753528923,0.0012776519259749975
Marienplatz,-8.791577434649321,2.2331510276512617e-14
Isartor,-5.443362423163904,2.7447289514756783e-06
Rosenheimer_Platz,-4.3148405096514235,0.0004186481247642975
Ostbahnhof,-3.471641320514741,0.008745983441219136
Leuchtenbergring,-4.059129126028216,0.0011306549227867641
Pasing,-6.121138283645267,8.849626618687412e-08
Laim,-3.540388944964533,0.007008423445252196
Hirschgarten,-2.101194196313401,0.2440346803818606
Donnersbergerbruecke,-3.611123356542409,0.005551899383632364
Hackerbruecke,-5.706544446013542,7.465563344225123e-07
Hauptbahnhof_tief,-8.092410735362634,1.3670437523784768e-12
Karlsplatz_Stachus,-5.07568771053063,1.5685965900174e-05
Marienplatz,-4.8259333804008735,4.850237170685418e-05
Isartor,-11.378701914280676,8.617325295648807e-21
Rosenheimer_Platz,-4.945408281066327,2.8430202476772945e-05
Ostbahnhof,-3.0524537021803058,0.030277836965845174
Leuchtenbergring,-7.690861121421427,1.4205241591594103e-11
Pasing,-10.76683974547738,2.4403624656461652e-19
Laim,-4.14970108831636,0.0008006872117032343
Hirschgarten,-13.716463133390485,1.2102903817296763e-25
Donnersbergerbruecke,-8.324219058370614,3.5058940532926057e-13
Hackerbruecke,-11.131888635566316,3.2665987924445876e-20
Hauptbahnhof_tief,-12.40297410532063,4.517410986103307e-23
Karlsplatz_Stachus,-12.013159566110863,3.1464525404929405e-22
Marienplatz,-10.908697382404972,1.1110841661258369e-19
Isartor,-8.207446915442542,6.962813546171196e-13
Rosenheimer_Platz,-7.9211098257173,3.7221941771006966e-12
Ostbahnhof,-8.596677801037233,7.04687268963587e-14
Leuchtenbergring,-7.126442628253986,3.609955214357541e-10
Pasing,-7.798903098969716,7.585861367311999e-12
Laim,-4.31538075683518,0.0004177442428004134
Hirschgarten,-3.2195859400092566,0.018878593692764605
Donnersbergerbruecke,-3.0611703407954014,0.029563425745858723
Hackerbruecke,-2.8821250181662603,0.047466449363850145
Hauptbahnhof_tief,-3.520023144018037,0.0074875040017822895
Karlsplatz_Stachus,-3.5908361453987614,0.0059386571519771045
Marienplatz,-2.4707322507909266,0.12275883651685293
Isartor,-2.276333745926411,0.1797144390200176
Rosenheimer_Platz,-3.104010048771442,0.02625784671548451
Ostbahnhof,-3.376574384482646,0.011783847472985153
Leuchtenbergring,-3.399697700003901,0.010969181311989713
Pasing,-9.638674105671317,1.5417878932989857e-16
Laim,3.566480718695451,1.0
Hirschgarten,3.4520802671048854,1.0
Donnersbergerbruecke,3.8547638357481135,1.0
Hackerbruecke,-5.494316203296589,2.14038901479367e-06
Hauptbahnhof_tief,-5.5566819646716565,1.5751501958585414e-06
Karlsplatz_Stachus,-6.174744436622982,6.672582662773345e-08
Marienplatz,-5.201342739447604,8.736756942844768e-06
Isartor,-3.9768904385960715,0.001536473037418449
Rosenheimer_Platz,-3.087316531975246,0.02750617215324525
Ostbahnhof,-4.151249886882936,0.0007959238941729347
Leuchtenbergring,-5.7056694234559835,7.498474237488096e-07
Pasing,-12.684106105684979,1.1697429254686893e-23
Laim,-14.443238141384573,7.300500806417372e-27
Hirschgarten,-12.884231203820011,4.590138650103021e-24
Donnersbergerbruecke,-9.020852742644584,5.780858236335792e-15
Hackerbruecke,-12.967575418770215,3.1299964479247075e-24
Hauptbahnhof_tief,-7.905512702283935,4.076801072223555e-12
Karlsplatz_Stachus,-8.808343880786252,2.02293294269028e-14
Marienplatz,-7.954339650865646,3.0658304311921766e-12
Isartor,-7.868414323628315,5.061224192464703e-12
Rosenheimer_Platz,-5.491862203222945,2.1662619908724993e-06
Ostbahnhof,-7.324702800865239,1.1692749221788586e-10
Leuchtenbergring,-7.3088744968742585,1.2799002066943068e-10
Pasing,-3.4797090032915237,0.00852376043291854
Laim,-3.278492473164328,0.01586766447418635
Hirschgarten,-2.970070050086476,0.03778559987466876
Donnersbergerbruecke,-2.995377397911081,0.03532835403656387
Hackerbruecke,-2.913180960478876,0.04383656130203174
Hauptbahnhof_tief,-2.7662594324572773,0.06325733819408513
Karlsplatz_Stachus,-3.4512534453802624,0.009330900707453828
Marienplatz,-2.732634066811048,0.06855938020865616
Isartor,-2.255582673623824,0.18669365419423029
Rosenheimer_Platz,-2.49288346458875,0.1172154705929348
Ostbahnhof,-2.2961997297842505,0.17319656389970928
Leuchtenbergring,-2.6748904514636207,0.07848501198000339
Pasing,-12.004470703636295,3.2883511359721765e-22
Laim,-13.95581895326702,4.6136298493385217e-26
Hirschgarten,-7.307647831841041,1.2888947303128814e-10
Donnersbergerbruecke,-13.049196301340848,2.159712843954662e-24
Hackerbruecke,-12.681503373571879,1.1842352578600657e-23
Hauptbahnhof_tief,-6.790577904520562,2.3704168489860143e-09
Karlsplatz_Stachus,-3.1639074125185225,0.022171242913683355
Marienplatz,-5.3904889710985024,3.5465392680974283e-06
Isartor,-5.940143690514295,2.2711475945087114e-07
Rosenheimer_Platz,-4.727764295491211,7.460680723233391e-05
Ostbahnhof,-4.3364088219306325,0.00038396129623193947
Leuchtenbergring,-4.784093177417616,5.832741373768277e-05
Pasing,-6.11223153100631,9.273415861781644e-08
Laim,-4.214254373436116,0.0006232332930100459
Hirschgarten,-11.903078789162166,5.516511485810713e-22
Donnersbergerbruecke,-3.496017307730403,0.008089969097852106
Hackerbruecke,-4.585791291086838,0.0001371871028395367
Hauptbahnhof_tief,-3.300393015215094,0.014860915838809295
Karlsplatz_Stachus,-4.282281731014068,0.00047666429165890326
Marienplatz,-4.923750949833308,3.1346003138031414e-05
Isartor,-3.9483404107315776,0.0017065307504301002
Rosenheimer_Platz,-5.089264632481176,1.4732804795029968e-05
Ostbahnhof,-11.28181170591703,1.4499575507576415e-20
Leuchtenbergring,-4.3773081253763735,0.0003255168167611848
Pasing,-9.263222873442187,1.3889640913083205e-15
Laim,-5.504437639053509,2.0368198130684177e-06
Hirschgarten,-11.11362579581448,3.608373899261773e-20
Donnersbergerbruecke,-10.853614808684403,1.5069294184783808e-19
Hackerbruecke,-7.571562153922192,2.8323290966011154e-11
Hauptbahnhof_tief,-7.874798184559137,4.876382601327266e-12
Karlsplatz_Stachus,-7.712270147235605,1.2546906520629491e-11
Marienplatz,-10.439110815003332,1.538513345112182e-18
Isartor,-11.207362156485942,2.1680261124323554e-20
Rosenheimer_Platz,-4.909875925044858,3.3363125986696335e-05
Ostbahnhof,-2.898615551585646,0.04550922700906244
Leuchtenbergring,-4.704434035595009,8.255352031156321e-05
Pasing,-10.086263304170958,1.1532553583091089e-17
Laim,-2.557286435648622,0.10215048373107105
Hirschgarten,-13.551451262442699,2.404995734709528e-25
Donnersbergerbruecke,-5.75607049537014,5.815950602018342e-07
Hackerbruecke,-6.763593031769299,2.7526750332496606e-09
Hauptbahnhof_tief,-6.318466717040223,3.108235184404335e-08
Karlsplatz_Stachus,-7.858897577892832,5.349800785027552e-12
Marienplatz,-6.062722851879134,1.2018249224823986e-07
Isartor,-6.337528065200506,2.8066824279924476e-08
Rosenheimer_Platz,-7.595120523247823,2.4720802832116865e-11
Ostbahnhof,-5.919997398777993,2.5196461190749293e-07
Leuchtenbergring,-4.1406343066579785,0.0008291128958248318
Pasing,-9.955888731051221,2.444929900057336e-17
Laim,-6.0963199820972305,1.0080634290918034e-07
Hirschgarten,-3.963876349368746,0.001611936535780854
Donnersbergerbruecke,-2.6879739050534783,0.0761425282242933
Hackerbruecke,-4.594170706883071,0.00013240327384902333
Hauptbahnhof_tief,-5.542932703440245,1.6856683166103703e-06
Karlsplatz_Stachus,-3.9613614733828406,0.0016269108180255655
Marienplatz,-5.40843958941658,3.2516610440468937e-06
Isartor,-2.7189859003827532,0.07081010628862297
Rosenheimer_Platz,-5.096320826908252,1.4259779567994835e-05
Ostbahnhof,-4.937619767661411,2.9447370867129376e-05
Leuchtenbergring,-4.786346841875389,5.7752778724851765e-05
Pasing,-8.243897126969305,5.621141148019158e-13
Laim,-4.338156915593716,0.000381272350954173
Hirschgarten,-3.0833252870930705,0.02781205551963247
Donnersbergerbruecke,-4.399861621688677,0.0002970000479451724
Hackerbruecke,-3.0118446598883626,0.0338029664833395
Hauptbahnhof_tief,-3.493993622418853,0.008142697140002656
Karlsplatz_Stachus,-3.719057381447119,0.0038529418255699274
Marienplatz,-3.5681117404559894,0.006400755984949467
Isartor,-4.598243906799361,0.00013013576528699702
Rosenheimer_Platz,-6.216015777748923,5.3636529823719144e-08
Ostbahnhof,-2.936837219501611,0.0412289718479594
Leuchtenbergring,-5.540373484719925,1.7070575744824483e-06
Pasing,-3.3288767970413815,0.01363600259529931
Laim,-4.214349965806406,0.0006230003549160604
Hirschgarten,-4.547478487417264,0.00016123907438297177
Donnersbergerbruecke,-3.4999139762469165,0.007989303608547469
Hackerbruecke,-1.7480993478565625,0.40651598927007704
Hauptbahnhof_tief,-7.189754511258013,2.5216512138127374e-10
Karlsplatz_Stachus,-3.4073927850347494,0.01070941899254572
Marienplatz,-2.907185256830657,0.044518807264984715
Isartor,-3.5916133281206526,0.005923402000243272
Rosenheimer_Platz,-4.119619434805864,0.0008986772100532131
Ostbahnhof,-5.438500322432287,2.8103976075611412e-06
Leuchtenbergring,-7.5700627919457,2.8569468968662387e-11
Pasing,-7.810041849581505,7.109935679418976e-12
Laim,-6.677127461650016,4.436123162128158e-09
Hirschgarten,-5.17427718981971,9.919868055080483e-06
Donnersbergerbruecke,-4.91245905925113,3.297836830815605e-05
Hackerbruecke,-4.517349378093019,0.000182922772033039
Hauptbahnhof_tief,-4.306977162161002,0.0004320151676134919
Karlsplatz_Stachus,-3.325117744322201,0.013792370348254241
Marienplatz,-4.273288915258937,0.0004939787359305349
Isartor,-4.101252009025608,0.0009639196063735529
Rosenheimer_Platz,-4.519085650484607,0.00018160128051461773
Ostbahnhof,-5.303073332087008,5.395956208588299e-06
Leuchtenbergring,-6.431909978169719,1.6892148387359705e-08
Pasing,-0.9823513710726967,0.7596466873021054
Laim,-2.039283927260473,0.2696183979797502
Hirschgarten,-2.207782606736074,0.2034329552582173
Donnersbergerbruecke,-2.303861813762392,0.17072548469225574
Hackerbruecke,-3.488117269741694,0.008297563770136723
Hauptbahnhof_tief,-2.4975169929586976,0.11607963668796578
Karlsplatz_Stachus,-1.5575457738422616,0.5048768560731168
Marienplatz,-3.493651430858478,0.008151643573436994
Isartor,-2.1915624798511937,0.2093220300573041
Rosenheimer_Platz,-2.578515073023116,0.09751956402304496
Ostbahnhof,-1.2459544580158861,0.6535216718557654
Leuchtenbergring,-1.8366888105112522,0.36240477635928237
Pasing,-6.230421894902032,4.969052909552874e-08
Laim,-10.503333031801235,1.0699133425350727e-18
Hirschgarten,-7.598921328622032,2.418387575045462e-11
Donnersbergerbruecke,-4.442906319264549,0.00024901953250769507
Hackerbruecke,-6.513998027009361,1.0827115188541569e-08
Hauptbahnhof_tief,-5.321178920503048,4.948801349303575e-06
Karlsplatz_Stachus,-4.973326152256801,2.5055010736872664e-05
Marienplatz,-3.9745075795268248,0.0015500397592910287
Isartor,-5.0449289919616325,1.807078296583341e-05
Rosenheimer_Platz,-5.773132356779832,5.334804010201896e-07
Ostbahnhof,-5.942013082118802,2.249345550280847e-07
Leuchtenbergring,-5.515272781012193,1.9313562825787194e-06
Pasing,-11.162523779491377,2.7651700435636754e-20
Laim,-11.42276786081266,6.809677938596922e-21
Hirschgarten,-11.862353788809608,6.799788164427504e-22
Donnersbergerbruecke,-11.020156729195655,6.015918024259574e-20
Hackerbruecke,-8.45143705066883,1.6582563499486685e-13
Hauptbahnhof_tief,-6.1244899965780615,8.69512361268907e-08
Karlsplatz_Stachus,-7.706529958526656,1.2971650625348482e-11
Marienplatz,-12.42342109033353,4.088807587637581e-23
Isartor,-10.60150480110048,6.154152659915895e-19
Rosenheimer_Platz,-8.056017484400495,1.6917701832782976e-12
Ostbahnhof,-11.002479989626817,6.628798487946315e-20
Leuchtenbergring,-5.940917215681235,2.2621012538024192e-07
Pasing,-10.662112070164055,4.380211663288664e-19
Laim,-5.161170792928243,1.0547135415591898e-05
Hirschgarten,-7.546644884064584,3.2702164169690386e-11
Donnersbergerbruecke,-4.959106358292857,2.672278917119447e-05
Hackerbruecke,-6.01496333630356,1.5415014212034898e-07
Hauptbahnhof_tief,-5.6374615042327285,1.055049078436152e-06
Karlsplatz_Stachus,-4.4293973677908065,0.00026322290549713617
Marienplatz,-5.982647757601958,1.8230333992904014e-07
Isartor,-5.67772480406713,8.627341052426852e-07
Rosenheimer_Platz,-5.5291653686929125,1.8038879527873484e-06
Ostbahnhof,-5.189017799438732,9.257512639090262e-06
Leuchtenbergring,-4.978026931232958,2.4526081606787915e-05
Pasing,-6.301108183670556,3.4104492555914655e-08
Laim,-3.0040024611250007,0.0345223076093033
Hirschgarten,-3.206213187205546,0.01962784068770804
Donnersbergerbruecke,-2.642139983329669,0.08459673827703545
Hackerbruecke,-3.3711625816969617,0.01198211017253432
Hauptbahnhof_tief,-7.28329864659828,1.4809884344524578e-10
Karlsplatz_Stachus,-3.667313227166439,0.004597134188974119
Marienplatz,-6.17727010618828,6.584167753512076e-08
Isartor,-3.319009153146055,0.014049854828798568
Rosenheimer_Platz,-3.1975731322406666,0.020125586317840883
Ostbahnhof,-3.0863419440590603,0.027580596037695818
Leuchtenbergring,-3.1658890312123313,0.022046023892480178
Pasing,-12.52400923343008,2.5119261441092913e-23
Laim,-2.025961028821467,0.27530736102681597
Hirschgarten,-12.234343936746036,1.0363229303539933e-22
Donnersbergerbruecke,-11.082949062299182,4.265994105391106e-20
Hackerbruecke,-5.53919260131062,1.717016008142568e-06
Hauptbahnhof_tief,-5.066290200403781,1.638031218224053e-05
Karlsplatz_Stachus,-5.9368971280188685,2.3095040715995509e-07
Marienplatz,-4.339020898161973,0.00037994994436767226
Isartor,-3.9745731546977523,0.001549664923331753
Rosenheimer_Platz,-3.4632798848537796,0.00898176964613951
Ostbahnhof,-4.070962178561583,0.0010812795848634867
Leuchtenbergring,-3.3868004296810885,0.011417158999594286
Pasing,-6.797155885241038,2.2854899068227872e-09
Laim,-10.522939152879516,9.578269935674708e-19
Hirschgarten,-4.025668729047143,0.0012819084852703003
Donnersbergerbruecke,-6.908340254933135,1.2306412387920987e-09
Hackerbruecke,-6.337247069953285,2.8109114270743497e-08
Hauptbahnhof_tief,-7.057155240494539,5.338563724552667e-10
Karlsplatz_Stachus,-3.723305770712604,0.0037970273250461572
Marienplatz,-6.328059328322205,2.9526954641017953e-08
Isartor,-6.720842751269732,3.486402326225146e-09
Rosenheimer_Platz,-4.836112789812958,4.6364252659860995e-05
Ostbahnhof,-6.231889961077227,4.9304803183133986e-08
Leuchtenbergring,-6.0644810903000765,1.1908351639634261e-07
Pasing,-4.043747745912254,0.001197987176524373
Laim,-3.99165831011692,0.0014548261993557715
Hirschgarten,-3.4261744729735337,0.010098297577218456
Donnersbergerbruecke,-3.7782844881151822,0.0031374732813432447
Hackerbruecke,-5.046651806424146,1.792842552724892e-05
Hauptbahnhof_tief,-3.6664532934860077,0.004610540928324958
Karlsplatz_Stachus,-3.0125325978578092,0.03374047355237855
Marienplatz,-3.0787392213004328,0.028167116095774245
Isartor,-2.5496578850511105,0.10385460663462148
Rosenheimer_Platz,-3.0366323265164152,0.03161214761907289
Ostbahnhof,-2.5508749741732597,0.10358129654044235
Leuchtenbergring,-2.8901801087408394,0.04650189183121306
Pasing,-7.667218201744003,1.6290766520827774e-11
Laim,-9.122029361577335,3.1861517936400168e-15
Hirschgarten,-10.321156434635855,3.0066047720521862e-18
Donnersbergerbruecke,-9.685356405423077,1.174562481121284e-16
Hackerbruecke,-7.696207649513742,1.3771733414341194e-11
Hauptbahnhof_tief,-7.518676887388003,3.842224061064575e-11
Karlsplatz_Stachus,-4.7779446244798285,5.992318832564807e-05
Marienplatz,-6.828098277882375,1.924649519708555e-09
Isartor,-6.777935088045167,2.542494768460268e-09
Rosenheimer_Platz,-5.4206786263247535,3.0644223785177827e-06
Ostbahnhof,-5.46689653854856,2.447394676555828e-06
Leuchtenbergring,-5.602124082165443,1.257839753193419e-06
Pasing,-5.682318473560246,8.431000474529834e-07
Laim,-2.9568394466117858,0.03912639628552678
Hirschgarten,-5.323351905403832,4.897615864144519e-06
Donnersbergerbruecke,-4.78376217306907,5.841227314749224e-05
Hackerbruecke,-4.755791639754902,6.602709198805047e-05
Hauptbahnhof_tief,-4.859104635238091,4.186307495621092e-05
Karlsplatz_Stachus,-4.309074109980667,0.0004284116404786164
Marienplatz,-4.265284183068122,0.0005098881980269776
Isartor,-4.531153011003994,0.00017266463076303325
Rosenheimer_Platz,-3.38156816096106,0.011603491338806688
Ostbahnhof,-3.9668425172564303,0.0015944398200931345
Leuchtenbergring,-4.402749644962514,0.0002935242857338829
Pasing,-5.42299627347191,3.0301661303760877e-06
Laim,-5.843259706691545,3.7343647222109053e-07
Hirschgarten,-11.8815219152508,6.161729156636562e-22
Donnersbergerbruecke,-6.22503796182502,5.113067887413381e-08
Hackerbruecke,-5.964050292132105,2.0072918260648146e-07
Hauptbahnhof_tief,-11.59392968758598,2.7494217880787646e-21
Karlsplatz_Stachus,-6.126273282706965,8.614002491275641e-08
Marienplatz,-5.71314713633577,7.22173405566233e-07
Isartor,-10.125751066581495,9.191593447813219e-18
Rosenheimer_Platz,-3.707498840277203,0.004008904134695329
Ostbahnhof,-4.49293446750646,0.00020250195953363406
Leuchtenbergring,-4.355187951214906,0.00035599058180309896
Pasing,-5.844845166413585,3.7042532913146593e-07
Laim,-3.402290639685163,0.010881031278247733
Hirschgarten,-5.906342246173415,2.703022849094797e-07
Donnersbergerbruecke,-8.578701047947296,7.834571812809901e-14
Hackerbruecke,-13.229045885479023,9.66833985695355e-25
Hauptbahnhof_tief,-4.823661361142486,4.8992358742854793e-05
Karlsplatz_Stachus,-13.367540970906896,5.276630885640338e-25
Marienplatz,-3.905504177872634,0.001994710743088089
Isartor,-11.368293448721975,9.111128567994312e-21
Rosenheimer_Platz,-5.92421916059569,2.4654589018790946e-07
Ostbahnhof,-10.110282183269204,1.0045533399948952e-17
Leuchtenbergring,-5.556593349639294,1.575839360429978e-06
Pasing,-3.2590479837466906,0.016811261503848922
Laim,-4.907148947473952,3.3773995361294604e-05
Hirschgarten,-11.01428326795561,6.212926234850597e-20
Donnersbergerbruecke,-6.753029975834961,2.9183640196515303e-09
Hackerbruecke,-5.333816163052383,4.65823606303083e-06
Hauptbahnhof_tief,-12.421693408113626,4.123358345946787e-23
Karlsplatz_Stachus,-8.414799656938847,2.0574797095752339e-13
Marienplatz,-12.840502942091048,5.6203107003784945e-24
Isartor,-11.556630548555583,3.3467688727279352e-21
Rosenheimer_Platz,-7.245868311926785,1.833003700686954e-10
Ostbahnhof,-11.012894214425733,6.260464569570773e-20
Leuchtenbergring,-9.251905139003664,1.484462289404084e-15
Pasing,-3.1278199694641615,0.02456172406365428
Laim,-8.382181801896294,2.492942572282919e-13
Hirschgarten,-7.824899727272889,6.52103911400788e-12
Donnersbergerbruecke,-2.9563653270214063,0.039175174578411104
Hackerbruecke,-1.9750072264933258,0.2976379123799392
Hauptbahnhof_tief,-2.4777124997361675,0.12099171235899653
Karlsplatz_Stachus,-2.4957292463001637,0.11651690634094564
Marienplatz,-2.4935792055314754,0.11704439993588422
Isartor,-3.5200815743045957,0.007486088285652259
Rosenheimer_Platz,-1.9308926500798995,0.3176706614785437
Ostbahnhof,-3.647631780716437,0.004913051338550533
Leuchtenbergring,-1.4767447449300248,0.5449824190862288
Pasing,-2.834746940745675,0.053479268723468025
Laim,-4.341479934577601,0.0003762098586302823
Hirschgarten,-7.580909406060261,2.6835409230669418e-11
Donnersbergerbruecke,-1.8302774772859862,0.3655367158004259
Hackerbruecke,-1.6485032547180976,0.4578211383314608
Hauptbahnhof_tief,-3.1166990128679437,0.025341816014296456
Karlsplatz_Stachus,-2.740032573891764,0.0673633481086955
Marienplatz,-2.1520168816845415,0.2241188766110901
Isartor,-5.781769681941157,5.106292257080342e-07
Rosenheimer_Platz,-1.8543988347472704,0.3538077908930443
Ostbahnhof,-5.5873157224760295,1.353701131246799e-06
Leuchtenbergring,-2.2501344702154134,0.18855497393916787
Pasing,-3.065115928864257,0.02924480530245077
Laim,-2.9749140267059513,0.037304458109774674
Hirschgarten,-3.8165394295967694,0.0027425564370457136
Donnersbergerbruecke,-3.1062458918235003,0.02609440419378951
Hackerbruecke,-2.6423556068387555,0.08455532287923045
Hauptbahnhof_tief,-3.5227760472227794,0.007421064964644524
Karlsplatz_Stachus,-3.33596954250574,0.013345225093239687
Marienplatz,-2.8762779145786275,0.04817691274152084
Isartor,-3.4599504028038073,0.009077234020792904
Rosenheimer_Platz,-3.357897053225275,0.012480680613693255
Ostbahnhof,-3.380954603237912,0.011625517641322606
Leuchtenbergring,-2.759083773295873,0.06436021818328808
Pasing,-4.43562985581687,0.00025657707649267983
Laim,-7.079722545543226,4.700566575423954e-10
Hirschgarten,-8.143549480105444,1.0129965708487885e-12
Donnersbergerbruecke,-10.189915057320631,6.362131405972966e-18
Hackerbruecke,-7.7449812836761875,1.0377479501017378e-11
Hauptbahnhof_tief,-7.85294503870967,5.538564906674021e-12
Karlsplatz_Stachus,-10.44181873549143,1.5150949432672506e-18
Marienplatz,-7.1284312533477925,3.569566344713873e-10
Isartor,-7.60998402492028,2.268615199660502e-11
Rosenheimer_Platz,-7.409197165400178,7.208890386934206e-11
Ostbahnhof,-8.132979815405074,1.0777638932035415e-12
Leuchtenbergring,-3.849194901706143,0.002442243556632155
Pasing,-9.72136389712767,9.524530645724732e-17
Laim,-11.278223233287848,1.4782751362602347e-20
Hirschgarten,-5.755829667213261,5.823036726781275e-07
Donnersbergerbruecke,-3.416764158922551,0.010400486470153202
Hackerbruecke,-4.801637449913525,5.399502756412822e-05
Hauptbahnhof_tief,-4.624882530905748,0.0001161949270495133
Karlsplatz_Stachus,-6.520222767830228,1.0466786809307749e-08
Marienplatz,-3.9455541477536227,0.001724031376957794
Isartor,-5.063809164861584,1.65685230241836e-05
Rosenheimer_Platz,-4.9101635404734125,3.3320072908091205e-05
Ostbahnhof,-4.63473747454551,0.00011140843259815848
Leuchtenbergring,-5.081285522196026,1.528596896571732e-05
Pasing,-7.7235862953314935,1.1749660161759989e-11
Laim,-14.706231281795969,2.8944934011168013e-27
Hirschgarten,-8.688853828931816,4.0924524486348554e-14
Donnersbergerbruecke,-12.924577154276058,3.811656621706006e-24
Hackerbruecke,-12.427755842476225,4.003416323644603e-23
Hauptbahnhof_tief,-5.430767793719851,2.9179944002131765e-06
Karlsplatz_Stachus,-8.623544413514923,6.01469157083114e-14
Marienplatz,-12.461575105722485,3.3967688027788997e-23
Isartor,-5.491533882854811,2.169746541295761e-06
Rosenheimer_Platz,-8.058816148411568,1.6642785241262935e-12
Ostbahnhof,-11.731641144968135,1.3373211452058711e-21
Leuchtenbergring,-7.85453621729125,5.487466559583194e-12
Pasing,-10.10469291901908,1.0373355282622386e-17
Laim,-2.804601905228022,0.057619419487210506
Hirschgarten,-15.152624725053078,6.763499715970823e-28
Donnersbergerbruecke,-13.714037969960478,1.2224108676845201e-25
Hackerbruecke,-14.64556463197569,3.567191812182425e-27
Hauptbahnhof_tief,-13.671579214123975,1.456305322182252e-25
Karlsplatz_Stachus,-9.041339628271473,5.123716376366535e-15
Marienplatz,-14.014726842631331,3.660208948376903e-26
Isartor,-12.960255214972335,3.2365239436216645e-24
Rosenheimer_Platz,-12.381862196829603,5.008289481382891e-23
Ostbahnhof,-13.088926422052566,1.8053836492641173e-24
Leuchtenbergring,-2.379885013597699,0.14749438055620795
Pasing,-6.4063400307996545,1.9390822104674897e-08
Laim,-1.715422245422077,0.42318450069486463
Hirschgarten,-2.3549123171266446,0.1548683658618285
Donnersbergerbruecke,-1.9813084031949073,0.29482836658438294
Hackerbruecke,-2.1640309559882733,0.21955809095352496
Hauptbahnhof_tief,-2.5460592912195157,0.10466588771159929
Karlsplatz_Stachus,-1.4587476462559819,0.553810733059107
Marienplatz,-2.5882595375988497,0.09544814173507671
Isartor,-2.294418273453343,0.1737745095490555
Rosenheimer_Platz,-1.4183173543379857,0.5734637304561979
Ostbahnhof,-2.2637082117429834,0.18393999286474755
Leuchtenbergring,-2.5324021843652074,0.10778822586768949
Pasing,-5.058807823556474,1.6954292216743723e-05
Laim,-4.919590374655052,3.193819878135335e-05
Hirschgarten,-7.58436710848491,2.630492083953986e-11
Donnersbergerbruecke,-3.6988400890968154,0.004129498936355108
Hackerbruecke,-1.236471225184586,0.6577133163618938
Hauptbahnhof_tief,-4.9475131189533625,2.8161175246358427e-05
Karlsplatz_Stachus,-1.4540950617088173,0.5560854521802854
Marienplatz,-1.1865428183493048,0.6793576973184327
Isartor,-4.166063661761958,0.0007516884831608496
Rosenheimer_Platz,-0.9908090991171695,0.7566016930763939
Ostbahnhof,-1.4152632518559118,0.5749372455558405
Leuchtenbergring,-1.7628522110712694,0.39905417038728963
Pasing,-4.035364969648295,0.001236240681181877
Laim,-4.844760496776536,4.461925592207166e-05
Hirschgarten,-4.344601279577657,0.0003715125682877793
Donnersbergerbruecke,-7.101969771078,4.145652415600162e-10
Hackerbruecke,-5.626730248712494,1.1129977806421371e-06
Hauptbahnhof_tief,-4.573366471114406,0.0001445849888445394
Karlsplatz_Stachus,-4.383147821899394,0.0003178938976940228
Marienplatz,-5.23722069183424,7.377249036307999e-06
Isartor,-4.57756924034502,0.0001420410369849661
Rosenheimer_Platz,-5.529652029894597,1.7995746015885824e-06
Ostbahnhof,-4.856952270262512,4.2265950137964884e-05
Leuchtenbergring,-5.610348693745986,1.2074916342732516e-06
Pasing,-8.607335999866855,6.617753372504251e-14
Laim,-5.88609086625047,2.999274198180521e-07
Hirschgarten,-5.320261018727821,4.970578524227383e-06
Donnersbergerbruecke,-13.716093722199782,1.2121285373054964e-25
Hackerbruecke,-12.617380325424751,1.60580957951448e-23
Hauptbahnhof_tief,-5.267639583348751,6.38723784211818e-06
Karlsplatz_Stachus,-13.916954080869578,5.381804111160151e-26
Marienplatz,-12.609290755157282,1.6689689164956856e-23
Isartor,-8.424181925827645,1.946918228698403e-13
Rosenheimer_Platz,-6.19601612263648,5.962947843723106e-08
Ostbahnhof,-3.4732664201006136,0.008700806678923655
Leuchtenbergring,-5.378185761821828,3.763488564603173e-06
Pasing,-7.168880169103505,2.8386727449461853e-10
Laim,-3.6315282578740953,0.005186106517903007
Hirschgarten,-3.261587440976091,0.016685296645595562
Donnersbergerbruecke,-2.8425167723779694,0.05245250163143615
Hackerbruecke,-3.2297349340262134,0.018326744567481193
Hauptbahnhof_tief,-2.9623882648692677,0.038559297676804424
Karlsplatz_Stachus,-2.4812072545554065,0.12011401407652361
Marienplatz,-2.559108054361023,0.1017466997640395
Isartor,-3.0522652042131644,0.03029344724157346
Rosenheimer_Platz,-2.070649261512821,0.25647924266245387
Ostbahnhof,-2.5207702522375683,0.11050213703161632
Leuchtenbergring,-3.4494067199668885,0.00938557485840059
Pasing,-5.287009434267057,5.8253205200253795e-06
Laim,-3.5736614080280877,0.006284995394818315
Hirschgarten,-3.7387446304133594,0.0036000308105410624
Donnersbergerbruecke,-3.818543202539182,0.002723190937826132
Hackerbruecke,-11.240738808094799,1.809786851714861e-20
Hauptbahnhof_tief,-7.749043737667241,1.0135541729248535e-11
Karlsplatz_Stachus,-6.449343913819854,1.5373219357197495e-08
Marienplatz,-8.116951783380795,1.1839375698131017e-12
Isartor,-9.219894258260256,1.7917300052726122e-15
Rosenheimer_Platz,-7.415774222382634,6.942016331672836e-11
Ostbahnhof,-7.241825430763239,1.875669814107161e-10
Leuchtenbergring,-3.0397914996454043,0.031341792978912285
Pasing,-10.132468160823857,8.843909929823643e-18
Laim,-5.410778852813877,3.2150345813854433e-06
Hirschgarten,-8.243408336088766,5.637303582210626e-13
Donnersbergerbruecke,-7.5863634076955915,2.6003402594149575e-11
Hackerbruecke,-3.979659917857837,0.0015208439219873877
Hauptbahnhof_tief,-11.262558759785254,1.6086002491625206e-20
Karlsplatz_Stachus,-12.031862403425029,2.8617948124485225e-22
Marienplatz,-7.501332401498695,4.245796152741746e-11
Isartor,-6.275174152040717,3.916546953525108e-08
Rosenheimer_Platz,-5.470386936339695,2.406055111223291e-06
Ostbahnhof,-5.316309796520766,5.065387738191946e-06
Leuchtenbergring,-4.843820898145806,4.4805755060356614e-05
Pasing,-10.705171173562572,3.4424583442679416e-19
Laim,-6.213360485835409,5.43967374267783e-08
Hirschgarten,-5.889341363990566,2.9496686604536477e-07
Donnersbergerbruecke,-5.53866469498927,1.7214861459481104e-06
Hackerbruecke,-5.8505743453996635,3.5974107772501055e-07
Hauptbahnhof_tief,-5.520626274402849,1.8812302725331302e-06
Karlsplatz_Stachus,-8.304170726636391,3.9445233614986725e-13
Marienplatz,-5.779375580550937,5.168654720293185e-07
Isartor,-6.121849482536896,8.816619012812849e-08
Rosenheimer_Platz,-7.2581137405234655,1.7095568570440957e-10
Ostbahnhof,-4.498425119593044,0.00019793238196520388
Leuchtenbergring,-5.697360661073701,7.818123150888125e-07
Pasing,-3.153017672452528,0.022870419686133153
Laim,-11.536456885157802,3.723167218519026e-21
Hirschgarten,-11.994125060234527,3.4658381925557552e-22
Donnersbergerbruecke,-11.675824513884587,1.7892541322839006e-21
Hackerbruecke,-11.451816419375296,5.833249919024983e-21
Hauptbahnhof_tief,-10.399027028517983,1.931103082933131e-18
Karlsplatz_Stachus,-12.859990613335743,5.1346822608036104e-24
Marienplatz,-11.807705383437193,9.013569060787865e-22
Isartor,-9.90213752104725,3.3361087878760676e-17
Rosenheimer_Platz,-12.241971274618038,9.978130778872865e-23
Ostbahnhof,-12.750144073089405,8.569455957097383e-24
Leuchtenbergring,-10.497397070033152,1.1063916378505971e-18
Pasing,-7.984472137184041,2.5709341279211053e-12
Laim,-7.925795787598529,3.6217835849367866e-12
Hirschgarten,-6.816134535629772,2.0569512158027194e-09
Donnersbergerbruecke,-5.613742726682228,1.1872923749916963e-06
Hackerbruecke,-6.833590852230532,1.866761427930326e-09
Hauptbahnhof_tief,-10.133046219269866,8.814614986526858e-18
Karlsplatz_Stachus,-5.997723205434244,1.6859284474449336e-07
Marienplatz,-6.915801106927059,1.1803843970755087e-09
Isartor,-9.670334402090464,1.281975893467774e-16
Rosenheimer_Platz,-5.832319646915333,3.9487681872562856e-07
Ostbahnhof,-7.123955172069591,3.661113114649597e-10
Leuchtenbergring,-5.606214111841362,1.232551349562728e-06
Pasing,-4.565885531915443,0.00014922106886099888
Laim,-5.707733481010323,7.42106797977886e-07
Hirschgarten,-4.394580070570813,0.00030345757958117085
Donnersbergerbruecke,-4.730334229965303,7.377765104375884e-05
Hackerbruecke,-4.609371707627355,0.00012412838743855513
Hauptbahnhof_tief,-4.060979371875955,0.0011227980006986397
Karlsplatz_Stachus,-3.864876442429439,0.0023090937904078706
Marienplatz,-3.6241075830110927,0.005316519923646675
Isartor,-3.8548949565656456,0.0023930458382975753
Rosenheimer_Platz,-3.532274205870807,0.007195894864601054
Ostbahnhof,-5.470819760414793,2.400976429540322e-06
Leuchtenbergring,-3.382456501164888,0.011571666291945337
Pasing,-1.4014917472820938,0.5815607475387118
Laim,-2.5618009898967147,0.10115199064346048
Hirschgarten,-6.410437971781434,1.8967192894155857e-08
Donnersbergerbruecke,-10.008949640273734,1.7999765839372346e-17
Hackerbruecke,-9.232201844045688,1.666690135904042e-15
Hauptbahnhof_tief,-9.101000214334752,3.6059625297827606e-15
Karlsplatz_Stachus,-8.54866403236288,9.351849884059984e-14
Marienplatz,-4.533049688387621,0.00017129867419420902
Isartor,-4.61338123883394,0.00012202942571884923
Rosenheimer_Platz,-8.450872860132797,1.6637749430637396e-13
Ostbahnhof,-10.838292288596213,1.640532914355247e-19
Leuchtenbergring,-8.002076683092158,2.3195117077830533e-12
Pasing,-3.5712005480476323,0.00633609060745353
Laim,-4.897288383505517,3.5300687629026694e-05
Hirschgarten,-3.0828831680720956,0.02784611738164951
Donnersbergerbruecke,-12.704306750358349,1.0632647525009691e-23
Hackerbruecke,-7.383629986062116,8.34660105863074e-11
Hauptbahnhof_tief,-8.459644933767235,1.5800080125904494e-13
Karlsplatz_Stachus,-12.13684617166304,1.6858723222302578e-22
Marienplatz,-10.102501445994182,1.0504809788382655e-17
Isartor,-5.090508344348837,1.4648343842269631e-05
Rosenheimer_Platz,-7.204023693076791,2.3253969761754255e-10
Ostbahnhof,-4.090910483027504,0.0010025782856246388
Leuchtenbergring,-3.4588667605818824,0.009108500255563874
Pasing,-8.045765957936256,1.7963929984697463e-12
Laim,-6.575059278452066,7.762751197027136e-09
Hirschgarten,-7.876812355972152,4.8194696163256865e-12
Donnersbergerbruecke,-5.144624456915882,1.1394018262072872e-05
Hackerbruecke,-6.220050798372466,5.25012537102409e-08
Hauptbahnhof_tief,-1.4203505642969463,0.5724818577229963
Karlsplatz_Stachus,-4.183630715982925,0.0007022243018846255
Marienplatz,-5.9883956493121335,1.7695157486181722e-07
Isartor,-5.388608752610328,3.578889201769392e-06
Rosenheimer_Platz,-4.691098615948242,8.74532710426731e-05
Ostbahnhof,-1.4814716294474843,0.5426563393655295
Leuchtenbergring,-6.003596926136425,1.635291493569321e-07
Pasing,-4.458170535614736,0.00023384671833825765
Laim,-13.750024937546295,1.0548017207257944e-25
Hirschgarten,-12.641974058658711,1.428411125252116e-23
Donnersbergerbruecke,-3.1533568582009757,0.02284835778205188
Hackerbruecke,-2.333436298313765,0.16141070738291136
Hauptbahnhof_tief,-3.2990028852833526,0.014923104424365983
Karlsplatz_Stachus,-2.59686030647209,0.09364791610355455
Marienplatz,-3.371710362064128,0.011961908194236445
Isartor,-8.337387437003658,3.244625615290116e-13
Rosenheimer_Platz,-2.6004780408636288,0.09289850635991503
Ostbahnhof,-7.0202215020739,6.572582350629016e-10
Leuchtenbergring,-10.287447047508689,3.6434667890122274e-18
Pasing,-4.421936528773783,0.00027139338300520105
Laim,-14.192859061825297,1.843877327337995e-26
Hirschgarten,-2.7153098793943666,0.0714262533064107
Donnersbergerbruecke,-14.318798347997625,1.1506641475048132e-26
Hackerbruecke,-2.449610075583925,0.1282208713643716
Hauptbahnhof_tief,-5.890671056343396,2.9296086541832216e-07
Karlsplatz_Stachus,-3.745940843663017,0.0035114486833259097
Marienplatz,-3.7718014788894068,0.0032093640298294307
Isartor,-4.008557366622499,0.001366359307660981
Rosenheimer_Platz,-13.512522333697968,2.835139578066311e-25
Ostbahnhof,-13.586178542210146,2.078358715980561e-25
Leuchtenbergring,-3.141658937171882,0.023619948606728013
Pasing,-2.9416989102114974,0.04070943462755245
Laim,-4.565398788348114,0.00014952757213760495
Hirschgarten,-3.454275817804989,0.00924203546489401
Donnersbergerbruecke,-4.851599971619322,4.328400059676169e-05
Hackerbruecke,-5.031854425723515,1.9187276193472167e-05
Hauptbahnhof_tief,-4.948353663172129,2.8054428682086434e-05
Karlsplatz_Stachus,-4.833598372121939,4.688381015508905e-05
Marienplatz,-5.26287630605548,6.533273996457482e-06
Isartor,-3.5806685052327323,0.006141542760837955
Rosenheimer_Platz,-8.454623672182615,1.6274280110630138e-13
Ostbahnhof,-5.150027863852012,1.1110471616339554e-05
Leuchtenbergring,-4.0237712421180865,0.0012910274420188449
Pasing,-10.949905447148348,8.851650096372647e-20
Laim,-14.223029397519712,1.6452685334133135e-26
Hirschgarten,-11.812601581280672,8.788329802479238e-22
Donnersbergerbruecke,-8.924323311238135,1.0209962873667493e-14
Hackerbruecke,-7.257867215508347,1.711958841495128e-10
Hauptbahnhof_tief,-7.469684750494805,5.0936490053099325e-11
Karlsplatz_Stachus,-7.15675715884014,3.0405960292649564e-10
Marienplatz,-6.445139255768768,1.57267533570124e-08
Isartor,-6.083337572440747,1.0790005203490366e-07
Rosenheimer_Platz,-6.3078462725580495,3.289852225806708e-08
Ostbahnhof,-6.240617953741796,4.7071599293866296e-08
Leuchtenbergring,-2.9468538562998026,0.04016454619341252
Pasing,-13.201039156340073,1.0943409893335261e-24
Laim,-12.768780263355744,7.852490909323268e-24
Hirschgarten,-6.1123191797262715,9.269149970745694e-08
Donnersbergerbruecke,-5.825446278430645,4.0895838765936195e-07
Hackerbruecke,-5.156522658595479,1.0778681057517666e-05
Hauptbahnhof_tief,-6.509800015776949,1.1076998780125118e-08
Karlsplatz_Stachus,-6.190976589257575,6.124051968380229e-08
Marienplatz,-5.1074981097943315,1.354038426872611e-05
Isartor,-5.33219805971768,4.6944947316675705e-06
Rosenheimer_Platz,-1.5145199882119489,0.5263166714099551
Ostbahnhof,-5.556700337466486,1.575007346263521e-06
Leuchtenbergring,-6.34309854200263,2.724126935871017e-08
Pasing,-5.66963044991258,8.984223375657055e-07
Laim,-14.274328208409482,1.3574081398558706e-26
Hirschgarten,-5.024049121478059,1.988523211633145e-05
Donnersbergerbruecke,-4.465403122584895,0.00022696799310551718
Hackerbruecke,-7.180536292867915,2.657074186164545e-10
Hauptbahnhof_tief,-6.151739031622572,7.533519899017787e-08
Karlsplatz_Stachus,-13.925739428584532,5.19720835059642e-26
Marienplatz,-4.883732927733082,3.7508192201153844e-05
Isartor,-6.433810014779594,1.6719682556905295e-08
Rosenheimer_Platz,-13.246670262859308,8.945433263507916e-25
Ostbahnhof,-6.166889865406967,6.95506344350528e-08
Leuchtenbergring,-10.689656489673611,3.754383756243649e-19
Pasing,-3.029734936650879,0.03220930246047045
Laim,-3.8255125109945523,0.002656813122345582
Hirschgarten,-2.5276977695448704,0.10887976712159692
Donnersbergerbruecke,-2.540402418036758,0.1059508248929299
Hackerbruecke,-2.4176000496938537,0.1368304158290019
Hauptbahnhof_tief,-2.2940252392203453,0.17390219233575915
Karlsplatz_Stachus,-2.2862525674335488,0.17644013297173516
Marienplatz,-2.1117506756153728,0.23981592293459553
Isartor,-2.1135956102702766,0.23908299684976625
Rosenheimer_Platz,-2.5783682909894994,0.09755102576410574
Ostbahnhof,-2.2247384968516135,0.19738962476125888
Leuchtenbergring,-6.630525128471603,5.7303706106949545e-09
Pasing,-7.917753626853061,3.795809510337098e-12
Laim,-7.729821813132271,1.1332097907554118e-11
Hirschgarten,-4.35689271261862,0.0003535491926656122
Donnersbergerbruecke,-4.071848156694812,0.0010776649882706013
Hackerbruecke,-4.1534206579019814,0.0007892924384899937
Hauptbahnhof_tief,-6.837804843302617,1.8235184906217532e-09
Karlsplatz_Stachus,-4.327728698763706,0.00039758087377048644
Marienplatz,-4.022122170854705,0.0012990016523903131
Isartor,-5.371334206559302,3.889839788073485e-06
Rosenheimer_Platz,-5.877658876986024,3.1317923349765835e-07
Ostbahnhof,-2.4820503197695056,0.11990298193347021
Leuchtenbergring,-6.066322322462994,1.1794323472614491e-07
Pasing,-7.889497245999875,4.475930212218181e-12
Laim,-2.977460184034176,0.03705362591381017
Hirschgarten,-12.645038506390106,1.407759123990938e-23
Donnersbergerbruecke,-11.37044002972394,9.006993499228576e-21
Hackerbruecke,-4.760607538221935,6.465145924452285e-05
Hauptbahnhof_tief,-6.924542575387908,1.1240788815689402e-09
Karlsplatz_Stachus,-7.14441923123345,3.2607077413476146e-10
Marienplatz,-4.264500413253937,0.00051147165134964
Isartor,-5.097741034479092,1.4166363811246016e-05
Rosenheimer_Platz,-4.516842011292821,0.00018331065784550388
Ostbahnhof,-4.439093739935333,0.000252952634350122
Leuchtenbergring,-5.466666868608215,2.4501389435714995e-06
Pasing,-5.986631441415282,1.7857760519664963e-07
Laim,-4.678293607629072,9.241915693163182e-05
Hirschgarten,-4.582029647640753,0.00013938784553376061
Donnersbergerbruecke,-2.151578868451771,0.2242862281937622
Hackerbruecke,-4.0981028560604456,0.0009755414562741335
Hauptbahnhof_tief,-3.399619765694412,0.010971840600840338
Karlsplatz_Stachus,-2.75320194348101,0.06527570932606407
Marienplatz,-3.748222148810943,0.0034837869544721623
Isartor,-4.698153377335487,8.48275221428834e-05
Rosenheimer_Platz,-3.972630577978634,0.0015608047545956566
Ostbahnhof,-4.100303576412285,0.0009674060570510097
Leuchtenbergring,-4.300414678573866,0.00044347842835768957
Pasing,-7.9442277051705865,3.252320528597746e-12
Laim,-6.364153026683411,2.4331278747948513e-08
Hirschgarten,-5.1139811632604175,1.313933013527832e-05
Donnersbergerbruecke,-5.903733151373665,2.739518617180071e-07
Hackerbruecke,-4.756571618138166,6.58024075580876e-05
Hauptbahnhof_tief,-4.9058772191655935,3.3967265309634846e-05
Karlsplatz_Stachus,-11.7339673668694,1.3212324190182727e-21
Marienplatz,-5.1766014357372505,9.812466295094168e-06
Isartor,-5.150421511957001,1.109008365480444e-05
Rosenheimer_Platz,-6.78407090140109,2.457493504110245e-09
Ostbahnhof,-6.361623583060226,2.466401791241992e-08
Leuchtenbergring,-7.392571169756696,7.929786302975189e-11
Pasing,-2.1062887182802523,0.24199340698946786
Laim,-2.5741931542740715,0.09844917769431472
Hirschgarten,-1.4120498759315814,0.5764858176245061
Donnersbergerbruecke,-1.8962302611533126,0.33383658778557634
Hackerbruecke,-2.4046009188272133,0.1404420420638005
Hauptbahnhof_tief,-2.3633287559388587,0.15235514713871334
Karlsplatz_Stachus,-3.348512923439784,0.012844401023879902
Marienplatz,-1.6633862584151913,0.4500687920382417
Isartor,-4.666997104690591,9.702295325445243e-05
Rosenheimer_Platz,-1.7634007078085596,0.39877756313438834
Ostbahnhof,-2.0665206659895055,0.25818808619219646
Leuchtenbergring,-1.4895740671422415,0.5386624497629992
Pasing,-4.909833965438766,3.336941138209178e-05
Laim,-3.3428595193576167,0.013068027789449606
Hirschgarten,-3.391522777648911,0.011251276596381891
Donnersbergerbruecke,-3.2150838391472107,0.019128002045321283
Hackerbruecke,-3.1251168915635765,0.02474940586235152
Hauptbahnhof_tief,-3.1268015908618687,0.024632288269521498
Karlsplatz_Stachus,-3.1537737322897508,0.02282126795637434
Marienplatz,-3.282006800025497,0.015702180782214397
Isartor,-3.1210307463904803,0.025035462617354332
Rosenheimer_Platz,-2.953944679439681,0.03942501008605191
Ostbahnhof,-3.3270423090089007,0.01371211609622727
Leuchtenbergring,-3.110774442988498,0.02576603862799386
Pasing,-5.732089336867264,6.564589171151513e-07
Laim,-14.071862089379845,2.93068703174299e-26
Hirschgarten,-13.835325195921476,7.461649117450909e-26
Donnersbergerbruecke,-8.9080766247136,1.1236085818905163e-14
Hackerbruecke,-4.116755700856641,0.0009085695955678975
Hauptbahnhof_tief,-5.641274463367172,1.0351765116847108e-06
Karlsplatz_Stachus,-13.722447656785196,1.1809119804418176e-25
Marienplatz,-3.354874723168535,0.012596813474421266
Isartor,-5.6125695879469415,1.1942366450242501e-06
Rosenheimer_Platz,-5.461625920542321,2.511131599644264e-06
Ostbahnhof,-5.253137345740556,6.842002577163393e-06
Leuchtenbergring,-4.172956040744701,0.0007319036140980204
Pasing,-1.9474406566867788,0.310082917099364
Laim,-9.474809336699938,4.0160671605943707e-16
Hirschgarten,-9.748709279239224,8.124001483343267e-17
Donnersbergerbruecke,-9.471508970990788,4.0944018059776627e-16
Hackerbruecke,-9.51847478482039,3.110701789260024e-16
Hauptbahnhof_tief,-9.883398132785855,3.718366640373837e-17
Karlsplatz_Stachus,-9.196293245717502,2.058417569203206e-15
Marienplatz,-8.328231656485034,3.4241324014392637e-13
Isartor,-9.595350914497343,1.9851605206434487e-16
Rosenheimer_Platz,-8.315664922454888,3.6867561745750656e-13
Ostbahnhof,-8.01584430881649,2.140083721513285e-12
Leuchtenbergring,-7.737962264033399,1.0809105546059118e-11
Pasing,-5.38550269887543,3.632959274447543e-06
Laim,-9.987068130647545,2.042133884182809e-17
Hirschgarten,-6.24385707439637,4.6268369691183825e-08
Donnersbergerbruecke,-7.492190432172003,4.475176162299516e-11
Hackerbruecke,-5.6590602056522625,9.472029186220467e-07
Hauptbahnhof_tief,-5.021646173293916,2.0104993301578775e-05
Karlsplatz_Stachus,-4.856019490325189,4.244170092016711e-05
Marienplatz,-7.88874815764774,4.495522445140174e-12
Isartor,-5.358323457548493,4.14121329801728e-06
Rosenheimer_Platz,-6.989447092003356,7.81342330733042e-10
Ostbahnhof,-5.574285777115183,1.4439130256324293e-06
Leuchtenbergring,-11.246666110332729,1.7527380322710065e-20
Pasing,-8.0198487851181,2.090540116750567e-12
Laim,-9.808187136079555,5.750640007308922e-17
Hirschgarten,-8.45369614490325,1.636341670447822e-13
Donnersbergerbruecke,-6.527140045604657,1.0080226372021406e-08
Hackerbruecke,-6.033342051810184,1.400893791604519e-07
Hauptbahnhof_tief,-6.941968665347204,1.0196422620382023e-09
Karlsplatz_Stachus,-3.403922384942133,0.010825882324420952
Marienplatz,-5.734661698361941,6.479981291343199e-07
Isartor,-5.801559290500775,4.6182125673165514e-07
Rosenheimer_Platz,-2.776906928465736,0.061648915150248784
Ostbahnhof,-5.653116395986774,9.757586000693773e-07
Leuchtenbergring,-1.2770689119045588,0.639596937535444
Pasing,-2.8541485262453503,0.05094561332223309
Laim,-9.648256466689523,1.458011835828364e-16
Hirschgarten,-9.331275892932004,9.314344659017467e-16
Donnersbergerbruecke,-5.442275254244594,2.7592816900713908e-06
Hackerbruecke,-9.019386917173192,5.830990770942763e-15
Hauptbahnhof_tief,-10.161025453893348,7.5075212254031e-18
Karlsplatz_Stachus,-5.578431411558017,1.4145934071946362e-06
Marienplatz,-9.187515531517649,2.1674567977068793e-15
Isartor,-6.697966654173647,3.955195853174153e-09
Rosenheimer_Platz,-4.576576451642485,0.0001426380967854139
Ostbahnhof,-5.9154998117424435,2.578656848062014e-07
Leuchtenbergring,-5.5670033996342285,1.4968574621266438e-06
Pasing,-5.082615629150986,1.5192383880853705e-05
Laim,-3.967734402596046,0.001589213428044112
Hirschgarten,-14.641522516518236,3.617550447525233e-27
Donnersbergerbruecke,-13.661507153104312,1.5183224581058035e-25
Hackerbruecke,-5.9302731075921855,2.3897420497665274e-07
Hauptbahnhof_tief,-14.536213848345506,5.234055148228543e-27
Karlsplatz_Stachus,-13.783411124229337,9.206239076256119e-26
Marienplatz,-5.760889609420882,5.675911756668012e-07
Isartor,-8.502462195764426,1.2277981778132476e-13
Rosenheimer_Platz,-8.310403119015051,3.8026017511551724e-13
Ostbahnhof,-12.079860019238332,2.2453432255990813e-22
Leuchtenbergring,-5.37227264538544,3.872293325162331e-06
Pasing,-3.979067394754429,0.0015241752428898929
Laim,-14.190859580231475,1.8578981513950226e-26
Hirschgarten,-12.764243501132592,8.021159363881158e-24
Donnersbergerbruecke,-4.438857351449099,0.0002531984267689867
Hackerbruecke,-3.608976824455172,0.005591711103894379
Hauptbahnhof_tief,-13.579599156795146,2.136511992335085e-25
Karlsplatz_Stachus,-8.562995146347468,8.59443745939166e-14
Marienplatz,-8.865247945242757,1.446333671285888e-14
Isartor,-8.312187118463529,3.7629232978652563e-13
Rosenheimer_Platz,-7.763551824449762,9.316421502999165e-12
Ostbahnhof,-8.393459413787186,2.3328567584151727e-13
Leuchtenbergring,-9.089961313451575,3.8480742484937035e-15
Pasing,-3.264545855955259,0.016539595026790952
Laim,-7.0019074416064715,7.28530626058327e-10
Hirschgarten,-5.759928376698982,5.703578554836234e-07
Donnersbergerbruecke,-11.191291761248792,2.3653508275920832e-20
Hackerbruecke,-4.357473608046882,0.00035272091772443946
Hauptbahnhof_tief,-4.650154582561003,0.00010429625251318746
Karlsplatz_Stachus,-3.613018329220072,0.005516967430334573
Marienplatz,-4.334410618632316,0.0003870569263035181
Isartor,-5.3626438068183955,4.056041035600937e-06
Rosenheimer_Platz,-4.776292248451709,6.035912826442621e-05
Ostbahnhof,-6.2891851712421625,3.6345900214512736e-08
Leuchtenbergring,-5.738582465710123,6.353068513687369e-07
Pasing,-2.629211832062858,0.08710880986405228
Laim,-7.764236245968019,9.279449556192379e-12
Hirschgarten,-2.6460155408175225,0.08385475112459295
Donnersbergerbruecke,-3.000003082660398,0.034894112394653024
Hackerbruecke,-4.783300562487961,5.853081377430981e-05
Hauptbahnhof_tief,-4.327408331423418,0.00039809218282990845
Karlsplatz_Stachus,-3.662319658135307,0.004675485079228537
Marienplatz,-4.264621163910595,0.0005112273965427001
Isartor,-3.9670347818320923,0.0015933118125780155
Rosenheimer_Platz,-4.949265761874339,2.7939035854453475e-05
Ostbahnhof,-4.029452023634862,0.0012639057049333411
Leuchtenbergring,-2.4015209668487927,0.14130758713848335
Pasing,-4.4632633156299955,0.0002289828234436105
Laim,-8.358830492088792,2.860117072386432e-13
Hirschgarten,-8.680088067071798,4.3095379493825165e-14
Donnersbergerbruecke,-5.440379395859607,2.7848392180814975e-06
Hackerbruecke,-4.386837573536707,0.0003131649428691582
Hauptbahnhof_tief,-4.301185691386975,0.00044211689252693896
Karlsplatz_Stachus,-3.334033196285646,0.01342405895545703
Marienplatz,-3.3001892256096435,0.014870018220803303
Isartor,-3.780879666720639,0.003109112236513435
Rosenheimer_Platz,-3.0748713638740632,0.028469579407066684
Ostbahnhof,-2.9521369989245922,0.03961245032203384
Leuchtenbergring,-4.434651336621707,0.000257609846794005
Pasing,-2.2269842616801667,0.19659788096999653
Laim,-3.3231271850904975,0.013875813020060253
Hirschgarten,-3.5903730251881827,0.005947764565643748
Donnersbergerbruecke,-3.636765950006978,0.005095816438088422
Hackerbruecke,-8.77534532887987,2.4574635948008527e-14
Hauptbahnhof_tief,-6.7209624326292134,3.4841001106613217e-09
Karlsplatz_Stachus,-12.455152247544227,3.504284257948902e-23
Marienplatz,-5.678942090293234,8.574881887412099e-07
Isartor,-6.611829573242075,6.348619055279797e-09
Rosenheimer_Platz,-11.850880717226314,7.213464259130357e-22
Ostbahnhof,-5.146044482596825,1.1318830815719157e-05
Leuchtenbergring,-1.2182567402889517,0.6656932319937897
Pasing,-2.1569734063747164,0.2222303924017251
Laim,-2.9157645903048044,0.04354526257003044
Hirschgarten,-5.326483495392071,4.824752986949208e-06
Donnersbergerbruecke,-3.6527466211950794,0.0048291024701355946
Hackerbruecke,-3.0045982218408995,0.03446720985740375
Hauptbahnhof_tief,-3.1579322699476915,0.022552550244721414
Karlsplatz_Stachus,-6.980933053268319,8.195892961021249e-10
Marienplatz,-7.244876928416386,1.8433762595925866e-10
Isartor,-6.591318744496599,7.102738842591733e-09
Rosenheimer_Platz,-7.072844305363107,4.886573366439375e-10
Ostbahnhof,-6.71115753674938,3.677775171233259e-09
Leuchtenbergring,-2.6075286521119123,0.09145121022536362
Pasing,-4.507398623896883,0.00019067466177302318
Laim,-5.589570394227163,1.3386590105436841e-06
Hirschgarten,-6.318299761020552,3.111012448780793e-08
Donnersbergerbruecke,-2.182939954394815,0.21249542926543258
Hackerbruecke,-4.0059832079746975,0.0013795034406099646
Hauptbahnhof_tief,-2.0112203415932584,0.2816751442037513
Karlsplatz_Stachus,-1.205225916791935,0.6713436239116133
Marienplatz,-2.3092885246931982,0.16898973557418817
Isartor,0.3275807748194964,0.9785750865929145
Rosenheimer_Platz,0.9396009033659254,0.9935859660070773
Ostbahnhof,-2.618168821782955,0.08929998159648539
Leuchtenbergring,-1.3483386622773246,0.6067776498762736
Pasing,-10.430694729821417,1.6136527072454242e-18
Laim,-5.640175478235009,1.0408664856054229e-06
Hirschgarten,-4.725597315591791,7.531288416908673e-05
Donnersbergerbruecke,-9.064052908931199,4.4822181334933065e-15
Hackerbruecke,-5.489950697279098,2.1866260427955183e-06
Hauptbahnhof_tief,-4.915615710616896,3.2513980931030134e-05
Karlsplatz_Stachus,-8.745425467065298,2.931636470400357e-14
Marienplatz,-5.464412202306545,2.477238841606277e-06
Isartor,-6.263271405110773,4.172891757137375e-08
Rosenheimer_Platz,-6.744026181952203,3.0673442493464318e-09
Ostbahnhof,-5.678587094628267,8.590148238312575e-07
Leuchtenbergring,-9.116581898556632,3.2899564877303393e-15
Pasing,-5.532931577002967,1.7707683311210523e-06
Laim,-13.292971951217012,7.300041664557357e-25
Hirschgarten,-8.760549412091239,2.681504419054395e-14
Donnersbergerbruecke,-6.885704722211266,1.3964277595469905e-09
Hackerbruecke,-6.2329289367998895,4.9033598341899315e-08
Hauptbahnhof_tief,-7.861952982671353,5.255410228162395e-12
Karlsplatz_Stachus,-6.41177750352928,1.883070383438968e-08
Marienplatz,-4.998252359181629,2.237058317611395e-05
Isartor,-4.335482654201793,0.0003853931993885109
Rosenheimer_Platz,-4.134731615769534,0.0008481244123149751
Ostbahnhof,-4.828696819983188,4.7912745477980065e-05
Leuchtenbergring,-4.782583724263309,5.871535385574024e-05
Pasing,0.24767262228958586,0.9748121726533904
Laim,-5.207269499786208,8.496551567130597e-06
Hirschgarten,-1.9774791300897245,0.29653416737544847
Donnersbergerbruecke,-1.1499652086123133,0.6947409353092281
Hackerbruecke,-3.0211214407258313,0.03296845154682166
Hauptbahnhof_tief,-1.6413474644448924,0.46155679042357944
Karlsplatz_Stachus,-2.11374736384343,0.23902276876337453
Marienplatz,-3.483142736803674,0.008430726650606653
Isartor,-1.5713061977828338,0.4979893480943058
Rosenheimer_Platz,-3.644897652266911,0.004958469107059984
Ostbahnhof,-1.0237988328463232,0.7444855699165269
Leuchtenbergring,-1.3696658900834988,0.5967292134783471
Pasing,-2.8078155482307032,0.057166015986289793
Laim,-2.51623560886971,0.1115738341812273
Hirschgarten,-12.396667894897258,4.658659493366447e-23
Donnersbergerbruecke,-12.558277657268958,2.1303695936513046e-23
Hackerbruecke,-12.246353195556473,9.763526526071496e-23
Hauptbahnhof_tief,-3.5489125631986544,0.006816264201217681
Karlsplatz_Stachus,-4.221682617371463,0.0006053744097921675
Marienplatz,-7.4035110878772485,7.447802541979892e-11
Isartor,-10.31198233956918,3.1679053158314175e-18
Rosenheimer_Platz,-3.5520262599775894,0.0067472635704284925
Ostbahnhof,-3.0084604426923516,0.034111819807883303
Leuchtenbergring,-3.3333036009142747,0.01345386943779756
Pasing,-3.48255773934714,0.008446511871637037
Laim,-4.060756203219792,0.0011237429563084492
Hirschgarten,-3.3683326653052412,0.012086960092318468
Donnersbergerbruecke,-3.5135112865519655,0.0076468006255916935
Hackerbruecke,-4.391605571911431,0.0003071527137758359
Hauptbahnhof_tief,-4.77312521717048,6.12031901640343e-05
Karlsplatz_Stachus,-3.54743852594827,0.006849151184385719
Marienplatz,-1.5005069328194023,0.5332605516027571
Isartor,-5.204768147383102,8.597138299517999e-06
Rosenheimer_Platz,-1.924258096442582,0.3207367845606556
Ostbahnhof,-4.15715215392937,0.000778014160088231
Leuchtenbergring,-3.7154782660763392,0.003900631691381532
Pasing,-2.26064119820525,0.18497622850483408
Laim,-14.27560750097492,1.3509449361016662e-26
Hirschgarten,-11.311551187064104,1.235444547175407e-20
Donnersbergerbruecke,-10.467355048693266,1.3111829689767037e-18
Hackerbruecke,-5.158448140831456,1.0682173016515513e-05
Hauptbahnhof_tief,-7.612297987624886,2.2384730801881185e-11
Karlsplatz_Stachus,-7.015020021786674,6.767677681621702e-10
Marienplatz,-6.320506375219223,3.0745023614111684e-08
Isartor,-6.1308410058393505,8.409592088966653e-08
Rosenheimer_Platz,-5.407463896355096,3.2670573147239912e-06
Ostbahnhof,-5.869037280974147,3.2732129213156605e-07
Leuchtenbergring,-7.986041585052929,2.5474588783171626e-12
Pasing,-4.7567813417773985,6.574211866691363e-05
Laim,-6.1295636448298785,8.466270686241525e-08
Hirschgarten,-5.494368764897402,2.1398381520282474e-06
Donnersbergerbruecke,-5.167421527426993,1.0243332989741202e-05
Hackerbruecke,-3.5815578904352843,0.0061235485376656025
Hauptbahnhof_tief,-5.106749827992676,1.3587429066559648e-05
Karlsplatz_Stachus,-5.46852004840368,2.4280808936334664e-06
Marienplatz,-6.615192621636523,6.232747131212924e-09
Isartor,-4.961046670442427,2.6489072988986132e-05
Rosenheimer_Platz,-4.506271193073506,0.00019157241451533041
Ostbahnhof,-5.567743440375267,1.491391999778285e-06
Leuchtenbergring,-4.958100273751722,2.6844755834168856e-05
Pasing,-8.319187008027729,3.6111869845102674e-13
Laim,-11.857390620959446,6.975695875273955e-22
Hirschgarten,-12.72021482302613,9.864364349383043e-24
Donnersbergerbruecke,-11.824243977319094,8.275450532914241e-22
Hackerbruecke,-7.530778747535938,3.5834388440518545e-11
Hauptbahnhof_tief,-7.354409670491356,9.866361204164569e-11
Karlsplatz_Stachus,-10.070193432632578,1.2649314643179096e-17
Marienplatz,-7.429400028734766,6.419933516683431e-11
Isartor,-6.988311407099497,7.863401366724934e-10
Rosenheimer_Platz,-9.645998661962045,1.477330037575473e-16
Ostbahnhof,-6.334872435522819,2.8469011389607814e-08
Leuchtenbergring,-7.609012317333841,2.2813927876739784e-11
Pasing,-2.502437648442779,0.11488234461245161
Laim,-10.659680106894394,4.440292752501785e-19
Hirschgarten,-10.639900156437431,4.960905597520783e-19
Donnersbergerbruecke,-4.286573454235301,0.00046860451842196813
Hackerbruecke,-9.103971019524653,3.5434517978304456e-15
Hauptbahnhof_tief,-3.691485809733123,0.004234520264576854
Karlsplatz_Stachus,-3.5582549841171125,0.0066111238761252895
Marienplatz,-8.500277758105572,1.2437009465923654e-13
Isartor,-3.6838302673493306,0.004346430965101287
Rosenheimer_Platz,-3.819670066724307,0.002712355778004801
Ostbahnhof,-8.313277957536847,3.7388654262913847e-13
Leuchtenbergring,-9.070927124815857,4.304409700837641e-15
Pasing,-4.20678450583199,0.0006416912838977319
Laim,-4.648947389812715,0.00010483711161814332
Hirschgarten,-3.8330766857668612,0.0025864600029721066
Donnersbergerbruecke,-2.9041301479683104,0.04486982116236764
Hackerbruecke,-3.050216284591274,0.03046356928048743
Hauptbahnhof_tief,-4.621354717912928,0.0001179556193951756
Karlsplatz_Stachus,-3.4063434400215633,0.010744515644419157
Marienplatz,-2.3687601092101715,0.15074842503133123
Isartor,-5.078029096217308,1.5517444877657117e-05
Rosenheimer_Platz,-3.6566064664098157,0.004766619033359108
Ostbahnhof,-2.5244941092447135,0.10962781234531455
Leuchtenbergring,-4.287827161908854,0.0004662744613572228
Pasing,-2.883997723816857,0.04724074030903815
Laim,-2.4005133611388074,0.14159156872205497
Hirschgarten,-3.918433669538459,0.0019032968293182277
Donnersbergerbruecke,-4.57626361642494,0.00014282673015840477
Hackerbruecke,-4.132064376848125,0.0008568485114478089
Hauptbahnhof_tief,-5.211090807867534,8.345082933614805e-06
Karlsplatz_Stachus,-4.151012516300981,0.0007966521962519143
Marienplatz,-3.939200845037938,0.0017645617977232507
Isartor,-4.003375378601394,0.0013929395459418552
Rosenheimer_Platz,-4.0229878030398245,0.0012948101130569503
Ostbahnhof,-5.937778860754898,2.2990245279880574e-07
Leuchtenbergring,-4.753193822338927,6.678074764192006e-05
Pasing,-3.9656882676272325,0.0016012273722667484
Laim,-5.2883527944101445,5.78818035011444e-06
Hirschgarten,-5.903725548234571,2.739625671053127e-07
Donnersbergerbruecke,-12.865939940064772,4.995175452052433e-24
Hackerbruecke,-8.429547507238004,1.8863766777895076e-13
Hauptbahnhof_tief,-5.8038869956098305,4.563892912735436e-07
Karlsplatz_Stachus,-5.4264010443276405,2.980515925030265e-06
Marienplatz,-8.478251513000302,1.416008412762015e-13
Isartor,-3.3245058950152724,0.013817971257397883
Rosenheimer_Platz,-5.322993284598109,4.906027762325545e-06
Ostbahnhof,-5.892832519525468,2.8972850602356146e-07
Leuchtenbergring,-5.872133201780248,3.221725438559743e-07
Pasing,-7.660116970815335,1.6974662539781006e-11
Laim,-12.57665539747162,1.9507212628032037e-23
Hirschgarten,-12.210169014233777,1.1687028199865235e-22
Donnersbergerbruecke,-11.654013424971883,2.0055745974531267e-21
Hackerbruecke,-8.343206987256536,3.135441791461782e-13
Hauptbahnhof_tief,-10.965336881410211,8.130535836927741e-20
Karlsplatz_Stachus,-1.8905721036856598,0.33650920599292317
Marienplatz,-10.13067477843782,8.935420509783073e-18
Isartor,-5.891782740306705,2.912940129474694e-07
Rosenheimer_Platz,-2.8238259612136556,0.05495017095837087
Ostbahnhof,-4.709323161754174,8.082385203528431e-05
Leuchtenbergring,-1.6596577630718177,0.4520086119877608
Pasing,-6.181568557164834,6.436332707189048e-08
Laim,-5.332764302791585,4.681775228157941e-06
Hirschgarten,-8.321943100574616,3.5531323546607503e-13
Donnersbergerbruecke,-7.100957341495436,4.1694341683239704e-10
Hackerbruecke,-8.12036744627673,1.1604703222288613e-12
Hauptbahnhof_tief,-6.841288963731573,1.7885142292562677e-09
Karlsplatz_Stachus,-6.325143470832629,2.999146407386442e-08
Marienplatz,-5.857760251116329,3.467657776303691e-07
Isartor,-5.242043232599443,7.210931473575055e-06
Rosenheimer_Platz,-6.133760388004774,8.281449381402917e-08
Ostbahnhof,-5.373313432366606,3.852923136065301e-06
Leuchtenbergring,-10.228976424247884,5.0877877547826235e-18
Pasing,-2.4900408825697213,0.11791632828021154
Laim,-5.277470237268377,6.095782262457259e-06
Hirschgarten,-4.893067345074632,3.5974324016440175e-05
Donnersbergerbruecke,-6.436909518010913,1.64420564539637e-08
Hackerbruecke,-5.4627525130073336,2.4973735685405187e-06
Hauptbahnhof_tief,-3.329897057130258,0.01359383352485942
Karlsplatz_Stachus,-5.550345615911694,1.6251761475099751e-06
Marienplatz,-4.771199906456722,6.172183458538519e-05
Isartor,-5.072525845790082,1.5916348730053814e-05
Rosenheimer_Platz,-4.434010269021668,0.00025828859416340486
Ostbahnhof,-3.885379030522282,0.0021451234979825195
Leuchtenbergring,-3.8693842497957474,0.0022720790986975785
Pasing,-1.2754005097802796,0.6403501347166519
Laim,-3.504182357594418,0.007880329689955312
Hirschgarten,-3.39175435469221,0.011243197427364295
Donnersbergerbruecke,-3.376089648131526,0.011801486270212685
Hackerbruecke,-3.100940196641293,0.026483687919427207
Hauptbahnhof_tief,-2.69934500604179,0.07415168019748346
Karlsplatz_Stachus,-2.704849294830235,0.07320288182971577
Marienplatz,-4.0691390615755045,0.0010887531816778271
Isartor,-2.7291709834763616,0.06912500657549754
Rosenheimer_Platz,-2.8702361370393175,0.04892022116088778
Ostbahnhof,-2.565543159040192,0.10032994223692948
Leuchtenbergring,-2.5983060438959265,0.09334787938546424
Pasing,-2.2246214636095223,0.19743094053394233
Laim,-3.2056599782197055,0.019659386172211836
Hirschgarten,-3.253355121808235,0.017096679243810555
Donnersbergerbruecke,-3.3538418216273596,0.012636721784850242
Hackerbruecke,-4.217913364984644,0.0006143753291754932
Hauptbahnhof_tief,-3.7936212781262513,0.002973256068886362
Karlsplatz_Stachus,-3.5073611782054677,0.007800043760774493
Marienplatz,-4.257646254966407,0.0005255180597165519
Isartor,-4.06854736537616,0.0010911891108575866
Rosenheimer_Platz,-3.4315339561942326,0.009929718609799031
Ostbahnhof,-4.763979467716731,6.37046865300849e-05
Leuchtenbergring,-3.476772478904416,0.008604052895155824
Pasing,-12.642507296899035,1.4247953392868118e-23
Laim,-9.171872593758989,2.3763271239851587e-15
Hirschgarten,-12.144670933802635,1.6210225377699552e-22
Donnersbergerbruecke,-7.833344099194393,6.208247490928337e-12
Hackerbruecke,-12.948734272034583,3.411788355551903e-24
Hauptbahnhof_tief,-8.777474077508387,2.4268085889688122e-14
Karlsplatz_Stachus,-8.414862119446685,2.0567233051534392e-13
Marienplatz,-4.828701184443727,4.7911819714628893e-05
Isartor,-8.578447404183832,7.846293348247422e-14
Rosenheimer_Platz,-6.385231959394176,2.1724912899567535e-08
Ostbahnhof,-8.725263563128117,3.301743931064237e-14
Leuchtenbergring,-9.964199935535905,2.3303327778579307e-17
Pasing,-5.128493172115025,1.2282780593913011e-05
Laim,-3.4158347838059067,0.010430764598465538
Hirschgarten,-6.4970666919749185,1.187022840451831e-08
Donnersbergerbruecke,-4.103522808025813,0.0009556198539096342
Hackerbruecke,-5.064772948438044,1.6495163853533742e-05
Hauptbahnhof_tief,-5.841629785801055,3.765570209412246e-07
Karlsplatz_Stachus,-4.922019703203601,3.1591124754475836e-05
Marienplatz,-5.007060524078634,2.1490056076203145e-05
Isartor,-7.047620264917346,5.633232414397003e-10
Rosenheimer_Platz,-4.114349383713921,0.0009169606696173674
Ostbahnhof,-3.86200722343059,0.0023329430667888163
Leuchtenbergring,-3.451784396269348,0.00931523424875054
Pasing,-4.152310016683822,0.0007926788153859613
Laim,-6.171249542135701,6.796852992351228e-08
Hirschgarten,-12.348698987497507,5.892022163262898e-23
Donnersbergerbruecke,-12.630194184455732,1.510730649520075e-23
Hackerbruecke,-6.527100708413561,1.0082384366813175e-08
Hauptbahnhof_tief,-5.841784262611909,3.7626017782788785e-07
Karlsplatz_Stachus,-5.361211278174601,4.08409189455399e-06
Marienplatz,-5.103351185100881,1.38030989746462e-05
Isartor,-5.046109666602902,1.7973105800722342e-05
Rosenheimer_Platz,-4.0639597366989815,0.001110249291141776
Ostbahnhof,-4.528605947516962,0.00017451530730051482
Leuchtenbergring,-4.684546128938441,8.996159591078628e-05
Pasing,-5.646650207654157,1.007778140083806e-06
Laim,-6.325503598974216,2.993370715301819e-08
Hirschgarten,-5.803306075056685,4.5773905575446356e-07
Donnersbergerbruecke,-5.261681122150375,6.5704218808780864e-06
Hackerbruecke,-4.702659424024317,8.3190060173573e-05
Hauptbahnhof_tief,-4.387112841918627,0.00031281483083403386
Karlsplatz_Stachus,-3.965297714419001,0.00160353009133943
Marienplatz,-4.1305454244168835,0.0008618542780941934
Isartor,-3.687300250837721,0.004295375367882673
Rosenheimer_Platz,-4.157715634725592,0.0007763242669526227
Ostbahnhof,-4.050465531773951,0.0011681321677947203
Leuchtenbergring,-3.7735757100990295,0.0031895404383664463
Pasing,-12.416720387716898,4.224485486608492e-23
Laim,-5.060977733689048,1.6785866725778926e-05
Hirschgarten,-12.060796734548708,2.472119845232588e-22
Donnersbergerbruecke,-11.595101374116172,2.732519726126575e-21
Hackerbruecke,-3.198665222243089,0.020062071516159723
Hauptbahnhof_tief,-7.680416899036693,1.509160142883021e-11
Karlsplatz_Stachus,-10.21309704455599,5.571511444080567e-18
Marienplatz,-2.939075114104016,0.04098913903696494
Isartor,-9.287558174500289,1.2039646962411587e-15
Rosenheimer_Platz,-8.98952443223812,6.952623219568122e-15
Ostbahnhof,-4.220415737344911,0.0006083857619312513
Leuchtenbergring,-6.6315960479303575,5.696813680026978e-09
Pasing,-2.977387553948615,0.03706076128995812
Laim,-3.081707574196277,0.02793686159218355
Hirschgarten,-3.2747284581123735,0.01604660403562681
Donnersbergerbruecke,-2.9068711732504697,0.04455478817387681
Hackerbruecke,-3.030732576678022,0.03212234193966576
Hauptbahnhof_tief,-2.7330475080091534,0.0684921000781184
Karlsplatz_Stachus,-3.7763480392132274,0.0031587901949237953
Marienplatz,-3.120620071727623,0.02506436932555033
Isartor,-3.7586720700042027,0.0033596145082290677
Rosenheimer_Platz,-3.5544052308024368,0.00669497075717521
Ostbahnhof,-3.1035148855869354,0.02629416235523537
Leuchtenbergring,-2.6102555796957483,0.09089611882864623
Pasing,-2.5315000173348983,0.10799691349975099
Laim,-2.232204648056087,0.19476529506046264
Hirschgarten,-3.1730927642798243,0.021595967197163148
Donnersbergerbruecke,-4.336341231580638,0.0003840656240014829
Hackerbruecke,-8.664763786804489,4.71706171947972e-14
Hauptbahnhof_tief,-13.169259478676254,1.2602309442973892e-24
Karlsplatz_Stachus,-8.480762223345884,1.395221516889482e-13
Marienplatz,-6.903137491124488,1.266934074197785e-09
Isartor,-8.259909883306033,5.116464394328993e-13
Rosenheimer_Platz,-8.853195021297148,1.55285308356586e-14
Ostbahnhof,-12.050628973580448,2.60248555537291e-22
Leuchtenbergring,-3.9556941066999585,0.001661131104593195
Pasing,-4.739744647933598,7.081619864004965e-05
Laim,-3.934375513548864,0.001795933686085123
Hirschgarten,-3.3701236614465593,0.012020508503794446
Donnersbergerbruecke,-14.903365428589462,1.4954619300427972e-27
Hackerbruecke,-5.003687144787999,2.182326003352264e-05
Hauptbahnhof_tief,-5.3340339890636335,4.653375801813338e-06
Karlsplatz_Stachus,-4.197881037359196,0.0006643632857404178
Marienplatz,-2.547687326725232,0.10429826801317427
Isartor,-4.530023115065914,0.0001734832864622019
Rosenheimer_Platz,-6.169113246509023,6.873931302676296e-08
Ostbahnhof,-4.477800822239683,0.00021562189085314192
Leuchtenbergring,-4.184920909906325,0.0006987147123461347
Pasing,-8.426169003311742,1.924274489483707e-13
Laim,-5.996123265377113,1.6999857492860593e-07
Hirschgarten,-2.3953336961697773,0.14305777222645116
Donnersbergerbruecke,-5.9011329313805145,2.776370158120072e-07
Hackerbruecke,-6.864363983907495,1.5728774913954285e-09
Hauptbahnhof_tief,-2.495354605204416,0.11660869474089314
Karlsplatz_Stachus,-3.301695845654351,0.014802840115587123
Marienplatz,-4.274691861206903,0.0004912390481025744
Isartor,-3.4268005906924954,0.010078472438379334
Rosenheimer_Platz,-4.210285280747792,0.0006329777769542921
Ostbahnhof,-2.5656057322663854,0.10031623984444732
Leuchtenbergring,-4.044859474524215,0.0011929977737512858
Pasing,-2.3175499885593505,0.16637020745452918
Laim,-3.4848352280164194,0.008385206587730721
Hirschgarten,-12.975346947775687,3.020838371116447e-24
Donnersbergerbruecke,-2.4217935339587906,0.13567958031964455
Hackerbruecke,-8.619090678276546,6.17470487303511e-14
Hauptbahnhof_tief,-5.902119931415358,2.7623251250537425e-07
Karlsplatz_Stachus,-5.0175079890266945,2.0488953934242668e-05
Marienplatz,-4.45837873487356,0.00023364596687693332
Isartor,-4.434783322347236,0.00025747031368605905
Rosenheimer_Platz,-3.800301605550776,0.002904230681042507
Ostbahnhof,-4.359274872269824,0.000350164229032871
Leuchtenbergring,-4.746397529959151,6.879162888729395e-05
Pasing,-8.636828326871735,5.56162362384901e-14
Laim,-11.74207790650116,1.2666604403880473e-21
Hirschgarten,-10.45190758838078,1.4309650969396038e-18
Donnersbergerbruecke,-4.298384928365131,0.00044708173135088057
Hackerbruecke,-6.0853150919338646,1.067887226726418e-07
Hauptbahnhof_tief,-5.291965598092055,5.6894323274156e-06
Karlsplatz_Stachus,-5.050676399943561,1.7600076302661374e-05
Marienplatz,-4.696916917595225,8.528220743220782e-05
Isartor,-4.378042805394808,0.0003245483603635079
Rosenheimer_Platz,-4.507638106707893,0.00019048448204068334
Ostbahnhof,-4.010104695295473,0.0013585146094986346
Leuchtenbergring,-3.94816812417067,0.0017076080855687914
Pasing,-11.48022545988179,5.015546355375836e-21
Laim,-4.932205127442456,3.0175069717588864e-05
Hirschgarten,-3.811773394707106,0.0027891288207539354
Donnersbergerbruecke,-9.867292853143468,4.08191927188018e-17
Hackerbruecke,-3.9933775636134565,0.0014455880298800627
Hauptbahnhof_tief,-4.208579308896776,0.000637209981022538
Karlsplatz_Stachus,-5.057045715540147,1.709226417243173e-05
Marienplatz,-4.204788172396147,0.0006467105884446757
Isartor,-5.842544301434348,3.7480301610890104e-07
Rosenheimer_Platz,-3.548802888313418,0.006818706216960018
Ostbahnhof,-4.19310441630818,0.0006768349033154965
Leuchtenbergring,-8.952636716753805,8.640743916037309e-15
Pasing,-2.132098939524286,0.23180482722779433
Laim,-1.8888903223601492,0.3373053669035926
Hirschgarten,-2.3734824787658018,0.14936106524352766
Donnersbergerbruecke,-2.4018143103353435,0.14122498767664837
Hackerbruecke,-3.6577533345861135,0.004748195936006607
Hauptbahnhof_tief,-3.6350133918342635,0.005125867486076122
Karlsplatz_Stachus,-3.0054431090511975,0.03438919958465115
Marienplatz,-4.065872632736958,0.0011022642930413702
Isartor,-2.9341781020127127,0.041515468586139005
Rosenheimer_Platz,-3.4404670360018326,0.009654318504938546
Ostbahnhof,-2.7015508598512405,0.07377028682345478
Leuchtenbergring,-3.3407248903853524,0.013153357990160286
Pasing,-12.042962118987804,2.7054015964579175e-22
Laim,-5.91375755920969,2.601878014955855e-07
Hirschgarten,-5.073688059809964,1.5831289024870045e-05
Donnersbergerbruecke,-7.747156851195346,1.0247208690971396e-11
Hackerbruecke,-1.7959441032797898,0.38247718492120514
Hauptbahnhof_tief,-7.7253348653606055,1.163104695628599e-11
Karlsplatz_Stachus,-7.386078947075832,8.230321813082095e-11
Marienplatz,-4.171481926750668,0.0007360935540431428
Isartor,-6.181745762663238,6.430308648253082e-08
Rosenheimer_Platz,-4.021767997093355,0.001300720266772256
Ostbahnhof,-2.2642300408379197,0.18376406480532226
Leuchtenbergring,-3.460332250017716,0.009066239555114944
Pasing,-4.18353010394624,0.0007024986821427275
Laim,-4.25814660491319,0.0005244804995069999
Hirschgarten,-4.79763556736882,5.495519183637146e-05
Donnersbergerbruecke,-2.3208690626714534,0.16532559062873298
Hackerbruecke,-10.898733470085928,1.1739639751718827e-19
Hauptbahnhof_tief,-2.2927887773277784,0.17430428341732562
Karlsplatz_Stachus,-10.378967986382564,2.1640567399266925e-18
Marienplatz,-11.046320224672275,5.2122792951379126e-20
Isartor,-1.9490162039914194,0.3093649990670992
Rosenheimer_Platz,-5.738695333807031,6.349451242713609e-07
Ostbahnhof,-5.851806127126979,3.5748364759696e-07
Leuchtenbergring,-8.253543083059112,5.3114760230303e-13
Pasing,-3.1710037925611103,0.02172564910800559
Laim,-3.690086488444095,0.004254777210111996
Hirschgarten,-3.7246486373156267,0.00377950856076598
Donnersbergerbruecke,-2.344041342360215,0.15815677131112504
Hackerbruecke,-3.2549263120310465,0.01701748468146195
Hauptbahnhof_tief,-3.146555815062337,0.023294255548524278
Karlsplatz_Stachus,-3.332330685974779,0.013493712800562632
Marienplatz,-3.2913072780369905,0.015271539132699841
Isartor,-3.150491919711921,0.02303528423143523
Rosenheimer_Platz,-2.2514227842229673,0.1881137503344787
Ostbahnhof,-3.0028985428398354,0.03462459805560683
Leuchtenbergring,-2.7643142347289142,0.06355479738408285
Pasing,-13.035857203868963,2.2941207164751097e-24
Laim,-2.894597513250683,0.045979849675995624
Hirschgarten,-10.794849676755709,2.088145573919654e-19
Donnersbergerbruecke,-13.105876974554597,1.6729726408160228e-24
Hackerbruecke,-12.90381189614955,4.193764165736267e-24
Hauptbahnhof_tief,-5.422184190621496,3.0421266213080764e-06
Karlsplatz_Stachus,-2.971671210873135,0.03762598644107039
Marienplatz,-5.267668763077697,6.386353057666625e-06
Isartor,-5.170371019975511,1.0102937495016612e-05
Rosenheimer_Platz,-6.560614049624281,8.399628421279393e-09
Ostbahnhof,-4.722620351101506,7.629332431505758e-05
Leuchtenbergring,-4.365682883977739,0.00034121025232804707
Pasing,0.336656039341105,0.9789651356127641
Laim,-4.734422737096165,7.247671043156335e-05
Hirschgarten,-6.899267715737726,1.2946129462825002e-09
Donnersbergerbruecke,-2.598118663903432,0.0933867251110122
Hackerbruecke,-4.853783047911411,4.2865948045333254e-05
Hauptbahnhof_tief,-6.693251171346447,4.0593001933204445e-09
Karlsplatz_Stachus,-4.604163384655773,0.00012690640257635824
Marienplatz,-4.0969939750815385,0.000979664873013811
Isartor,-6.002233346456873,1.6469122473722333e-07
Rosenheimer_Platz,-4.214148341322093,0.0006234917663782714
Ostbahnhof,-5.0968620290060365,1.4224111399662084e-05
Leuchtenbergring,-4.561501850616616,0.00015200320687143237
Pasing,-5.761084564832027,5.67031644962804e-07
Laim,-10.616867900183765,5.645347768944836e-19
Hirschgarten,-9.54917307891389,2.5997087389937017e-16
Donnersbergerbruecke,-10.572423424601135,7.247570198626289e-19
Hackerbruecke,-8.226562903869818,6.223565755132958e-13
Hauptbahnhof_tief,-4.7528847865595125,6.687094918894957e-05
Karlsplatz_Stachus,-5.008617693259239,2.133790783876572e-05
Marienplatz,-3.8193929109208264,0.0027150170291442796
Isartor,-3.921246918833393,0.0018839281603690934
Rosenheimer_Platz,-3.393467329319529,0.011183596047721936
Ostbahnhof,-3.794987141631698,0.0029590215191176443
Leuchtenbergring,-3.624614840721145,0.005307511167765232
Pasing,-5.704418705692924,7.545761708995296e-07
Laim,-5.78289918299938,5.077126565499999e-07
Hirschgarten,-5.08435373312588,1.5070926452786305e-05
Donnersbergerbruecke,-5.488238863583086,2.2050209824420078e-06
Hackerbruecke,-4.933603496648398,2.99854950464445e-05
Hauptbahnhof_tief,-4.8395797623969425,4.565693002353806e-05
Karlsplatz_Stachus,-4.726542425304734,7.500415136191794e-05
Marienplatz,-4.0481419333984014,0.0011783791597409475
Isartor,-4.204104451274992,0.0006484381145334223
Rosenheimer_Platz,-3.9862237965869047,0.0014843904769041088
Ostbahnhof,-4.4568205438833575,0.0002351523981612799
Leuchtenbergring,-4.028308185075906,0.0012693236275825798
Pasing,-3.6483630375977296,0.004900968498285479
Laim,-2.717344607233273,0.07108468366174223
Hirschgarten,-4.8999165042294495,3.4887413060524566e-05
Donnersbergerbruecke,-2.8034210662977688,0.05778675233875046
Hackerbruecke,-8.259100679030283,5.140848132555298e-13
Hauptbahnhof_tief,-5.149559174411798,1.1134793436448439e-05
Karlsplatz_Stachus,-2.7341186569522042,0.06831803476512732
Marienplatz,-4.367141336025326,0.00033920284234890995
Isartor,-4.336586345955737,0.000383687410084096
Rosenheimer_Platz,-2.9590866988211233,0.038895886676908
Ostbahnhof,-3.3000517064335377,0.014876163371470129
Leuchtenbergring,-3.8360845391802165,0.002558965100678936
Pasing,-3.5152130820884513,0.0076048784028538725
Laim,-6.216600131434408,5.34706369014559e-08
Hirschgarten,-6.090055519922352,1.0417022510728151e-07
Donnersbergerbruecke,-5.987115870822163,1.7812966463979296e-07
Hackerbruecke,-9.660906969929933,1.3543709788564747e-16
Hauptbahnhof_tief,-6.488010153941938,1.2468221483957147e-08
Karlsplatz_Stachus,-6.5768689270976495,7.686400615140236e-09
Marienplatz,-4.483422594111667,0.00021065654048635227
Isartor,-4.676014300334932,9.333091040746344e-05
Rosenheimer_Platz,-4.4105353657637,0.00028434518208804145
Ostbahnhof,-5.533593692383948,1.7650073057752852e-06
Leuchtenbergring,-4.624437086644114,0.0001164158509312726
Pasing,-0.6254222542570992,0.8651335539413069
Laim,-0.36008598886487875,0.9165527264920434
Hirschgarten,-0.6093801035574294,0.8688483898676307
Donnersbergerbruecke,0.011146226805365722,0.9594442214883299
Hackerbruecke,-2.661296039833686,0.08097851707597148
Hauptbahnhof_tief,-4.289063044738281,0.00046398823795231516
Karlsplatz_Stachus,-3.472566018564408,0.008720251670279122
Marienplatz,-3.539470852846427,0.007029410286234226
Isartor,-3.5019537968748993,0.00793705796905118
Rosenheimer_Platz,-4.585611602587515,0.00013729147119278997
Ostbahnhof,-4.071302705239029,0.0010798889720033216
Leuchtenbergring,-5.978608588714913,1.861587305969531e-07
Pasing,-5.561255414700183,1.5399781561497593e-06
Laim,-3.9070477273392243,0.0019835876082448475
Hirschgarten,-2.1449133212916665,0.22684221627071655
Donnersbergerbruecke,-11.660157288084898,1.9420819072219063e-21
Hackerbruecke,-2.8636232416180047,0.049744595783167124
Hauptbahnhof_tief,-5.560573052078755,1.5451768507617004e-06
Karlsplatz_Stachus,-3.376154438379751,0.011799127296745876
Marienplatz,-3.3917619942729487,0.01124293098868163
Isartor,-3.880224184463943,0.0021853039332388182
Rosenheimer_Platz,-4.074766598063576,0.0010658381091668795
Ostbahnhof,-3.968508622474236,0.0015846894667112482
Leuchtenbergring,-4.316924595474429,0.00041517141468130415
Pasing,-11.499732284076508,4.522336514475923e-21
Laim,-7.541265043910829,3.37324992196383e-11
Hirschgarten,-7.042366976322625,5.802401468135365e-10
Donnersbergerbruecke,-7.18504708298584,2.589929798926278e-10
Hackerbruecke,-7.208940712053198,2.2613398567311736e-10
Hauptbahnhof_tief,-7.2409752673021055,1.8847664459099778e-10
Karlsplatz_Stachus,-4.024796615936186,0.00128609220807705
Marienplatz,-7.858546020690898,5.360769102638797e-12
Isartor,-6.499744512046567,1.1698893424710348e-08
Rosenheimer_Platz,-5.024668578093058,1.9828956676457943e-05
Ostbahnhof,-6.439416735708113,1.6220808310784808e-08
Leuchtenbergring,-5.884772353963123,3.019627902044968e-07
Pasing,-3.6935582207100373,0.004204681342926356
Laim,-4.5466251057549805,0.00016181803866093149
Hirschgarten,-6.092885354167412,1.0263723818928494e-07
Donnersbergerbruecke,-5.076505027333425,1.5626939727910795e-05
Hackerbruecke,-1.8991614795266176,0.33245567998825354
Hauptbahnhof_tief,-1.714279508465231,0.42377066811162484
Karlsplatz_Stachus,-5.962273609531908,2.025821280987027e-07
Marienplatz,-5.21228913335711,8.298124903160271e-06
Isartor,-2.0447855481301227,0.26728777714191565
Rosenheimer_Platz,-3.014517782379364,0.03356068547367966
Ostbahnhof,-3.7024324394127883,0.004079069503471977
Leuchtenbergring,-4.034437161844847,0.0012405439357986484
Pasing,-7.928251316848391,3.5702482446901247e-12
Laim,-2.7632156364677147,0.06372329108155807
Hirschgarten,-3.3928552789284425,0.011204859404318694
Donnersbergerbruecke,-7.732976659324893,1.1126489607368792e-11
Hackerbruecke,-7.429822508208442,6.404384707426254e-11
Hauptbahnhof_tief,-7.393292531512417,7.897073062978423e-11
Karlsplatz_Stachus,-3.9290163905030187,0.0018313822188209903
Marienplatz,-8.96396253591603,8.082839854616279e-15
Isartor,-4.290171306273302,0.0004619470989327583
Rosenheimer_Platz,-4.917203718326018,3.2282748790537056e-05
Ostbahnhof,-5.708730704623355,7.383950256278978e-07
Leuchtenbergring,-5.371420470155243,3.8882236558342625e-06
Pasing,-11.316912908417699,1.2003368932838127e-20
Laim,-2.857406422110614,0.050529983506220316
Hirschgarten,-6.555581809163703,8.633380933545847e-09
Donnersbergerbruecke,-6.447914396230471,1.5492528028436868e-08
Hackerbruecke,-2.699364267675952,0.07414834311788357
Hauptbahnhof_tief,-6.042536029286878,1.3353546672461568e-07
Karlsplatz_Stachus,-6.337857831949643,2.8017273987686414e-08
Marienplatz,-3.660076680989533,0.004711072836504066
Isartor,-2.502060147234778,0.11497387303658041
Rosenheimer_Platz,-6.592140368648074,7.070898107348968e-09
Ostbahnhof,-6.266312474399687,4.1058700514126176e-08
Leuchtenbergring,-4.969243143872161,2.5523335342213775e-05
Pasing,-6.705343976373781,3.797590349464677e-09
Laim,-7.948569680579399,3.17089826279767e-12
Hirschgarten,-5.944617696625832,2.2193103729530258e-07
Donnersbergerbruecke,-2.453421215043757,0.12722253411981266
Hackerbruecke,-2.545448071118913,0.10480415623670397
Hauptbahnhof_tief,-2.535510595236095,0.10707150682580319
Karlsplatz_Stachus,-5.00623033935698,2.1571599045606415e-05
Marienplatz,-3.0792386091064414,0.02812826547064584
Isartor,-2.651829469831892,0.08275116690583578
Rosenheimer_Platz,-3.248535920062817,0.0173416052891595
Ostbahnhof,-3.9486742602729024,0.001704444932896666
Leuchtenbergring,-4.9455707176287245,2.8409353015243897e-05
Pasing,-4.04806976324849,0.00117869876747786
Laim,-3.277774907683527,0.015901641272279395
Hirschgarten,-3.0657332153580255,0.029195223327630308
Donnersbergerbruecke,-2.917020777475708,0.04340421269818982
Hackerbruecke,-2.6692433819622825,0.07951339020006143
Hauptbahnhof_tief,-3.117498693522136,0.02528501858511987
Karlsplatz_Stachus,-3.2624174798989594,0.01664430410279713
Marienplatz,-3.2972656652107304,0.01500114263758663
Isartor,-2.605100710530161,0.09194763023784719
Rosenheimer_Platz,-2.369319620115051,0.15058358184537124
Ostbahnhof,-3.7725924987487875,0.003200511975045671
Leuchtenbergring,-7.402108882053845,7.507916943629461e-11
Pasing,-9.937910622242258,2.7125898153428324e-17
Laim,-4.948016208256067,2.809723752303113e-05
Hirschgarten,-10.571924572200043,7.267945791852146e-19
Donnersbergerbruecke,-4.2854473436205405,0.0004707067960386349
Hackerbruecke,-3.732272379871487,0.0036814461586830677
Hauptbahnhof_tief,-4.101260753116767,0.0009638875177672176
Karlsplatz_Stachus,-6.47542290268854,1.3348920591389872e-08
Marienplatz,-2.5412054708358887,0.10576769614761072
Isartor,-3.789980621698717,0.003011506047499776
Rosenheimer_Platz,-5.5778436725717455,1.4187145515070454e-06
Ostbahnhof,-5.831551026280088,3.9642763645420025e-07
Leuchtenbergring,-3.292644418469914,0.015210487943549022
Pasing,-8.644890366833913,5.303456380407778e-14
Laim,-4.196933544411559,0.0006668198528591246
Hirschgarten,-4.029616630972195,0.0012631278011649592
Donnersbergerbruecke,-10.72959444962841,3.0035393074066003e-19
Hackerbruecke,-9.14284298075446,2.818866163241493e-15
Hauptbahnhof_tief,-11.054466076637272,4.9849443259404037e-20
Karlsplatz_Stachus,-7.3382829109852805,1.081958750510388e-10
Marienplatz,-9.117871176617571,3.2650865125866917e-15
Isartor,-10.537470798350055,8.824599209642297e-19
Rosenheimer_Platz,-8.23864902779073,5.797118693206705e-13
Ostbahnhof,-8.905825886171636,1.138615513695765e-14
Leuchtenbergring,-7.3074456116956386,1.2903835176706403e-10
Pasing,-3.381322845122631,0.011612293553325829
Laim,-3.695986819194266,0.00416995854355992
Hirschgarten,-3.4274577649898754,0.010057701341483014
Donnersbergerbruecke,-3.769168392827522,0.0032389923785456965
Hackerbruecke,-2.968970532829261,0.03789553551626261
Hauptbahnhof_tief,-2.656532289163174,0.08186680109994227
Karlsplatz_Stachus,-2.6040819033040186,0.092156552409415
Marienplatz,-2.27422692163901,0.18041506337975177
Isartor,-2.1859009145501087,0.21140234829388543
Rosenheimer_Platz,-3.232333910803148,0.0181877130633079
Ostbahnhof,-2.6066951895152095,0.09162138826652322
Leuchtenbergring,-2.5283747114860193,0.10872219265937805
Pasing,-6.084778679945128,1.0708906116736979e-07
Laim,-5.132661422080682,1.2046908095923164e-05
Hirschgarten,-5.44160515723289,2.768288900789971e-06
Donnersbergerbruecke,-4.65297992044845,0.00010304081955159311
Hackerbruecke,-4.154609743073709,0.0007856819335312609
Hauptbahnhof_tief,-5.358872609020117,4.130291605975458e-06
Karlsplatz_Stachus,-4.495436199070326,0.00020040759690166437
Marienplatz,-4.835444382996698,4.650182420753983e-05
Isartor,-5.009650878840905,2.123753106824628e-05
Rosenheimer_Platz,-4.386253266722471,0.00031390934960319055
Ostbahnhof,-4.167008068554379,0.0007489481423491345
Leuchtenbergring,-4.227718143240856,0.0005912197041297203
Pasing,-9.475003115633356,4.011514816776528e-16
Laim,-12.010317815836903,3.1921618116174256e-22
Hirschgarten,-8.088694808456676,1.3971283066115423e-12
Donnersbergerbruecke,-5.993094479409324,1.7269124401611285e-07
Hackerbruecke,-4.305656258769444,0.0004342997675371948
Hauptbahnhof_tief,-5.893166833810006,2.89231683894582e-07
Karlsplatz_Stachus,-6.246718799229383,4.556994696163855e-08
Marienplatz,-7.819361640257796,6.734642656960623e-12
Isartor,-5.716262256444255,7.109414044151523e-07
Rosenheimer_Platz,-5.928152906473316,2.4159966284674404e-07
Ostbahnhof,-6.528525426612232,1.0004515611101694e-08
Leuchtenbergring,-7.94898032603724,3.1633035640515555e-12
Pasing,-11.490481435179662,4.749784362787619e-21
Laim,-0.575783063744786,0.8763607107863642
Hirschgarten,-12.058217382353714,2.5045476769592254e-22
Donnersbergerbruecke,-1.611710613667634,0.4770776919271318
Hackerbruecke,-0.5584902296601151,0.8800884237191651
Hauptbahnhof_tief,-0.6842817512530001,0.8507790181532238
Karlsplatz_Stachus,-12.95344392738343,3.338992244461499e-24
Marienplatz,-11.882278705030743,6.137826040342878e-22
Isartor,-10.864202095319087,1.421089155893027e-19
Rosenheimer_Platz,-12.746893418112622,8.701229965100328e-24
Ostbahnhof,-11.736714969845469,1.3024824665527266e-21
Leuchtenbergring,-8.897586026620594,1.1952870117747784e-14
Pasing,-2.1696097368972453,0.21745963446765681
Laim,-12.371869128355637,5.2593228852970896e-23
Hirschgarten,-11.216715154622856,2.0609434288952074e-20
Donnersbergerbruecke,-10.5093353430336,1.034260370660142e-18
Hackerbruecke,-9.730937624097361,9.008545681570802e-17
Hauptbahnhof_tief,-8.40099494767301,2.2316506871042817e-13
Karlsplatz_Stachus,-6.834262684140802,1.8597999573564875e-09
Marienplatz,-6.058160744000869,1.2308062356553939e-07
Isartor,-5.957062559807563,2.0811406758416854e-07
Rosenheimer_Platz,-6.115932730809951,9.094944242448511e-08
Ostbahnhof,-5.315632607486115,5.081812047050731e-06
Leuchtenbergring,-6.42687220620075,1.7357952741504822e-08
Pasing,-9.5384134356798,2.7684336632182723e-16
Laim,-11.201023757901032,2.2437818531860106e-20
Hirschgarten,-12.04877176319055,2.627043931187029e-22
Donnersbergerbruecke,-11.765777219510989,1.1199634306431409e-21
Hackerbruecke,-10.503327017483768,1.0699496815869603e-18
Hauptbahnhof_tief,-10.821393693592897,1.801814304606586e-19
Karlsplatz_Stachus,-10.190348349695642,6.3463641526532775e-18
Marienplatz,-8.527112686124534,1.0618214893007163e-13
Isartor,-3.373319720958632,0.011902730428186589
Rosenheimer_Platz,-6.0600339905148495,1.2188241870744204e-07
Ostbahnhof,-6.22449196799023,5.127899797510039e-08
Leuchtenbergring,-3.6780207016941944,0.004433151879191165
Pasing,-2.781620129935744,0.0609475433744139
Laim,-2.624484330222967,0.0880416996715388
Hirschgarten,-2.301408220691643,0.17151419456803135
Donnersbergerbruecke,-5.307278961870205,5.288718584657181e-06
Hackerbruecke,-4.1180379972744685,0.0009041275285930718
Hauptbahnhof_tief,-7.016073722460201,6.72769830955389e-10
Karlsplatz_Stachus,-6.144400114815123,7.830453938401547e-08
Marienplatz,-4.169801937234554,0.0007408961246989568
Isartor,-6.81242063104868,2.0998209275399203e-09
Rosenheimer_Platz,-6.006634402062675,1.609693624432567e-07
Ostbahnhof,-6.297764729810539,3.4718935192175024e-08
Leuchtenbergring,-3.8299668415856107,0.002615173512384187
Pasing,-5.319735827050839,4.983080476143374e-06
Laim,-5.87779037174594,3.1296824094772695e-07
Hirschgarten,-13.136276101505524,1.4599828875321557e-24
Donnersbergerbruecke,-8.280113521636576,4.543694483856238e-13
Hackerbruecke,-11.729350220707605,1.3533603658340242e-21
Hauptbahnhof_tief,-7.657676580865865,1.721621759621112e-11
Karlsplatz_Stachus,-6.9687231571332475,8.77692921787735e-10
Marienplatz,-4.657717959928828,0.00010096783852837755
Isartor,-4.827811741743518,4.81008384049477e-05
Rosenheimer_Platz,-5.996423423287899,1.697339791810366e-07
Ostbahnhof,-6.294447230448386,3.5339366544841655e-08
Leuchtenbergring,-8.004062447721019,2.2927355995468994e-12
Pasing,-8.95488060009877,8.52723071229755e-15
Laim,-13.181977970789614,1.1909312776590228e-24
Hirschgarten,-4.460904665047409,0.00023122339903835097
Donnersbergerbruecke,-6.3062895115607915,3.3173366534450135e-08
Hackerbruecke,-12.556999886376284,2.143472996176368e-23
Hauptbahnhof_tief,-11.703351304990031,1.5496874388820463e-21
Karlsplatz_Stachus,-6.021215829304398,1.492179151283883e-07
Marienplatz,-5.369222879158938,3.92959918114706e-06
Isartor,-5.40959291864338,3.233552656281272e-06
Rosenheimer_Platz,-5.201062642670042,8.748270230914743e-06
Ostbahnhof,-3.970654148167748,0.0015722151105654314
Leuchtenbergring,-5.142735676238106,1.1494774360895471e-05
Pasing,-3.9346506620681967,0.0017941309830338597
Laim,-5.48305621384974,2.2616355433167496e-06
Hirschgarten,-2.904145495052082,0.04486805215241902
Donnersbergerbruecke,-6.042044274142964,1.3387827081181417e-07
Hackerbruecke,-5.71286386252909,7.232033439915367e-07
Hauptbahnhof_tief,-4.906145131021511,3.3926461332356966e-05
Karlsplatz_Stachus,-5.347004645684452,4.372674759989029e-06
Marienplatz,-3.8227031855229074,0.0026833884706533528
Isartor,-5.332508832824608,4.687509695673129e-06
Rosenheimer_Platz,-4.05360780564585,0.0011544071432215463
Ostbahnhof,-5.247115191157417,7.039934299199853e-06
Leuchtenbergring,-3.3302391142467886,0.01357972156075446
Pasing,-9.811463730066487,5.64231609549657e-17
Laim,-11.697969415695463,1.5938167744607805e-21
Hirschgarten,-11.332005785099273,1.1068429424189366e-20
Donnersbergerbruecke,-8.329565706649701,3.3973731342678114e-13
Hackerbruecke,-10.90313713033351,1.1457415923778803e-19
Hauptbahnhof_tief,-10.881915502519918,1.2883711018023268e-19
Karlsplatz_Stachus,-5.702660933203775,7.612712630439099e-07
Marienplatz,-10.252365082021853,4.451223241913079e-18
Isartor,-10.529169701519608,9.2474832734658e-19
Rosenheimer_Platz,-9.144175898660173,2.7968451438714053e-15
Ostbahnhof,-10.99510803998813,6.90271506496804e-20
Leuchtenbergring,-4.13215717626091,0.00085654357253022
Pasing,-7.324345479173788,1.1716643825774011e-10
Laim,-10.376360577286547,2.196349933429537e-18
Hirschgarten,-4.9856107577040065,2.3695368279361813e-05
Donnersbergerbruecke,-3.9824328370938797,0.001505343674440244
Hackerbruecke,-5.556295430906695,1.5781584478737036e-06
Hauptbahnhof_tief,-6.410260144415553,1.89853853689983e-08
Karlsplatz_Stachus,-4.254817664990638,0.0005314200986639991
Marienplatz,-4.6333575328444345,0.00011206713744923898
Isartor,-4.290042500291549,0.00046218389115404657
Rosenheimer_Platz,-5.267549229174447,6.389978305137709e-06
Ostbahnhof,-4.915202830249967,3.257436166397901e-05
Leuchtenbergring,-4.380847156922532,0.00032087668948669603
Pasing,-3.7767917561650117,0.0031538939252221325
Laim,-4.606042748698525,0.00012589721391642738
Hirschgarten,-6.698501900644145,3.943547024620661e-09
Donnersbergerbruecke,-3.136015889977243,0.02400013943748913
Hackerbruecke,-6.008235841956716,1.596356320412698e-07
Hauptbahnhof_tief,-5.4636523143632365,2.486437835518581e-06
Karlsplatz_Stachus,-5.898339919803174,2.8164947671765003e-07
Marienplatz,-6.098132603920408,9.98530515064433e-08
Isartor,-2.8940194040177123,0.046047892580647044
Rosenheimer_Platz,-3.5228856332302834,0.007418431228553116
Ostbahnhof,-3.4127471235147886,0.010531923064444247
Leuchtenbergring,-2.546164247066864,0.1046421587089485
Pasing,-7.989599295210152,2.495031421996439e-12
Laim,-5.810909660546574,4.4037696424500997e-07
Hirschgarten,-11.510067997445848,4.281251968949502e-21
Donnersbergerbruecke,-5.986012979599338,1.7915108730811746e-07
Hackerbruecke,-7.8178749364535545,6.79316063261223e-12
Hauptbahnhof_tief,-5.037955743489768,1.8658214568482255e-05
Karlsplatz_Stachus,-4.608986184189517,0.00012433201245965533
Marienplatz,-6.394712430512181,2.064421640275271e-08
Isartor,-6.309888410108952,3.2541379461206566e-08
Rosenheimer_Platz,-5.654825459095632,9.674628427367642e-07
Ostbahnhof,-5.196662026998898,8.931096573278816e-06
Leuchtenbergring,-6.417638069187834,1.82448373950889e-08
Pasing,-6.550138360071318,8.89345898662968e-09
Laim,-7.39588088360921,7.780791784049688e-11
Hirschgarten,-2.7754129458078123,0.061872588672858095
Donnersbergerbruecke,-2.349585600973369,0.1564737105120515
Hackerbruecke,-3.9352952716362943,0.0017899142384779293
Hauptbahnhof_tief,-2.0466580340923812,0.2664970450964722
Karlsplatz_Stachus,-2.392853308352208,0.14376367793394051
Marienplatz,-6.321575957410827,3.056957333891092e-08
Isartor,-3.3119802387797614,0.01435137716319321
Rosenheimer_Platz,-2.892624216104244,0.04621244825231691
Ostbahnhof,-4.226341241526913,0.0005944211546558322
Leuchtenbergring,-2.2793585366720026,0.17871169361104844
Pasing,-6.260854404308186,4.2269259025675566e-08
Laim,-11.602697381616482,2.6254734766878557e-21
Hirschgarten,-7.472311975113804,5.017286259113079e-11
Donnersbergerbruecke,-10.901265606683527,1.1576511258978446e-19
Hackerbruecke,-11.408771810837127,7.337785039320927e-21
Hauptbahnhof_tief,-7.461242246045365,5.3469367646557054e-11
Karlsplatz_Stachus,-10.414444024614536,1.7693757710629998e-18
Marienplatz,-5.070935035575347,1.6033492314063404e-05
Isartor,-5.49470160930734,2.136353036630347e-06
Rosenheimer_Platz,-10.081035807414208,1.1884496720914643e-17
Ostbahnhof,-7.3935179206681765,7.886879313358423e-11
Leuchtenbergring,-5.974611036872667,1.9005304169390485e-07
Pasing,-12.105169156992437,1.9766183821712053e-22
Laim,-15.018049506991781,1.032046529962251e-27
Hirschgarten,-7.019580294255136,6.59632840521177e-10
Donnersbergerbruecke,-14.004528916096676,3.809233671674829e-26
Hackerbruecke,-13.760459597567898,1.010808599243597e-25
Hauptbahnhof_tief,-9.022197092649007,5.73525977453387e-15
Karlsplatz_Stachus,-2.873650163875463,0.0484990473654583
Marienplatz,-6.282931680434226,3.7578786527828025e-08
Isartor,-9.051289603142513,4.832093837496257e-15
Rosenheimer_Platz,-5.767434652640081,5.490984818079923e-07
Ostbahnhof,-13.367600659018255,5.275267355816819e-25
Leuchtenbergring,-5.302884779003684,5.400813137496834e-06
Pasing,-11.285840823190366,1.4188170230602882e-20
Laim,-5.278202831792508,6.074586678199255e-06
Hirschgarten,-7.400894255000465,7.56037867720121e-11
Donnersbergerbruecke,-8.203339561463357,7.132741353559153e-13
Hackerbruecke,-12.765361761574642,7.979242493416346e-24
Hauptbahnhof_tief,-4.7916538128862385,5.642099116332468e-05
Karlsplatz_Stachus,-4.081269531834954,0.0010399202481416309
Marienplatz,-5.876611921321478,3.1486412224847015e-07
Isartor,-12.273350578925132,8.541287023922784e-23
Rosenheimer_Platz,-7.031068743679392,6.183460103734837e-10
Ostbahnhof,-6.928959807139088,1.0966454550668412e-09
Leuchtenbergring,-9.272233095455759,1.3173588300677724e-15
Pasing,-3.3463034964788796,0.012931390571609159
Laim,-4.347775482359477,0.0003667926605919157
Hirschgarten,-5.981161012345617,1.8371325079256243e-07
Donnersbergerbruecke,-4.899259338387713,3.49903144132977e-05
Hackerbruecke,-4.9305685595183695,3.039840233987048e-05
Hauptbahnhof_tief,-5.734599981273684,6.481998705774582e-07
Karlsplatz_Stachus,-4.7061732037476105,8.193421865889224e-05
Marienplatz,-4.432766533044459,0.00025961027599119855
Isartor,-8.115354984876163,1.1950700082404654e-12
Rosenheimer_Platz,-5.683104392100851,8.397848987881099e-07
Ostbahnhof,-5.838698960103739,3.822325137033383e-07
Leuchtenbergring,-4.7456509819950865,6.901602114543434e-05
Pasing,-6.413526714270754,1.865392654800468e-08
Laim,-5.482714304261557,2.265419861053583e-06
Hirschgarten,-4.895810955661144,3.553507843435329e-05
Donnersbergerbruecke,-3.5456026007432517,0.006890312580515506
Hackerbruecke,-5.018972671615559,2.0352251736665202e-05
Hauptbahnhof_tief,-3.4522663970106455,0.009301032535209773
Karlsplatz_Stachus,-4.942948386251602,2.8747748175513355e-05
Marienplatz,-4.79775157302392,5.49271296611919e-05
Isartor,-4.756010557402181,6.596395536214691e-05
Rosenheimer_Platz,-3.536929694011479,0.0070877952440784025
Ostbahnhof,-3.971148512247409,0.0015693537881719844
Leuchtenbergring,-3.2816490322805887,0.015718957789071213
Pasing,-6.223085943682133,5.166289350204751e-08
Laim,-4.788983267948466,5.708744000029777e-05
Hirschgarten,-4.004515701223269,0.0013870494267718397
Donnersbergerbruecke,-4.785209319739213,5.804213976223208e-05
Hackerbruecke,-4.197468465625097,0.0006654319136824681
Hauptbahnhof_tief,-3.428263545088892,0.01003228550664138
Karlsplatz_Stachus,-3.6045155296478892,0.005675285002575511
Marienplatz,-3.0399269971058125,0.03133024152096416
Isartor,-3.777216736349929,0.0031492109500998304
Rosenheimer_Platz,-3.2949603978145583,0.015105253251016864
Ostbahnhof,-3.150962977950266,0.023004458921233463
Leuchtenbergring,-2.4040516001744234,0.14059613841356794
Pasing,-9.517616158777539,3.1263595917360315e-16
Laim,-9.41479760951597,5.707375509933024e-16
Hirschgarten,-13.898992975964473,5.780784254915206e-26
Donnersbergerbruecke,-14.524257268413024,5.460998602403625e-27
Hackerbruecke,-7.146674812001237,3.219320908447572e-10
Hauptbahnhof_tief,-13.662652326374001,1.5111352249053858e-25
Karlsplatz_Stachus,-13.91165145733649,5.496517280073514e-26
Marienplatz,-13.880274863421995,6.2295143655088e-26
Isartor,-12.139479057724508,1.6637614471123458e-22
Rosenheimer_Platz,-13.441990089132638,3.8291915427772556e-25
Ostbahnhof,-14.022801269196762,3.546539521923018e-26
Leuchtenbergring,-6.824193940931074,1.966873977783695e-09
Pasing,-1.3055230406007081,0.6266417429780015
Laim,-2.0617047313180796,0.260189389677149
Hirschgarten,-3.559069021536339,0.006593516361597273
Donnersbergerbruecke,-1.348935913899303,0.6064975898020233
Hackerbruecke,-6.267261983927837,4.085161609932433e-08
Hauptbahnhof_tief,-9.995344635002004,1.9469062951875977e-17
Karlsplatz_Stachus,-7.639417771616119,1.9135284125177914e-11
Marienplatz,-6.008759568560168,1.5920181144421026e-07
Isartor,-9.302108714483193,1.105369662876692e-15
Rosenheimer_Platz,-5.04057618506131,1.8435336651185196e-05
Ostbahnhof,-8.200723222635304,7.243133133936247e-13
Leuchtenbergring,-4.630401720638704,0.00011349061267991735
Pasing,-5.434559001671265,2.8647491075259514e-06
Laim,-5.536746113733598,1.737827738580177e-06
Hirschgarten,-5.620845360284568,1.1460824581700989e-06
Donnersbergerbruecke,-5.75451972069616,5.86172859556287e-07
Hackerbruecke,-6.762829358940679,2.764335585769329e-09
Hauptbahnhof_tief,-4.071632790798661,0.0010785425933922653
Karlsplatz_Stachus,-8.674417585164244,4.4560624144733525e-14
Marienplatz,-6.561763320148642,8.347125421856751e-09
Isartor,-8.14876669018767,9.824725125477856e-13
Rosenheimer_Platz,-7.470721677850218,5.063372855008342e-11
Ostbahnhof,-6.587218188558768,7.263775817082966e-09
Leuchtenbergring,-6.121462068667378,8.834584345756512e-08
Pasing,-3.462529066490185,0.00900321849814605
Laim,-5.045286618747164,1.8041142544427368e-05
Hirschgarten,-4.430893422364558,0.00026161289333736766
Donnersbergerbruecke,-4.809058655483084,5.22569181802134e-05
Hackerbruecke,-3.813332506139201,0.0027738140308127793
Hauptbahnhof_tief,-5.106951975730469,1.35747043990572e-05
Karlsplatz_Stachus,-4.493130715696766,0.0002023369179583917
Marienplatz,-4.166746908561134,0.0007497049982521593
Isartor,-5.469592429612804,2.415404934637615e-06
Rosenheimer_Platz,-5.568670726383912,1.4845711134939721e-06
Ostbahnhof,-5.0693243267660835,1.6152949421843095e-05
Leuchtenbergring,-3.4354416258676688,0.009808395553403636
Pasing,-1.6409482195234353,0.461765363529788
Laim,-1.3140167227939403,0.6227354983156743
Hirschgarten,-2.3968851149792223,0.14261749272113716
Donnersbergerbruecke,-1.7952823592178322,0.3828063740152052
Hackerbruecke,-2.2727212520457214,0.18091687701731418
Hauptbahnhof_tief,-2.4248723025515724,0.13483907925988198
Karlsplatz_Stachus,-1.063660731575647,0.7293439753213283
Marienplatz,-1.8827299260673684,0.3402286004763356
Isartor,-1.5012840151919378,0.5328760595920288
Rosenheimer_Platz,-1.2102240777038888,0.6691821804159138
Ostbahnhof,-1.4042569425869904,0.5802335937190525
Leuchtenbergring,-1.36430816500461,0.5992626466930044
Pasing,-2.729766480696492,0.06902747998977057
Laim,-12.365049373657836,5.437987180997734e-23
Hirschgarten,-3.9201891859360884,0.0018911889022776296
Donnersbergerbruecke,-5.8356375865852685,3.8825016750497004e-07
Hackerbruecke,-2.163796608644324,0.2196465098536703
Hauptbahnhof_tief,-4.992678112865745,2.294569225521159e-05
Karlsplatz_Stachus,-4.25472639725537,0.0005316115712726354
Marienplatz,-1.2766672647718347,0.6397783267726606
Isartor,-1.1668242051819337,0.6877018719174431
Rosenheimer_Platz,-3.6697106280227647,0.004559945185048553
Ostbahnhof,-0.49687906244670865,0.8926240890772997
Leuchtenbergring,-3.3417670334116147,0.013111637665638665
Pasing,-4.003734716510564,0.001391080945001254
Laim,-12.065447713843092,2.4147242840676165e-22
Hirschgarten,-4.121317414287728,0.0008928595149024635
Donnersbergerbruecke,-4.007306744173489,0.0013727305756863252
Hackerbruecke,-1.063581870109881,0.7293744659355843
Hauptbahnhof_tief,-3.917678697063758,0.0019085259982583736
Karlsplatz_Stachus,8.696343864933237,1.0
Marienplatz,-3.138138175846713,0.02385653891081975
Isartor,-2.7548289379710393,0.06502143342296343
Rosenheimer_Platz,-5.02161876427475,2.0107513454354703e-05
Ostbahnhof,-0.2287600673191957,0.935005536315819
Leuchtenbergring,0.2788910169837941,0.9763550193841869
Pasing,-3.6562540795498806,0.004772292784844771
Laim,-3.733867317534029,0.0036612280404292453
Hirschgarten,-5.126551956936289,1.2394148253929629e-05
Donnersbergerbruecke,-4.624236585868291,0.00011651542275762576
Hackerbruecke,-4.612112281595199,0.00012269002370660914
Hauptbahnhof_tief,-6.034437869583288,1.3929196617456882e-07
Karlsplatz_Stachus,-5.55866655814672,1.5597926072130693e-06
Marienplatz,-2.021823721851059,0.27708688890070976
Isartor,-4.497037362849057,0.0001990779871456623
Rosenheimer_Platz,-5.373995153799628,3.840286609533842e-06
Ostbahnhof,-5.409851714913978,3.229502791286515e-06
Leuchtenbergring,-2.854881626179224,0.05085184334997948
Pasing,-1.5010566691846918,0.5329885551581949
Laim,-3.251103305924008,0.017210743305051877
Hirschgarten,-1.764812913530342,0.3980656620171733
Donnersbergerbruecke,-2.569200485723896,0.09953143399855613
Hackerbruecke,-3.342538104899204,0.013080844663425755
Hauptbahnhof_tief,-3.494713431679158,0.008123906881746908
Karlsplatz_Stachus,-4.264883034744368,0.0005106980612444462
Marienplatz,-4.781411208758517,5.901840535698674e-05
Isartor,-3.549079859679227,0.006812540707545944
Rosenheimer_Platz,-2.179208537543822,0.21387790509016358
Ostbahnhof,-3.9143291733191985,0.001931886844174124
Leuchtenbergring,-2.936022402911992,0.04131658532175337
Pasing,-5.255894561136205,6.753191078726706e-06
Laim,-10.527384118815803,9.341085963895135e-19
Hirschgarten,-13.262151810664731,8.356453400884721e-25
Donnersbergerbruecke,-9.067645673845508,4.38838879772479e-15
Hackerbruecke,-13.965459289550768,4.441403618508946e-26
Hauptbahnhof_tief,-15.19952209448313,5.856237289845438e-28
Karlsplatz_Stachus,-8.433873084754493,1.8389410260494713e-13
Marienplatz,-6.906900111004585,1.2405830340322577e-09
Isartor,-13.554083563182584,2.3784685270643774e-25
Rosenheimer_Platz,-5.273313386925613,6.217414090956212e-06
Ostbahnhof,-5.429863114282221,2.9308416218404753e-06
Leuchtenbergring,-3.1275751110915824,0.024578674554167904
Pasing,-8.562325084505469,8.628444841910403e-14
Laim,-3.0078659484922547,0.0341663207618962
Hirschgarten,-5.36479376404003,4.014292835003063e-06
Donnersbergerbruecke,-11.664711216588755,1.896340766105307e-21
Hackerbruecke,-11.257848448854283,1.650021645123932e-20
Hauptbahnhof_tief,-8.127262928437087,1.1144984422912775e-12
Karlsplatz_Stachus,-5.081887896492957,1.5243517679136344e-05
Marienplatz,-6.29683215588201,3.489225229370383e-08
Isartor,-8.182081631735457,8.080572243045784e-13
Rosenheimer_Platz,-11.140143351556715,3.1230560468661816e-20
Ostbahnhof,-4.019263738655381,0.0013129327057686767
Leuchtenbergring,-6.740362408722457,3.1300945847517965e-09
Pasing,-2.4338295924614886,0.13241497502163524
Laim,-2.5819045075767955,0.09679520884620846
Hirschgarten,-2.3720187368615995,0.14979013311376044
Donnersbergerbruecke,-2.0086748809687527,0.2827824675325525
Hackerbruecke,-2.3933022216063446,0.14363573772792632
Hauptbahnhof_tief,-2.923173851370501,0.042718798371735124
Karlsplatz_Stachus,-2.2197611098438546,0.19915164491045423
Marienplatz,-2.1951134252554017,0.2080237797576489
Isartor,-2.8083511345692203,0.05709073422751415
Rosenheimer_Platz,-3.151317182798296,0.02298130381219762
Ostbahnhof,-2.8885741996710665,0.04669288686553067
Leuchtenbergring,-2.380366246504695,0.1473547387038293
Pasing,-2.729766480657336,0.0690274799961797
Laim,-12.365049373650372,5.437987181196729e-23
Hirschgarten,-3.9201891859266706,0.0018911889023423955
Donnersbergerbruecke,-5.835637586592138,3.8825016749136235e-07
Hackerbruecke,-2.16379661609244,0.2196465070431627
Hauptbahnhof_tief,-4.450067877942891,0.00024178801497422653
Karlsplatz_Stachus,-4.254698988419918,0.0005316690855715115
Marienplatz,-1.2766672659804479,0.6397783262268979
Isartor,-1.1668242061920635,0.6877018714930434
Rosenheimer_Platz,-3.6697106301781393,0.004559945151737627
Ostbahnhof,-0.4968790501969638,0.8926240914564756
Leuchtenbergring,-2.854250284012704,0.05093258912470041
Pasing,-2.728294174870355,0.06926880427519072
Laim,-4.1463308598076445,0.000811144894550011
Hirschgarten,-3.7250790703477556,0.0037739089043666682
Donnersbergerbruecke,-4.717830326027982,7.789658570897214e-05
Hackerbruecke,-1.8160617288112213,0.3725171503391581
Hauptbahnhof_tief,-3.811337494030112,0.0027934244833593314
Karlsplatz_Stachus,-3.597110944744349,0.005816501098913886
Marienplatz,-1.1889067030916,0.6783494709519686
Isartor,-1.1373011383038432,0.699969817611092
Rosenheimer_Platz,-2.6536638827607972,0.08240532334733025
Ostbahnhof,-0.7199876123326256,0.8415041460785252
Leuchtenbergring,-2.539207215018908,0.10622382073928177
Pasing,-2.7340577069655496,0.06832792986462868
Laim,-12.278208326650565,8.338522118230532e-23
Hirschgarten,-3.9066111506087067,0.001986727827294074
Donnersbergerbruecke,-5.818304163193906,4.2411077222368806e-07
Hackerbruecke,-1.9314961304970002,0.3173924411596244
Hauptbahnhof_tief,-4.354703154505753,0.0003566877673466437
Karlsplatz_Stachus,-4.3102963878540255,0.00042632431848281624
Marienplatz,-1.273094047504557,0.641390184652918
Isartor,-1.1804351929795458,0.6819548707139238
Rosenheimer_Platz,-3.313092403305243,0.01430329108573979
Ostbahnhof,-0.6455981638217345,0.8603423360729612
Leuchtenbergring,-2.8452329133963175,0.052097399256666004
Pasing,-6.308893031609049,3.2714978942658293e-08
Laim,-5.749928852550071,5.999322443443972e-07
Hirschgarten,-2.8341748222593774,0.05355551802316135
Donnersbergerbruecke,-4.103706199083706,0.0009549524890527081
Hackerbruecke,-2.278723400150381,0.17892193920012
Hauptbahnhof_tief,-4.314769807427481,0.0004187665525640798
Karlsplatz_Stachus,9.605992889813617,1.0
Marienplatz,-1.946680301813755,0.31042966579732767
Isartor,-1.4443879708900647,0.5608208437598773
Rosenheimer_Platz,-4.3216316685538985,0.0004074191182680675
Ostbahnhof,-0.5921518833064221,0.8727455367621144
Leuchtenbergring,1.2928200921376343,0.996568431045975
Pasing,-7.209538523506729,2.2536720234297991e-10
Laim,-3.1323054019156564,0.024252994894848116
Hirschgarten,-6.902704389768912,1.2700025468238135e-09
Donnersbergerbruecke,-3.2092453849560654,0.019455718598184426
Hackerbruecke,0.4844730209773211,0.9843934469842264
Hauptbahnhof_tief,-5.176186160793572,9.831572909751066e-06
Karlsplatz_Stachus,-4.266411813480888,0.0005076181490727147
Marienplatz,0.07452742768323332,0.9642783108741267
Isartor,1.428694042578012,0.9972406744221358
Rosenheimer_Platz,7.192746581117389,1.0
Ostbahnhof,0.9085306795760527,0.9932006502250526
Leuchtenbergring,-0.4139180552807565,0.907748896410077
Pasing,-2.761553113158103,0.063978957439684
Laim,-1.4700824922264335,0.5482557997799787
Hirschgarten,-1.1323119830338937,0.7020158016632059
Donnersbergerbruecke,-0.046347350217698674,0.9545271977458201
Hackerbruecke,-2.009614450473483,0.2823734741626823
Hauptbahnhof_tief,-1.4055955141759235,0.5795906382272973
Karlsplatz_Stachus,-4.408652463117773,0.00028653977522709323
Marienplatz,-2.047304705235079,0.2662242579580711
Isartor,-1.879834213270655,0.34160638162721785
Rosenheimer_Platz,-1.1465505244908099,0.6961558220095743
Ostbahnhof,-1.0998307931974287,0.715139378165838
Leuchtenbergring,-1.4547472944520126,0.5557667599721838
Pasing,-2.687337743828525,0.07625513926527112
Laim,-11.52652983709106,3.9238862180484405e-21
Hirschgarten,-3.2723726047829635,0.016159500241715422
Donnersbergerbruecke,-3.9263260489119483,0.001849421497938711
Hackerbruecke,-1.3966698765922387,0.5838715761445383
Hauptbahnhof_tief,-3.003986935247775,0.03452374448394088
Karlsplatz_Stachus,-3.674260053018363,0.004490127057706192
Marienplatz,-1.3126759788091895,0.6233532691773749
Isartor,-1.2858626228789047,0.635615106988799
Rosenheimer_Platz,-2.1321240499492142,0.231795040218174
Ostbahnhof,-1.0965576650632545,0.7164427144034546
Leuchtenbergring,-2.299080056398582,0.17226484330079195
Pasing,-2.7297664806499036,0.06902747999739617
Laim,-12.365049373686325,5.437987180238539e-23
Hirschgarten,-3.920189185903523,0.0018911889025015763
Donnersbergerbruecke,-5.835637586559009,3.882501675569812e-07
Hackerbruecke,-2.163796608372761,0.21964650995614304
Hauptbahnhof_tief,-4.450067877990387,0.00024178801492693525
Karlsplatz_Stachus,-4.254736976823632,0.0005315893728301462
Marienplatz,-1.27666726331575,0.6397783274301718
Isartor,-1.1668242038956007,0.6877018724578878
Rosenheimer_Platz,-3.669710630102063,0.004559945152913369
Ostbahnhof,-0.49687904885321943,0.8926240917174609
Leuchtenbergring,-2.8542502846989173,0.05093258903687973
Pasing,-2.7282941748728358,0.06926880427478362
Laim,-11.945710292014992,4.435452882034218e-22
Hirschgarten,-3.725079070341096,0.0037739089044532526
Donnersbergerbruecke,-4.7178303260300725,7.789658570826513e-05
Hackerbruecke,-1.816061727217065,0.37251715112467565
Hauptbahnhof_tief,-3.811337494297636,0.002793424480721089
Karlsplatz_Stachus,-3.597105594832924,0.005816604271559333
Marienplatz,-1.1889067059319363,0.6783494697395205
Isartor,-1.1373011407841735,0.699969816591968
Rosenheimer_Platz,-3.0244443710391855,0.032673807499193325
Ostbahnhof,-0.7199876089330229,0.8415041469823177
Leuchtenbergring,-2.539207216010596,0.1062238205125518
Pasing,-2.5923241412616704,0.09459411182613275
Laim,-2.1923205716522305,0.20904444351418577
Hirschgarten,-2.0577056245825047,0.26185774777823134
Donnersbergerbruecke,-1.5374442617506126,0.5149136348833497
Hackerbruecke,-1.4503087181127048,0.5579342567880943
Hauptbahnhof_tief,-1.9426043051011128,0.3122915987118996
Karlsplatz_Stachus,-1.844402469241774,0.358650394559482
Marienplatz,-1.9097501569811977,0.3274883227730092
Isartor,-2.0870005454935634,0.2497737723986202
Rosenheimer_Platz,-1.855386916493792,0.3533305493690282
Ostbahnhof,-2.082515496708255,0.2516030768301812
Leuchtenbergring,-2.1091936646488043,0.2408338888903453
Pasing,-6.3088930294471535,3.2714979320691996e-08
Laim,-5.743901922738923,6.184756880094341e-07
Hirschgarten,-2.834174830524569,0.053555516920973475
Donnersbergerbruecke,-4.642856131339922,0.00010760731401207406
Hackerbruecke,-2.2787234183461513,0.17892193317453442
Hauptbahnhof_tief,-4.314769807728643,0.00041876655205955795
Karlsplatz_Stachus,9.60616885982164,1.0
Marienplatz,-1.9466803465384825,0.31042964539585205
Isartor,-1.4443880127178856,0.5608208233865275
Rosenheimer_Platz,0.7298212862731678,0.990414595963317
Ostbahnhof,-0.5921518806908027,0.8727455373465824
Leuchtenbergring,1.29282008972071,0.9965684310322372
Pasing,-7.137541495941655,3.3901867231607165e-10
Laim,-3.132305402041465,0.024252994886235956
Hirschgarten,-7.606036261690514,2.3209734446948683e-11
Donnersbergerbruecke,-2.011075257066778,0.28173819798247046
Hackerbruecke,33.89704476410341,1.0
Hauptbahnhof_tief,-5.176186161179588,9.831572891973924e-06
Karlsplatz_Stachus,-4.266411806110183,0.0005076181638795917
Marienplatz,19.393546170098695,1.0
Isartor,23.442428424034926,1.0
Rosenheimer_Platz,7.192746657509851,1.0
Ostbahnhof,-3.54626096730713,0.006875526395607931
Leuchtenbergring,-0.40574072450507404,0.9091358604983678
Pasing,-1.424325639671031,0.5705601514124319
Laim,-4.645570917680579,0.00010636414324672613
Hirschgarten,-1.2591575020006638,0.6476446417882258
Donnersbergerbruecke,-0.3063542143555398,0.9245995515823878
Hackerbruecke,-1.948469384300811,0.30961407452280015
Hauptbahnhof_tief,-1.4055955138855696,0.5795906383667987
Karlsplatz_Stachus,-4.408652461924534,0.0002865397766229328
Marienplatz,-1.525295050630896,0.5209632041979544
Isartor,-1.8762906477219958,0.3432956066587548
Rosenheimer_Platz,-1.8582774219306117,0.351935926207505
Ostbahnhof,-1.1012590071240165,0.7145695665901807
Leuchtenbergring,-1.455577091077528,0.5553612149415837
Pasing,-3.295796499047888,0.015067419879109683
Laim,-0.04924912561069117,0.954264714207519
Hirschgarten,-5.847107722613095,3.661693323992552e-07
Donnersbergerbruecke,-9.250762603540077,1.4944614130118681e-15
Hackerbruecke,-8.433220695135985,1.8460183285495522e-13
Hauptbahnhof_tief,-3.171399885948753,0.02170100815513039
Karlsplatz_Stachus,9.601681732103978,1.0
Marienplatz,-0.9575043473944259,0.7684465054300665
Isartor,-0.8106462132087408,0.8159748025182594
Rosenheimer_Platz,-3.3647996530282733,0.012219003059178215
Ostbahnhof,-0.9322301753443558,0.7771733847716338
Leuchtenbergring,-0.12098838883937343,0.9473074654650757
Pasing,-4.065166450563804,0.0011052058384493912
Laim,-10.966335370397616,8.085975952385144e-20
Hirschgarten,-10.79510712559798,2.0851585259692004e-19
Donnersbergerbruecke,-10.3501179103112,2.549697635552396e-18
Hackerbruecke,-12.090990984204337,2.122847715721533e-22
Hauptbahnhof_tief,-4.654562960794749,0.00010234372577555667
Karlsplatz_Stachus,7.423545630116857,1.0
Marienplatz,-1.2159716771688573,0.6666876406323077
Isartor,-0.9632408657821278,0.7664342180287618
Rosenheimer_Platz,-2.147125551028326,0.2259919787291889
Ostbahnhof,-6.119190775938274,8.940635031459475e-08
Leuchtenbergring,0.3920907060548158,0.9811967412370809
Pasing,-4.003734716660862,0.0013910809442243559
Laim,-12.074453133610945,2.3074214309805756e-22
Hirschgarten,-8.684324317789832,4.2032257039786713e-14
Donnersbergerbruecke,-8.275840962092195,4.659230449022928e-13
Hackerbruecke,-10.71630099353829,3.234930363546821e-19
Hauptbahnhof_tief,-3.917678697015051,0.00190852599859616
Karlsplatz_Stachus,8.695978359412745,1.0
Marienplatz,-1.0213680923259518,0.7453912224646049
Isartor,-7.802046318272575,7.448439368709253e-12
Rosenheimer_Platz,-5.021618799831213,2.0107510184878847e-05
Ostbahnhof,-7.090881553410392,4.4136004141605296e-10
Leuchtenbergring,0.3077187460148593,0.9776958594735851
Pasing,-3.9872526848760668,0.0014787506677958091
Laim,-11.520206349038991,4.0574356785590295e-21
Hirschgarten,-10.442033698291958,1.5132513916428567e-18
Donnersbergerbruecke,-10.213565759672985,5.556590337775149e-18
Hackerbruecke,-11.36747746565432,9.1510330281036e-21
Hauptbahnhof_tief,-4.560768448921512,0.00015247346699044631
Karlsplatz_Stachus,7.240823951313779,1.0
Marienplatz,-1.222723727311062,0.6637449566463997
Isartor,-8.805677640880429,2.0549880468326816e-14
Rosenheimer_Platz,-5.934862735569469,2.3338620335558784e-07
Ostbahnhof,-6.623880435243189,5.942982622662893e-09
Leuchtenbergring,0.2122853127436298,0.9729422829387588
Pasing,-6.308893029124822,3.271497937705551e-08
Laim,-0.08345852368011569,0.9510614068588257
Hirschgarten,-6.603793663630464,6.634167680366473e-09
Donnersbergerbruecke,-0.837721451034626,0.8077898501703655
Hackerbruecke,-11.406652129941852,7.421312300993307e-21
Hauptbahnhof_tief,-4.314769807773288,0.00041876655198476643
Karlsplatz_Stachus,0.5931247299729394,0.9874449339212134
Marienplatz,-0.5716728420709379,0.8772552030583403
Isartor,-0.3872954089534191,0.9121984764296422
Rosenheimer_Platz,-4.321631662191924,0.000407419128652842
Ostbahnhof,-4.502060962284156,0.00019496062145978155
Leuchtenbergring,1.2974751682678454,0.9965947617619701
Pasing,-6.734228751661065,3.2379972012446534e-09
Laim,205.92440971189978,1.0
Hirschgarten,185.42521134469405,1.0
Donnersbergerbruecke,136.3339957322869,1.0
Hackerbruecke,49.71422388115723,1.0
Hauptbahnhof_tief,11.369895216907667,1.0
Karlsplatz_Stachus,25.9146804194421,1.0
Marienplatz,7.277388436640494,1.0
Isartor,-5.991449684548742,1.7417098080970808e-07
Rosenheimer_Platz,0.06600384200636239,0.9636618908557627
Ostbahnhof,-5.780174165903847,5.147770553747451e-07
Leuchtenbergring,16.427933646413948,1.0
Pasing,-2.325035353006702,0.16402064426449126
Laim,-2.956062645715459,0.03920634162689132
Hirschgarten,-3.0611194505641093,0.029567554584958394
Donnersbergerbruecke,-4.2006981430702135,0.0006571095342929136
Hackerbruecke,-2.8895634912407964,0.04657515122163815
Hauptbahnhof_tief,-4.237233249894582,0.0005695357540857991
Karlsplatz_Stachus,-4.149297478419677,0.0008019328964293256
Marienplatz,-2.0082277488918137,0.2829772114550664
Isartor,-2.908782454913632,0.04433620781071948
Rosenheimer_Platz,-2.400331642933511,0.1416428267990461
Ostbahnhof,-2.7198099196125844,0.0706725715037579
Leuchtenbergring,-2.049728175001871,0.2652033110957376
Pasing,-3.832927547468455,0.0025878303467024313
Laim,-3.9264749630219846,0.0018484187055973096
Hirschgarten,-2.3689457577829724,0.1506937152859606
Donnersbergerbruecke,-2.713202444891149,0.07178140045935921
Hackerbruecke,-2.5979687803719944,0.09341780636739577
Hauptbahnhof_tief,-2.8456557866937757,0.052042291332797745
Karlsplatz_Stachus,-2.6522927854242457,0.0826637109660357
Marienplatz,-2.864188349064598,0.04967370482413599
Isartor,-2.656021562550634,0.0819624847193795
Rosenheimer_Platz,-3.706666811764398,0.004020350738646253
Ostbahnhof,-2.5401627488230494,0.10600552535713448
Leuchtenbergring,-2.574774969867378,0.09832364230798207
Pasing,-8.860357950596027,1.488638805918528e-14
Laim,-6.330281713750212,2.9177678886645394e-08
Hirschgarten,-8.27635992891807,4.645041963117472e-13
Donnersbergerbruecke,-6.480920587399942,1.2956966110895994e-08
Hackerbruecke,-6.1970807230106635,5.929451229197143e-08
Hauptbahnhof_tief,-6.198561733029792,5.8831600062115816e-08
Karlsplatz_Stachus,-5.09004551085103,1.4679720240773804e-05
Marienplatz,-5.538889673206072,1.7195797195499548e-06
Isartor,-5.708080468558647,7.408132108965446e-07
Rosenheimer_Platz,-5.570846939220055,1.4686826197493535e-06
Ostbahnhof,-4.362849006400895,0.00034514299326451333
Leuchtenbergring,-4.103290985541715,0.0009564640868017804
Pasing,-8.53754291707323,9.985263220003647e-14
Laim,-5.555297315202915,1.5859523366920958e-06
Hirschgarten,-4.713690123818157,7.93082933922818e-05
Donnersbergerbruecke,-4.566604648467923,0.00014876933567159375
Hackerbruecke,-4.182635392532979,0.0007049430949434376
Hauptbahnhof_tief,-3.9962817961871715,0.0014301064909020941
Karlsplatz_Stachus,-4.587739358788222,0.0001360604546859586
Marienplatz,-4.3976783655350795,0.00029965347162055965
Isartor,-4.087314831250567,0.0010163560431220326
Rosenheimer_Platz,-4.35452438167455,0.00035694518624426367
Ostbahnhof,-4.113735731173013,0.0009191121249558489
Leuchtenbergring,-4.883754840218091,3.750451886418703e-05
Pasing,-10.347674505105227,2.5853823834804397e-18
Laim,-5.842458139169946,3.7496793023539775e-07
Hirschgarten,-2.3108505612769785,0.16849232710836454
Donnersbergerbruecke,-7.904909409471298,4.0911729865183656e-12
Hackerbruecke,-11.225000947669788,1.9705598599536158e-20
Hauptbahnhof_tief,-2.67968717167184,0.07761971461165569
Karlsplatz_Stachus,-7.586857813486903,2.5929260361932865e-11
Marienplatz,-5.153348578384086,1.093961510178478e-05
Isartor,-4.906673918963355,3.384606332558281e-05
Rosenheimer_Platz,-5.286799129201539,5.831155758282417e-06
Ostbahnhof,-4.629363324281299,0.00011399477554816697
Leuchtenbergring,-5.749672036166753,6.007112061138138e-07
Pasing,-0.882118975407588,0.7938038513218523
Laim,-1.4222096795704897,0.571583428603809
Hirschgarten,-3.8564195651961675,0.0023800428431811882
Donnersbergerbruecke,-1.5280746202428377,0.5195803514939888
Hackerbruecke,-1.2935590811200024,0.6321138659092107
Hauptbahnhof_tief,-2.9682280818275233,0.03796992159503999
Karlsplatz_Stachus,-3.283266427569369,0.01564323760673274
Marienplatz,-1.0748014470144909,0.7250154899848603
Isartor,-3.0817273857322354,0.027935330243506144
Rosenheimer_Platz,-1.511735292409695,0.527698276238693
Ostbahnhof,-3.0405273345225643,0.03127910496707891
Leuchtenbergring,-1.4856782875463876,0.5405838150330041
Pasing,-7.752482936417449,9.935112578416439e-12
Laim,-4.40720378530684,0.0002882391843935536
Hirschgarten,-5.661347965009603,9.364306814745493e-07
Donnersbergerbruecke,-4.8340626126415165,4.678746446192913e-05
Hackerbruecke,-5.2046986856091175,8.599947955056373e-06
Hauptbahnhof_tief,-5.077244132105398,1.55737467722519e-05
Karlsplatz_Stachus,-4.653507046380916,0.00010280819656274673
Marienplatz,-4.758214146127706,6.533164717470326e-05
Isartor,-4.942295183192973,2.883264187199688e-05
Rosenheimer_Platz,-4.751068918844546,6.740332931448e-05
Ostbahnhof,-4.735861152885204,7.202426232992741e-05
Leuchtenbergring,-5.2581379237595876,6.681756608051774e-06
Pasing,-10.769051907905096,2.4104833494634148e-19
Laim,-15.463187744489979,2.6891075036653023e-28
Hirschgarten,-14.316003717558987,1.1626274664259092e-26
Donnersbergerbruecke,-14.856685944771845,1.7440488906685433e-27
Hackerbruecke,-14.045705534124302,3.243726861646746e-26
Hauptbahnhof_tief,-14.211742053496314,1.7168086364876017e-26
Karlsplatz_Stachus,-9.027072464881874,5.572894508796637e-15
Marienplatz,-8.072107457315097,1.5396723656874993e-12
Isartor,-13.237003828739322,9.334743257595926e-25
Rosenheimer_Platz,-8.603108746230241,6.784734271614708e-14
Ostbahnhof,-8.41486224892131,2.0567217375383566e-13
Leuchtenbergring,-11.276233414199,1.4942181724307102e-20
Pasing,-1.2375872142821285,0.6572213429885526
Laim,-1.4047476119268296,0.5799979491235674
Hirschgarten,-1.6347234924184515,0.4650192301257275
Donnersbergerbruecke,0.016310941441376174,0.9598603818524515
Hackerbruecke,-2.549165681620148,0.10396529028936469
Hauptbahnhof_tief,-2.7734210107248907,0.062171830978009324
Karlsplatz_Stachus,-2.1670618782631177,0.2184164836950953
Marienplatz,-2.4440920508345516,0.12967636696508916
Isartor,-2.884120602748474,0.0472259612973927
Rosenheimer_Platz,-5.948298167311328,2.177537814280577e-07
Ostbahnhof,-5.683756861067366,8.370423364231969e-07
Leuchtenbergring,-5.498065710078568,2.1014372668135864e-06
Pasing,-3.9981291648183146,0.0014203392387746646
Laim,-3.3263924399196143,0.013739169324414184
Hirschgarten,-4.775583397229148,6.054707256421324e-05
Donnersbergerbruecke,-4.33886534643144,0.0003801877103112315
Hackerbruecke,-4.784377562013604,5.825460066854784e-05
Hauptbahnhof_tief,-4.7646715138893665,6.35120242303551e-05
Karlsplatz_Stachus,-4.2280115023355584,0.0005905397123417995
Marienplatz,-4.755572504949843,6.609034925165066e-05
Isartor,-4.430777936600445,0.0002617368423094116
Rosenheimer_Platz,-4.20878039748453,0.0006367097366917992
Ostbahnhof,-4.373341799462036,0.0003307926824509648
Leuchtenbergring,-4.4989710675648675,0.0001974834180343399
Pasing,-10.976680767549535,7.638572484445769e-20
Laim,-3.772738975726667,0.0031988752609285287
Hirschgarten,-3.2233393801441927,0.018672833838375105
Donnersbergerbruecke,-7.339315100793297,1.0755929554616207e-10
Hackerbruecke,-6.097584534395652,1.0014035435412384e-07
Hauptbahnhof_tief,-5.870872258982592,3.2425994638560935e-07
Karlsplatz_Stachus,-7.9304104602759224,3.5255369322205333e-12
Marienplatz,-7.183244222793705,2.616561741150401e-10
Isartor,-7.3819624188312,8.426710427956491e-11
Rosenheimer_Platz,-6.880822101293134,1.4349864728169944e-09
Ostbahnhof,-4.408478932655336,0.0002867428376937534
Leuchtenbergring,-4.56216319122499,0.00015158033815310692
Pasing,-6.987634485929633,7.893340962370089e-10
Laim,-15.42701005534061,2.9826514056583916e-28
Hirschgarten,-9.481098202536673,3.870938894519682e-16
Donnersbergerbruecke,-15.34338287233656,3.8045334590826433e-28
Hackerbruecke,-13.361502223175847,5.416480667843718e-25
Hauptbahnhof_tief,-14.675454463139308,3.2171205930528292e-27
Karlsplatz_Stachus,-6.690615230077821,4.11866818473778e-09
Marienplatz,-13.180163133422719,1.2005745823022212e-24
Isartor,-13.70700929440623,1.2582560504039731e-25
Rosenheimer_Platz,-6.474109012372897,1.34443099250518e-08
Ostbahnhof,-6.195243981256995,5.987358779676523e-08
Leuchtenbergring,-6.323618307111208,3.023728587698205e-08
Pasing,-12.361779859652025,5.525828946570322e-23
Laim,-7.7653113081203555,9.22166994776784e-12
Hirschgarten,-5.6031333152326095,1.2515531066562298e-06
Donnersbergerbruecke,-6.544109043083341,9.190551390602161e-09
Hackerbruecke,-6.670424383739269,4.602756284606766e-09
Hauptbahnhof_tief,-6.24178554913727,4.678049403655556e-08
Karlsplatz_Stachus,-5.549814515869998,1.6294388469364482e-06
Marienplatz,-6.451728469029741,1.5176213475599138e-08
Isartor,-5.648828447614867,9.968789717742379e-07
Rosenheimer_Platz,-6.162267077256948,7.126773534395197e-08
Ostbahnhof,-6.467816024148601,1.3910577995153326e-08
Leuchtenbergring,-6.925718884474978,1.1167077374070953e-09
Pasing,-9.070100500472712,4.325411836854533e-15
Laim,-12.056777854853053,2.522833630864457e-22
Hirschgarten,-9.664371530568818,1.3273005728428924e-16
Donnersbergerbruecke,-12.020950696128416,3.024521853058125e-22
Hackerbruecke,-5.260350953698132,6.612006061702108e-06
Hauptbahnhof_tief,-4.730678338948556,7.366730106677737e-05
Karlsplatz_Stachus,-6.076643589587636,1.1174683389483707e-07
Marienplatz,-10.342195392969359,2.6672430466862206e-18
Isartor,-5.639223291985254,1.0458210755927919e-06
Rosenheimer_Platz,-5.14947406159746,1.1139215740184606e-05
Ostbahnhof,-9.83585957127438,4.8977029077987856e-17
Leuchtenbergring,-5.7183057088323785,7.03666320559674e-07
Pasing,-4.943349800540584,2.8695697747341132e-05
Laim,-9.438215258764336,4.975697256259875e-16
Hirschgarten,-11.48362937896394,4.9257084235339854e-21
Donnersbergerbruecke,-3.712277502014296,0.0039437371671612155
Hackerbruecke,-5.696783098857624,7.840830760473126e-07
Hauptbahnhof_tief,-6.119099709365759,8.944913048947021e-08
Karlsplatz_Stachus,-5.417228512440132,3.1161156574418823e-06
Marienplatz,-5.547616155082609,1.647199430942723e-06
Isartor,-9.229113485758822,1.6972196665022275e-15
Rosenheimer_Platz,-5.884876181356914,3.018020239313464e-07
Ostbahnhof,-5.318521419610679,5.012105891124476e-06
Leuchtenbergring,-7.238736430727128,1.9089314714528175e-10
Pasing,-3.8254644904321484,0.0026572653362666146
Laim,-2.311973268344682,0.16813542794790826
Hirschgarten,-3.7693373535117645,0.0032370836590524706
Donnersbergerbruecke,-5.427485983477394,2.964861623926364e-06
Hackerbruecke,-3.3652396790240378,0.012202487997809397
Hauptbahnhof_tief,-3.3029119616300626,0.014748810442154096
Karlsplatz_Stachus,-3.4807434289690966,0.008495637088849352
Marienplatz,-12.307935484493,7.200282895967138e-23
Isartor,-4.262254087887217,0.0005160356376123817
Rosenheimer_Platz,-4.2256107977472,0.000596126136337887
Ostbahnhof,-1.5073530685555119,0.5298707957185884
Leuchtenbergring,-3.5687392522609644,0.006387570647365163
Pasing,-2.8013673449744516,0.05807871786525496
Laim,-1.8188431848070359,0.37114751492980524
Hirschgarten,-3.1500415480729416,0.023064789231425593
Donnersbergerbruecke,-3.7718217910517136,0.0032091364416889107
Hackerbruecke,-3.5899098915445466,0.005956884903690388
Hauptbahnhof_tief,-3.672241974259948,0.004520976412062249
Karlsplatz_Stachus,-3.0503725862600675,0.030450562929016507
Marienplatz,-3.0788903611725655,0.028155353100784004
Isartor,-3.586853703987055,0.006017387924955851
Rosenheimer_Platz,-3.4901145019568,0.008244633883269853
Ostbahnhof,-3.4380988870887705,0.009726653223454769
Leuchtenbergring,-3.6980200043972724,0.004141090903491745
Pasing,-2.150798247422123,0.22458466655606424
Laim,-4.18107967562763,0.0007092124592945187
Hirschgarten,-3.9337855402985658,0.0017998047080856321
Donnersbergerbruecke,-3.487032371114587,0.008326443134771462
Hackerbruecke,-4.776968424655354,6.018036890835633e-05
Hauptbahnhof_tief,-5.235057996335717,7.453036902295555e-06
Karlsplatz_Stachus,-4.835703119263003,4.6448524638080836e-05
Marienplatz,-3.3514588994219685,0.012729218857626906
Isartor,-4.349130743584632,0.0003647947730587719
Rosenheimer_Platz,-2.8656727685775585,0.04948788489238019
Ostbahnhof,-2.476722054800905,0.12124131282567019
Leuchtenbergring,-3.4968032911681384,0.008069572858813812
Pasing,-2.4456943844734513,0.12925249296775843
Laim,-4.394992034884358,0.0003029491417786733
Hirschgarten,-6.949784749170779,9.759749706831063e-10
Donnersbergerbruecke,-1.944738025540745,0.3113162480384565
Hackerbruecke,-4.224820278224036,0.0005979765317401838
Hauptbahnhof_tief,-4.171791573469501,0.0007352115668377712
Karlsplatz_Stachus,-5.262483292670112,6.545466839873531e-06
Marienplatz,-4.99149068680866,2.3070030802532306e-05
Isartor,-4.1600084414035,0.0007694835459210567
Rosenheimer_Platz,-4.311276995109867,0.00042465665413290554
Ostbahnhof,-3.9655916172523678,0.0016017969407671113
Leuchtenbergring,-4.654318166137015,0.00010245122600202341
Pasing,-5.143591183087342,1.1449031435314057e-05
Laim,-2.0307540863023,0.2732533862125593
Hirschgarten,-4.270784359462825,0.0004989055233068466
Donnersbergerbruecke,-2.91088639857211,0.044096624259290285
Hackerbruecke,-2.6332442482831078,0.08631914646985678
Hauptbahnhof_tief,-3.1513853591906793,0.022976849292980862
Karlsplatz_Stachus,-2.02696747470777,0.27487538932230404
Marienplatz,-3.8913275736697917,0.002099606567572267
Isartor,-3.3740465421014383,0.011876089838341037
Rosenheimer_Platz,-3.874897775936823,0.0022275521212335556
Ostbahnhof,-6.156736795405392,7.337667954145208e-08
Leuchtenbergring,-3.942868944853765,0.0017410548025886153
Pasing,-3.6930685224842112,0.004211714713114975
Laim,-1.6855359920086004,0.4385797534571127
Hirschgarten,-1.7905296827496129,0.3851734763171283
Donnersbergerbruecke,-6.305758526867097,3.326762684502085e-08
Hackerbruecke,-2.3652997077859674,0.1517707227607093
Hauptbahnhof_tief,-2.06553967228804,0.2585950518934542
Karlsplatz_Stachus,-9.240497586545596,1.5873811714413155e-15
Marienplatz,-9.307612876500698,1.0702204440334576e-15
Isartor,-6.880983767016855,1.4336930848648433e-09
Rosenheimer_Platz,-2.614555716047735,0.09002605898941285
Ostbahnhof,-2.544452478578767,0.10502967067121127
Leuchtenbergring,-7.150705338730017,3.1466580637569776e-10
Pasing,-5.240228821045912,7.2730751549408285e-06
Laim,-2.0517373363313447,0.26435852336541976
Hirschgarten,-2.0280861249897577,0.274395681556583
Donnersbergerbruecke,-6.209113246347322,5.563478685122452e-08
Hackerbruecke,-2.035269262429602,0.2713259944402782
Hauptbahnhof_tief,-5.475993488591533,2.3410706475535274e-06
Karlsplatz_Stachus,-6.14815338543646,7.677187745442419e-08
Marienplatz,-2.141957314336112,0.2279813015899952
Isartor,-5.670286559105737,8.954766600428198e-07
Rosenheimer_Platz,-7.091098387751973,4.4081996922756345e-10
Ostbahnhof,-2.010841313016442,0.2818398856116134
Leuchtenbergring,-3.4863263232593735,0.008345286191576201
Pasing,-10.748614281280659,2.701212144305367e-19
Laim,-14.275935120077465,1.3492949522919908e-26
Hirschgarten,-13.852242458411848,6.970551181328855e-26
Donnersbergerbruecke,-13.886810469124555,6.068849339354961e-26
Hackerbruecke,-14.439969241746038,7.387242511838031e-27
Hauptbahnhof_tief,-5.683908188188034,8.364075042924279e-07
Karlsplatz_Stachus,-14.49033380187311,6.1633263881403515e-27
Marienplatz,-13.637414258799739,1.6780440786891286e-25
Isartor,-4.987674767105977,2.34740195659507e-05
Rosenheimer_Platz,-12.423954668609474,4.078196824565631e-23
Ostbahnhof,-4.84827995888916,4.392729156840965e-05
Leuchtenbergring,-8.781351968636203,2.3719446425669285e-14
Pasing,-14.23766250398251,1.5571469384583677e-26
Laim,-4.261395001032436,0.0005177912215497115
Hirschgarten,-5.570116050825434,1.4740002503456926e-06
Donnersbergerbruecke,-12.897066734006746,4.3261779018319616e-24
Hackerbruecke,-12.837296806064291,5.704613383338339e-24
Hauptbahnhof_tief,-4.917049632096924,3.230511598898662e-05
Karlsplatz_Stachus,-12.973219571789553,3.0503245067093422e-24
Marienplatz,-8.950905840917722,8.729337518054567e-15
Isartor,-4.041753696648463,0.001206985238495153
Rosenheimer_Platz,-4.533758721397163,0.00017079068720501068
Ostbahnhof,-4.461266429495272,0.0002308783977084918
Leuchtenbergring,-10.4777377903242,1.2364059949928928e-18
Pasing,-9.90177260140875,3.343161552842475e-17
Laim,-3.871562954397978,0.0022543865494079733
Hirschgarten,-3.415595177081062,0.010438583492659281
Donnersbergerbruecke,-4.0886205629058,0.0010113324088159856
Hackerbruecke,-3.2808033903994094,0.015758675633176896
Hauptbahnhof_tief,-4.739918171062651,7.07626753434304e-05
Karlsplatz_Stachus,-5.617307215982607,1.1664335113682648e-06
Marienplatz,-3.587111565309106,0.006012261641620902
Isartor,-4.810961996061215,5.181986845016018e-05
Rosenheimer_Platz,-3.883403363557492,0.002160441725984133
Ostbahnhof,-4.64967140813517,0.00010451240853423306
Leuchtenbergring,-4.828921736574498,4.7865059873330825e-05
Pasing,-7.2869948937644855,1.4500977424935278e-10
Laim,-5.453970924484888,2.6065873255700344e-06
Hirschgarten,-5.685033053783841,8.317032939151964e-07
Donnersbergerbruecke,-5.496267521853473,2.1200308429115767e-06
Hackerbruecke,-5.355587088570147,4.196054511264418e-06
Hauptbahnhof_tief,-5.278207545870775,6.074450521187098e-06
Karlsplatz_Stachus,-5.311798050118142,5.175793546820898e-06
Marienplatz,-5.074569236393352,1.5767090612979996e-05
Isartor,-5.24854348359588,6.992494114012698e-06
Rosenheimer_Platz,-4.939918147433531,2.914361650499154e-05
Ostbahnhof,-5.016237803335596,2.06082201080762e-05
Leuchtenbergring,-6.7393783065768265,3.1471644600411123e-09
Pasing,-12.822229885692712,6.1185130518374246e-24
Laim,-6.780692281261038,2.5039450616638892e-09
Hirschgarten,-6.177772438188815,6.566720570388377e-08
Donnersbergerbruecke,-11.404021749004626,7.526306034194542e-21
Hackerbruecke,-12.82085038049858,6.157917384470262e-24
Hauptbahnhof_tief,-12.78500937685695,7.278325959835255e-24
Karlsplatz_Stachus,-5.599565791364639,1.2739139662394584e-06
Marienplatz,-3.7611212443550484,0.0033311057662467566
Isartor,-5.378081081806851,3.7653886544590856e-06
Rosenheimer_Platz,-3.6441206140066873,0.00497144639587167
Ostbahnhof,-5.513654925334122,1.946758914432567e-06
Leuchtenbergring,-5.294582574610143,5.618925756294918e-06
Pasing,-0.606545780361357,0.8694960781605561
Laim,-2.8435090193684847,0.052322548314722266
Hirschgarten,-2.239563763566974,0.19220060745532558
Donnersbergerbruecke,-2.722465730927221,0.07023074181390815
Hackerbruecke,-4.479846896335918,0.00021380198579400787
Hauptbahnhof_tief,-5.321668734615847,4.937218456695304e-06
Karlsplatz_Stachus,-4.096523969261821,0.0009814175250807897
Marienplatz,-4.088096004487717,0.0010133477817884544
Isartor,-3.568881000865464,0.00638459561743651
Rosenheimer_Platz,-2.9913429813838825,0.03571080413401003
Ostbahnhof,-2.211594923786597,0.20206411553580617
Leuchtenbergring,-4.175551635998546,0.0007245804317534669
Pasing,-12.484011387772023,3.0469512621322346e-23
Laim,-3.961205353226548,0.00162784465030178
Hirschgarten,-3.1822952535712195,0.021032645482336312
Donnersbergerbruecke,-4.076112881199285,0.0010604233419170125
Hackerbruecke,-3.325833955395063,0.013762456011468449
Hauptbahnhof_tief,-5.4684606807305585,2.428784530220478e-06
Karlsplatz_Stachus,-4.839479206231582,4.567729846532421e-05
Marienplatz,-4.851555347037963,4.3292586796981975e-05
Isartor,-4.781104603746706,5.909789843158349e-05
Rosenheimer_Platz,-4.331094759448924,0.0003922460068132389
Ostbahnhof,-4.58038243274957,0.00014036210926711044
Leuchtenbergring,-4.439953882432087,0.0002520601838906852
Pasing,-4.116168184820077,0.0009106116612372498
Laim,-7.398932736196667,7.64586911167954e-11
Hirschgarten,-13.907148942873183,5.59592154136447e-26
Donnersbergerbruecke,-7.7592199241947615,9.553850039932965e-12
Hackerbruecke,-13.94902632563477,4.7391546981118857e-26
Hauptbahnhof_tief,-14.047090001909849,3.226311712187289e-26
Karlsplatz_Stachus,-13.898148988086787,5.800274036053917e-26
Marienplatz,-14.222797087631465,1.6467089831495415e-26
Isartor,-13.876921748479173,6.313657706034576e-26
Rosenheimer_Platz,-13.014679742888081,2.525441348464978e-24
Ostbahnhof,-13.264143425223526,8.283643017722672e-25
Leuchtenbergring,-11.375427991918471,8.769651809180956e-21
Pasing,-8.254848704273146,5.270890342902593e-13
Laim,-13.188358373565181,1.1576573519231834e-24
Hirschgarten,-7.161274588179119,2.963741290347288e-10
Donnersbergerbruecke,-6.225874888771873,5.090414600759925e-08
Hackerbruecke,-8.748700088563337,2.8755703153107513e-14
Hauptbahnhof_tief,-12.024063457079869,2.9771627823044967e-22
Karlsplatz_Stachus,-12.775030916144376,7.626041259367094e-24
Marienplatz,-8.450914312742158,1.6633688536376053e-13
Isartor,-11.169124094159814,2.6677709042667506e-20
Rosenheimer_Platz,-8.686907952337172,4.1396784752475015e-14
Ostbahnhof,-8.168218736348818,8.765313607239845e-13
Leuchtenbergring,-10.366304663024499,2.3255099993029407e-18
Pasing,-5.123996584178299,1.2542239743406355e-05
Laim,-4.577573639168766,0.00014203839685772172
Hirschgarten,-3.574386380649749,0.006270013970011572
Donnersbergerbruecke,-9.944543656889936,2.610566395872329e-17
Hackerbruecke,-6.006799234814701,1.6083158163035933e-07
Hauptbahnhof_tief,-4.197005356746386,0.0006666333661575433
Karlsplatz_Stachus,-10.303758527918486,3.3198990144551924e-18
Marienplatz,-5.8842811781226905,3.027244637049705e-07
Isartor,-5.053729917788343,1.7354834179608114e-05
Rosenheimer_Platz,-5.7230787666354805,6.869554537861361e-07
Ostbahnhof,-4.701074737791048,8.376244337688003e-05
Leuchtenbergring,-4.715517600965282,7.868217452598026e-05
Pasing,-4.118248526174984,0.0009034001722041975
Laim,-3.101448934006953,0.02644614653655205
Hirschgarten,-3.039480086589747,0.03136835535506746
Donnersbergerbruecke,-2.896654441090821,0.04573842592261781
Hackerbruecke,-2.6001785611831374,0.09296036808910285
Hauptbahnhof_tief,-2.9964834857143656,0.03522410603070331
Karlsplatz_Stachus,-6.134771880426717,8.237499931354696e-08
Marienplatz,-3.0776476664381396,0.02825219510398061
Isartor,-3.382292588645276,0.011577532659275856
Rosenheimer_Platz,-2.004273559618069,0.28470244168084025
Ostbahnhof,-1.9156926074562586,0.32471520465203196
Leuchtenbergring,-4.140231261707283,0.0008303982122703513
Pasing,-12.245340833458156,9.812684828239989e-23
Laim,-4.631911996590367,0.00011276114219555214
Hirschgarten,-5.3867016442243045,3.611994660514063e-06
Donnersbergerbruecke,-5.557859174292224,1.5660227836239963e-06
Hackerbruecke,-14.101517482148058,2.613630039880135e-26
Hauptbahnhof_tief,-5.433695870605443,2.876787571696391e-06
Karlsplatz_Stachus,-5.543064067165109,1.6845774881439912e-06
Marienplatz,-7.385048568443267,8.279048073275617e-11
Isartor,-5.576994454686446,1.4246898281491155e-06
Rosenheimer_Platz,-3.4306043374321464,0.009958777632307288
Ostbahnhof,-4.836152792040937,4.6356031808421526e-05
Leuchtenbergring,-4.3126214028954015,0.00042238030823263265
Pasing,-10.159472268506953,7.574677181070774e-18
Laim,-8.882605966633957,1.3056444295199096e-14
Hirschgarten,-14.640210207550464,3.634061492737408e-27
Donnersbergerbruecke,-15.043734134197877,9.510698951237204e-28
Hackerbruecke,-5.264240981578399,6.491107075665606e-06
Hauptbahnhof_tief,-14.463243285765879,6.792531844378895e-27
Karlsplatz_Stachus,-13.289528960909722,7.410883214035939e-25
Marienplatz,-5.455990513042571,2.581066204291719e-06
Isartor,-5.70601669712565,7.485395837747973e-07
Rosenheimer_Platz,-11.718998280017255,1.4283100774900488e-21
Ostbahnhof,-14.346166123827231,1.0401224515237267e-26
Leuchtenbergring,-11.164499409284547,2.735644456203922e-20
Pasing,-4.737910950486015,7.138417937709477e-05
Laim,-4.0780924357422395,0.0010525082433949157
Hirschgarten,-3.3229921058086367,0.013881491565293206
Donnersbergerbruecke,-2.7740525655923713,0.062076828417523565
Hackerbruecke,-4.329570806746608,0.00039465287973259954
Hauptbahnhof_tief,-2.6063190392866717,0.09169827103316425
Karlsplatz_Stachus,-3.9082930686913113,0.0019746553397186023
Marienplatz,-3.5045822433984357,0.007870189242439922
Isartor,-4.027998669743583,0.0012707934018892485
Rosenheimer_Platz,-3.3655649590676795,0.01219029232360719
Ostbahnhof,-4.402681256967539,0.0002936061437195627
Leuchtenbergring,-3.5475646547222537,0.0068463315506656465
Pasing,-11.651645617443547,2.030603612905664e-21
Laim,-4.713013937805215,7.954117086568216e-05
Hirschgarten,-13.041105366244688,2.240240767733019e-24
Donnersbergerbruecke,-3.764266384808575,0.003294821634283166
Hackerbruecke,-4.34936598336705,0.000364449039554655
Hauptbahnhof_tief,-13.274223233125054,7.925051152955791e-25
Karlsplatz_Stachus,-11.75711393467136,1.1714729446650123e-21
Marienplatz,-4.069237996970304,0.001088346374993857
Isartor,-12.887381962310055,4.5238493319619416e-24
Rosenheimer_Platz,-5.777317843925983,5.222849948082509e-07
Ostbahnhof,-3.910785883120489,0.0019568873796710047
Leuchtenbergring,-11.772783156147302,1.0799955320774215e-21
Pasing,-4.457157914083318,0.0002348254543043745
Laim,-5.941333661156721,2.257245571323621e-07
Hirschgarten,-8.224192823632396,6.31079052266868e-13
Donnersbergerbruecke,-2.6050150361801583,0.09196518506364154
Hackerbruecke,-5.312327328043738,5.162721794876696e-06
Hauptbahnhof_tief,-7.254898843135231,1.7411448476754948e-10
Karlsplatz_Stachus,-2.462832152100589,0.12478150013081563
Marienplatz,-5.336387926025134,4.601166462802099e-06
Isartor,-2.3885960783155022,0.14498098444132396
Rosenheimer_Platz,-4.391147857776117,0.000307725090146427
Ostbahnhof,-4.058112159476825,0.0011349952332848291
Leuchtenbergring,-4.414480003940827,0.0002797991211303093
Pasing,-4.509317776582676,0.00018915567399865066
Laim,-7.7344447258352025,1.1032081595594794e-11
Hirschgarten,-6.9511541336861855,9.685172135327782e-10
Donnersbergerbruecke,-3.886834297385825,0.002133904512656058
Hackerbruecke,-4.11040411550507,0.0009308754628403362
Hauptbahnhof_tief,-2.5028804415476116,0.11477505436549196
Karlsplatz_Stachus,-2.372465114193153,0.14965919506682912
Marienplatz,-3.2945079727363367,0.015125760239323249
Isartor,-5.483854682777051,2.2528218905592377e-06
Rosenheimer_Platz,-3.4386270175098694,0.009710479704386543
Ostbahnhof,-3.2822390080049084,0.015691300150008913
Leuchtenbergring,-3.6114394804264793,0.005546058028905627
Pasing,-12.98962881983133,2.8303251589253958e-24
Laim,-5.059269637181521,1.6918310734823926e-05
Hirschgarten,-13.151814467375619,1.3621049054569238e-24
Donnersbergerbruecke,-4.5017596020699715,0.00019520531639377576
Hackerbruecke,-12.274237633430563,8.503888850750777e-23
Hauptbahnhof_tief,-13.885474987048424,6.101325037743216e-26
Karlsplatz_Stachus,-5.042502023909081,1.827317775125826e-05
Marienplatz,-7.018957422448323,6.619476722497609e-10
Isartor,-3.5395474169873005,0.0070276579263868775
Rosenheimer_Platz,-6.646181163399971,5.258643371409029e-09
Ostbahnhof,-3.626050517278802,0.0052820891157096496
Leuchtenbergring,-7.0598411910965195,5.258348213257616e-10
Pasing,-7.927543810744342,3.5850216657551505e-12
Laim,-2.274964274980849,0.18016965172137273
Hirschgarten,-4.814454699263561,5.102697617954053e-05
Donnersbergerbruecke,-3.2695359615539417,0.016296362005344962
Hackerbruecke,-5.360189431237626,4.104216097604166e-06
Hauptbahnhof_tief,-2.666232471142378,0.08006600181877982
Karlsplatz_Stachus,-2.7647448676826882,0.06348884834887313
Marienplatz,-3.4765260340529007,0.008610822140234925
Isartor,-3.3069951857514974,0.014568670424908182
Rosenheimer_Platz,-3.346849431508844,0.012909847610892441
Ostbahnhof,-4.87321719699647,3.9311519153544715e-05
Leuchtenbergring,-10.689696804153664,3.753537305675385e-19
Pasing,-3.3719888113940235,0.01195165066847285
Laim,-3.39300834793843,0.011199538233051183
Hirschgarten,-3.0997510212557,0.026571619512913862
Donnersbergerbruecke,-4.216287651933111,0.0006182962525441406
Hackerbruecke,-2.8375989613928287,0.053100487453183354
Hauptbahnhof_tief,-3.5918803349034962,0.005918169187073271
Karlsplatz_Stachus,-4.406017159465426,0.00028963830149071206
Marienplatz,-2.951164274590028,0.03971362149692347
Isartor,-3.4088900315312185,0.010659518683227693
Rosenheimer_Platz,-3.564176153004955,0.006484014009075385
Ostbahnhof,-3.434962218452565,0.009823208251304552
Leuchtenbergring,-4.009029774381117,0.0013639598145446024
Pasing,-4.20279865412718,0.0006517494768777752
Laim,-5.006901063797992,2.1505695589195118e-05
Hirschgarten,-5.337480881130291,4.577118938256922e-06
Donnersbergerbruecke,-4.365338746374167,0.000341685559711546
Hackerbruecke,-4.524952281987264,0.0001772030362334302
Hauptbahnhof_tief,-6.2797877525941965,3.821406184666013e-08
Karlsplatz_Stachus,-4.798197173919179,5.481946504190382e-05
Marienplatz,-5.271078643373323,6.2837733909005545e-06
Isartor,-3.818905686520123,0.002719701194127029
Rosenheimer_Platz,-5.068625063064874,1.6205077011839138e-05
Ostbahnhof,-5.291219597686891,5.70968777414584e-06
Leuchtenbergring,-9.454880466468682,4.513032867032165e-16
Pasing,-11.88286350706897,6.119419769975633e-22
Laim,-4.357745728885788,0.00035233354370792225
Hirschgarten,-4.686575482493454,8.917748354682415e-05
Donnersbergerbruecke,-4.202462596299119,0.0006526042530794389
Hackerbruecke,-5.423633522179722,3.0208126555269004e-06
Hauptbahnhof_tief,-4.888830230900452,3.66629534500691e-05
Karlsplatz_Stachus,-3.9893314540626443,0.0014674167782625413
Marienplatz,-3.6772197866114613,0.004445230437688154
Isartor,-4.26059500945878,0.0005194311032829866
Rosenheimer_Platz,-4.972964019859648,2.5096210640523448e-05
Ostbahnhof,-10.761116230748032,2.5194165495253033e-19
Leuchtenbergring,-3.407791365233357,0.010696114789424054
Pasing,-10.499465061097528,1.0935429443978251e-18
Laim,-14.545643521622898,5.062112476012072e-27
Hirschgarten,-5.922545695110034,2.486800254936176e-07
Donnersbergerbruecke,-2.6998043062656105,0.07407213872442307
Hackerbruecke,-9.228335473365052,1.7049985888083737e-15
Hauptbahnhof_tief,-12.148154944515925,1.5929716879723637e-22
Karlsplatz_Stachus,-2.1162493233589332,0.23803106425908094
Marienplatz,-6.49788400906537,1.1817673454047464e-08
Isartor,-2.2893340655549723,0.17543102613179473
Rosenheimer_Platz,-6.35276711718023,2.5864730346607146e-08
Ostbahnhof,-6.202391920603555,5.765082055926235e-08
Leuchtenbergring,-4.4265551631378095,0.00026630753772965407
Pasing,-11.973705209054865,3.8453327474103157e-22
Laim,-5.5915706311715265,1.3254508652078195e-06
Hirschgarten,-10.63865242883368,4.995741277415141e-19
Donnersbergerbruecke,-6.288304790263802,3.651703193213477e-08
Hackerbruecke,-5.013199234753565,2.0896255202901496e-05
Hauptbahnhof_tief,-9.525416288073595,2.9869735272543287e-16
Karlsplatz_Stachus,-6.052411157982009,1.2683091768636154e-07
Marienplatz,-5.848518562627919,3.6353972182987225e-07
Isartor,-9.719653222104679,9.619808585506022e-17
Rosenheimer_Platz,-5.036005354107313,1.882578804007626e-05
Ostbahnhof,-4.953013961452346,2.7469619423527496e-05
Leuchtenbergring,-9.837154721104321,4.8610557056100845e-17
Pasing,-3.695119123550684,0.004182334189039906
Laim,-5.3197052157449916,4.9838101050601946e-06
Hirschgarten,-3.207983695045318,0.01952717772304119
Donnersbergerbruecke,-4.9995428154484625,2.2239438659988753e-05
Hackerbruecke,-2.4687039719752297,0.12327583671611314
Hauptbahnhof_tief,-3.3257669414680042,0.01376525258094017
Karlsplatz_Stachus,-5.46520659032884,2.467657605504018e-06
Marienplatz,-4.121279530157812,0.0008929889294806184
Isartor,-3.9536119216818677,0.0016738707164291298
Rosenheimer_Platz,-4.482886068805362,0.000211125685918251
Ostbahnhof,-4.890006069101938,3.6470591733742966e-05
Leuchtenbergring,-4.548817199251019,0.000160334819145372
Pasing,-2.6176411348210267,0.08940574117631916
Laim,-3.8483148494223807,0.002449922070649864
Hirschgarten,-4.967133781174106,2.5768574551811504e-05
Donnersbergerbruecke,-4.050970413142029,0.0011659166888104474
Hackerbruecke,-7.164143217740466,2.9159399838685735e-10
Hauptbahnhof_tief,-3.7602585139741573,0.003341122635850003
Karlsplatz_Stachus,-3.4864794928594516,0.0083411951391593
Marienplatz,-5.259320119102163,6.6444077515508485e-06
Isartor,-5.15902301677286,1.0653521822855228e-05
Rosenheimer_Platz,-7.233082206047909,1.9713367537975805e-10
Ostbahnhof,-4.209484148190859,0.0006349619363983612
Leuchtenbergring,-3.73805279925696,0.003608653991323124
Pasing,-11.701311367055194,1.5662661256641959e-21
Laim,-2.932137615508708,0.04173643802538519
Hirschgarten,-1.9822845079866969,0.29439433411610183
Donnersbergerbruecke,-3.1585333181390975,0.022513938917521036
Hackerbruecke,-11.856110570671154,7.021810538079283e-22
Hauptbahnhof_tief,-4.3527657986051995,0.0003594867955117295
Karlsplatz_Stachus,-10.672177091222101,4.14015877019724e-19
Marienplatz,-10.800814420477213,2.0200369633409394e-19
Isartor,-3.202365231613379,0.01984817788983202
Rosenheimer_Platz,-6.128516065207717,8.513033291390367e-08
Ostbahnhof,-2.9686092598770157,0.03793171610928931
Leuchtenbergring,-4.91314213833922,3.287733981572643e-05
Pasing,-5.344503016491145,4.425501169022504e-06
Laim,-14.454186819889369,7.017712313438542e-27
Hirschgarten,-5.695658560104183,7.885228386440041e-07
Donnersbergerbruecke,-4.740875917358637,7.046795465481782e-05
Hackerbruecke,-14.191916760729915,1.8504710896870416e-26
Hauptbahnhof_tief,-8.652276004412487,5.077475608849587e-14
Karlsplatz_Stachus,-13.304970279151064,6.92696327182275e-25
Marienplatz,-8.311636345645544,3.7751289146581185e-13
Isartor,-8.517655857528677,1.1226667503906982e-13
Rosenheimer_Platz,-6.532327398992501,9.79960701482808e-09
Ostbahnhof,-5.973780345316944,1.908722426153275e-07
Leuchtenbergring,-9.976171627749645,2.1746913287610348e-17
Pasing,-11.183292490310762,2.4702566994863146e-20
Laim,-6.6762679420858975,4.457152639390274e-09
Hirschgarten,-13.206906386451097,1.0662638885227998e-24
Donnersbergerbruecke,-15.066738094984075,8.843267606226424e-28
Hackerbruecke,-3.1777088992703955,0.021311779677010395
Hauptbahnhof_tief,-6.768276327341376,2.6822208712446812e-09
Karlsplatz_Stachus,-5.361992365353191,4.068773866813838e-06
Marienplatz,-8.434685880474317,1.8301614813057397e-13
Isartor,-7.068266094136879,5.014402383432846e-10
Rosenheimer_Platz,-4.978177659333128,2.450930111234286e-05
Ostbahnhof,-6.932225776204012,1.076788844514644e-09
Leuchtenbergring,-6.770259361313437,2.6529282814884826e-09
Pasing,-8.64435281398773,5.3202912177710845e-14
Laim,-7.003098549728124,7.236711967895218e-10
Hirschgarten,-4.231006755517685,0.0005836388755225401
Donnersbergerbruecke,-9.642875990134375,1.5044725907449977e-16
Hackerbruecke,-6.9348002062048835,1.0613877141206159e-09
Hauptbahnhof_tief,-6.2428238464884656,4.652311251690103e-08
Karlsplatz_Stachus,-5.917072919906598,2.557864523038456e-07
Marienplatz,-4.168642526666469,0.0007442276646285602
Isartor,-5.6044634429955416,1.2433143487261562e-06
Rosenheimer_Platz,-7.517847896910117,3.860615616399815e-11
Ostbahnhof,-3.641782943377631,0.005010674407079797
Leuchtenbergring,-5.452527502316787,2.6249778112235434e-06
Pasing,-5.040227620766017,1.8464834427939608e-05
Laim,-3.4656920475761828,0.008913170323726982
Hirschgarten,-3.5580091699729306,0.00661644915190301
Donnersbergerbruecke,-4.251904885766419,0.0005375630594473945
Hackerbruecke,-5.16626496901783,1.0298898817503016e-05
Hauptbahnhof_tief,-4.585376936582448,0.00013742788613219312
Karlsplatz_Stachus,-4.432783587553613,0.000259592109341869
Marienplatz,-5.0078213424659115,2.14155875914495e-05
Isartor,-6.028816691755854,1.434301160262355e-07
Rosenheimer_Platz,-4.405855860480606,0.0002898289809215266
Ostbahnhof,-4.399464600602463,0.0002974809055081592
Leuchtenbergring,-4.995073147273823,2.2696864851796296e-05
Pasing,-4.614931658564527,0.00012122691114914159
Laim,-13.841348905017286,7.282780891687427e-26
Hirschgarten,-12.60644560503395,1.6917822644242554e-23
Donnersbergerbruecke,-5.0781944874809595,1.5505607220630706e-05
Hackerbruecke,-8.32427846430282,3.504669490647e-13
Hauptbahnhof_tief,-3.7726619199739893,0.003199736175685489
Karlsplatz_Stachus,-6.109664019814465,9.39923611625108e-08
Marienplatz,-7.514125940511636,3.9442724869629793e-11
Isartor,-5.861042547827204,3.409925271230438e-07
Rosenheimer_Platz,-3.2408169141178247,0.017740312980059205
Ostbahnhof,-4.0337283719259736,0.0012438407779892322
Leuchtenbergring,-2.4901905205470705,0.11787935721872739
Pasing,-11.172038239426488,2.625880056535438e-20
Laim,-12.880237175272525,4.6756057189553245e-24
Hirschgarten,-13.522241537375091,2.720784896972167e-25
Donnersbergerbruecke,-5.129452534465645,1.2228099813524052e-05
Hackerbruecke,-5.448842329944415,2.672504578296217e-06
Hauptbahnhof_tief,-4.826675792313677,4.8343284682967705e-05
Karlsplatz_Stachus,-12.963076746148667,3.1950289729704464e-24
Marienplatz,-10.160174895133137,7.544222716598287e-18
Isartor,-5.275418491634471,6.155526262420792e-06
Rosenheimer_Platz,-8.408251955613672,2.138330695728914e-13
Ostbahnhof,-13.616070394598959,1.8340955871838357e-25
Leuchtenbergring,-6.340239723822969,2.7661921575190042e-08
Pasing,-12.12725264441287,1.769004438349678e-22
Laim,-4.6434321367909694,0.00010734239146132057
Hirschgarten,-6.213047898186113,5.4486924665607065e-08
Donnersbergerbruecke,-8.206874344389432,6.986257351239455e-13
Hackerbruecke,-11.992171741785365,3.500428474427177e-22
Hauptbahnhof_tief,-12.864008947268298,5.040023975640132e-24
Karlsplatz_Stachus,-8.299425823852928,4.0561050654692403e-13
Marienplatz,-11.442745471729957,6.1218700488833084e-21
Isartor,-11.886532566243282,6.005212921726862e-22
Rosenheimer_Platz,-6.296480001022738,3.495792072109473e-08
Ostbahnhof,-7.557945181955664,3.063865436749466e-11
Leuchtenbergring,-3.2844504098610066,0.015588011706263361
Pasing,-5.5156817721882945,1.9274813548516252e-06
Laim,-14.145658724500077,2.2065502132555337e-26
Hirschgarten,-4.421239669695351,0.00027216868835709717
Donnersbergerbruecke,-4.497351044922807,0.0001988184895908299
Hackerbruecke,-4.238320489281315,0.0005671062928050566
Hauptbahnhof_tief,-4.133441560760732,0.0008523335188991506
Karlsplatz_Stachus,-3.7586600366160434,0.003359755129846552
Marienplatz,-4.107516783917314,0.0009411840076003329
Isartor,-3.6042191962331795,0.005680876196455914
Rosenheimer_Platz,-3.7241395347286543,0.003786141479072972
Ostbahnhof,-4.162165084559097,0.0007631007516071361
Leuchtenbergring,-3.7203908124649856,0.003835311442769746
Pasing,-4.275203136130479,0.0004902441932069529
Laim,-11.727543162795305,1.3661497693378827e-21
Hirschgarten,-1.9703111731478922,0.2997403712229537
Donnersbergerbruecke,-3.005579098159398,0.034376657369353275
Hackerbruecke,-2.341333640130295,0.15898325330811275
Hauptbahnhof_tief,-2.488436712936076,0.11831320729708533
Karlsplatz_Stachus,-2.565063063300163,0.1004351216291538
Marienplatz,-1.6844277786477972,0.4391530846221014
Isartor,-1.7938921227438318,0.38349827386448243
Rosenheimer_Platz,-1.8924561484117084,0.33561825648880433
Ostbahnhof,-1.480861972957266,0.5429565135967781
Leuchtenbergring,-1.9390938744694002,0.313899393449524
Pasing,-5.33166481541226,4.706503653288599e-06
Laim,-6.939218398578633,1.0354628066256682e-09
Hirschgarten,-9.143229503748213,2.812462627951747e-15
Donnersbergerbruecke,-6.3233697290041215,3.027753846748624e-08
Hackerbruecke,-3.0242974218238,0.0326867901269126
Hauptbahnhof_tief,-5.848817375071142,3.6298515274429647e-07
Karlsplatz_Stachus,-5.948127829389448,2.1794539978823364e-07
Marienplatz,-4.495482096489196,0.0002003693662944704
Isartor,-6.117886371901846,9.002103895942962e-08
Rosenheimer_Platz,-4.749785255194687,6.778212492515173e-05
Ostbahnhof,-5.893571278089485,2.8863175691200744e-07
Leuchtenbergring,-4.932500572470064,3.0134920805889162e-05
Pasing,-4.785945588811408,5.7854690490379086e-05
Laim,-3.640273810793537,0.0050361483160261036
Hirschgarten,-4.43043002809214,0.0002621105836811781
Donnersbergerbruecke,-4.572197376427903,0.00014530033279815883
Hackerbruecke,-3.475426826468972,0.00864107296380954
Hauptbahnhof_tief,-4.127578478301837,0.0008717111275399387
Karlsplatz_Stachus,-3.86932455171972,0.0022725656892533044
Marienplatz,-4.034590681890567,0.0012398309326783132
Isartor,-2.806333265184394,0.057374785537699306
Rosenheimer_Platz,-3.0191379293421017,0.0331454004196826
Ostbahnhof,-3.5736267313325856,0.006285712793717134
Leuchtenbergring,-2.5891628932241835,0.09525782681712103
Pasing,-4.797860165778027,5.490087315402328e-05
Laim,-5.1657996338631476,1.0321337631644714e-05
Hirschgarten,-4.923291033110187,3.141094207973099e-05
Donnersbergerbruecke,-5.590815150541786,1.3304245227529935e-06
Hackerbruecke,-4.8158808462758955,5.070658111684019e-05
Hauptbahnhof_tief,-5.223834549433439,7.858620276217084e-06
Karlsplatz_Stachus,-5.859321377002193,3.4400807385004205e-07
Marienplatz,-3.576697570249286,0.00622246924326419
Isartor,-4.870930973400676,3.971446767689573e-05
Rosenheimer_Platz,-5.070963715123212,1.603137306628275e-05
Ostbahnhof,-6.175535606116025,6.644761854807712e-08
Leuchtenbergring,-3.6828954980469346,0.004360279119327821
Pasing,-3.113179697776294,0.025593082275552237
Laim,-3.076848152190452,0.028314650981296218
Hirschgarten,-2.372292452556775,0.1497098332687698
Donnersbergerbruecke,-2.48376225731154,0.1194752957057903
Hackerbruecke,-3.2384290649304512,0.01786526572836073
Hauptbahnhof_tief,-2.529815257926688,0.10838743863542655
Karlsplatz_Stachus,-2.8971758837727206,0.04567739075383376
Marienplatz,-2.400542121125579,0.14158345746633488
Isartor,-2.541685008362572,0.1056584555308035
Rosenheimer_Platz,-2.3728740701749516,0.14953930417515549
Ostbahnhof,-2.6178237962057924,0.0893691210600992
Leuchtenbergring,-3.3883909826822785,0.011361046037126643
Pasing,-5.9173033386626255,2.5548328162591627e-07
Laim,-6.321571237149754,3.057034546471477e-08
Hirschgarten,-4.723822441974562,7.589596257064199e-05
Donnersbergerbruecke,-5.802828388726681,4.5885188046358547e-07
Hackerbruecke,-8.354860094181156,2.927710238750952e-13
Hauptbahnhof_tief,-8.456279763626238,1.6116331462296097e-13
Karlsplatz_Stachus,-14.187777588266806,1.8797290755630787e-26
Marienplatz,-8.161363504671762,9.12499707042649e-13
Isartor,-9.004817079224274,6.353583808407011e-15
Rosenheimer_Platz,-7.860230547033754,5.308415675168284e-12
Ostbahnhof,-8.094657876617225,1.349164815721845e-12
Leuchtenbergring,-5.846245779451298,3.677850244279332e-07
Pasing,-12.607410748889595,1.6840078576349055e-23
Laim,-8.888849121007006,1.2584634284659445e-14
Hirschgarten,-4.235030932016499,0.0005744869517567962
Donnersbergerbruecke,-4.908986810107205,3.349655617011892e-05
Hackerbruecke,-4.69907035417069,8.449181999542005e-05
Hauptbahnhof_tief,-4.675272176015934,9.362962202114516e-05
Karlsplatz_Stachus,-4.325232923295189,0.0004015806283482864
Marienplatz,-5.5495529131548915,1.6315425175360155e-06
Isartor,-4.378904624432101,0.0003234157871464668
Rosenheimer_Platz,-4.207039784111456,0.0006410520962829609
Ostbahnhof,-5.810762838259884,4.4070603953973475e-07
Leuchtenbergring,-6.148474845817117,7.664198599772559e-08
Pasing,-5.421263971875594,3.0557352385048396e-06
Laim,-13.574619395164346,2.1816462027708367e-25
Hirschgarten,-5.883383936255013,3.0412068862975e-07
Donnersbergerbruecke,-8.290721103977436,4.269057530561852e-13
Hackerbruecke,-5.580646031569089,1.3991693680057822e-06
Hauptbahnhof_tief,-6.619153661293405,6.098945536688402e-09
Karlsplatz_Stachus,-4.558839251143526,0.00015371710619553624
Marienplatz,-4.972455497246643,2.5154175635017245e-05
Isartor,-4.471876024276323,0.00022097518380173985
Rosenheimer_Platz,-4.990828374522542,2.3139665247994786e-05
Ostbahnhof,-3.9982523481987404,0.0014196901681905857
Leuchtenbergring,-4.569240675001418,0.00014712456360938946
Pasing,-10.376238562654555,2.1978729468579153e-18
Laim,-6.921794510633175,1.1414872382422061e-09
Hirschgarten,-6.2553162571138525,4.353343448290139e-08
Donnersbergerbruecke,-3.3938810262383656,0.011169244081095117
Hackerbruecke,-7.015561311776877,6.747110843627506e-10
Hauptbahnhof_tief,-6.358390467537241,2.5095849942119685e-08
Karlsplatz_Stachus,-7.016024906733398,6.729545294583318e-10
Marienplatz,-6.961360328595952,9.146814923045668e-10
Isartor,-6.356198838383774,2.539279855109051e-08
Rosenheimer_Platz,-5.585029437545612,1.3691223880745747e-06
Ostbahnhof,-6.572609675148582,7.867294678064624e-09
Leuchtenbergring,-11.534311976382591,3.7656348016523e-21
Pasing,-14.849054140673667,1.7887273646730174e-27
Laim,-5.380951641843276,3.7136200943386333e-06
Hirschgarten,-5.476985508708388,2.329751579464322e-06
Donnersbergerbruecke,-4.813580967219234,5.122422604930677e-05
Hackerbruecke,-13.184983129050638,1.1751382367113824e-24
Hauptbahnhof_tief,-3.7214806084361114,0.003820957240975037
Karlsplatz_Stachus,-4.347039809821242,0.0003678814981038001
Marienplatz,-3.5904792219360155,0.005945675053029941
Isartor,-2.5724198591768377,0.09883254423421833
Rosenheimer_Platz,-2.239028974297778,0.19238624688958617
Ostbahnhof,-3.618041997090957,0.005425324986092726
Leuchtenbergring,-3.0056386406459996,0.0343711670094362
Pasing,-13.856555486277834,6.850812307655561e-26
Laim,-14.251233947383952,1.4798399024924766e-26
Hirschgarten,-5.564176108109595,1.5179183288963236e-06
Donnersbergerbruecke,-5.702674998359624,7.612174614303697e-07
Hackerbruecke,-5.312387852857603,5.161229036463333e-06
Hauptbahnhof_tief,-5.452409632808882,2.626485136211473e-06
Karlsplatz_Stachus,-3.3448155109842608,0.012990269244521147
Marienplatz,-7.064069601380636,5.13447908112526e-10
Isartor,-4.839438593741434,4.568552731892629e-05
Rosenheimer_Platz,-5.720848401680544,6.947153254258427e-07
Ostbahnhof,-6.675480208916558,4.4765121554155475e-09
Leuchtenbergring,-6.0228286996776434,1.4797093344929718e-07
Pasing,-4.919587801181019,3.193856838799519e-05
Laim,-2.985856940765777,0.0362364600095138
Hirschgarten,-4.22240345630442,0.0006036672557268822
Donnersbergerbruecke,-4.568990879931545,0.00014727967882243104
Hackerbruecke,-3.363323294304488,0.01227455882162602
Hauptbahnhof_tief,-3.052905134345158,0.03024047990706874
Karlsplatz_Stachus,-3.547830311885253,0.006840396161865013
Marienplatz,-3.0178421210219466,0.033261433392603346
Isartor,-3.4078851543110162,0.01069298634759915
Rosenheimer_Platz,-3.2499257571667317,0.017270656240512855
Ostbahnhof,-3.2506928630117455,0.017231605674621252
Leuchtenbergring,-3.5371915704261156,0.007081758282487855
Pasing,-5.159830684377594,1.0613394136532435e-05
Laim,-5.754087484021389,5.874550607179898e-07
Hirschgarten,-5.427199560339177,2.9689865629897424e-06
Donnersbergerbruecke,-5.142227596373331,1.1522024401791998e-05
Hackerbruecke,-12.03881592184559,2.762775958117539e-22
Hauptbahnhof_tief,-7.538747702565455,3.422562714087101e-11
Karlsplatz_Stachus,-4.868287511092268,4.0185330311709675e-05
Marienplatz,-5.796374082717908,4.7414980749857607e-07
Isartor,-7.375364085574658,8.751244089300425e-11
Rosenheimer_Platz,-5.90700085701454,2.6938857844581995e-07
Ostbahnhof,-5.938065637344713,2.2956261893242024e-07
Leuchtenbergring,-6.108520889219045,9.455792653453127e-08
Pasing,-12.576757244253766,1.949770107649731e-23
Laim,-8.783951054206941,2.335869158041953e-14
Hirschgarten,-3.9641038118405936,0.0016105884965719954
Donnersbergerbruecke,-4.8219174702164525,4.937166960700641e-05
Hackerbruecke,-3.4795806363918347,0.00852725621876377
Hauptbahnhof_tief,-4.708683709439643,8.104808848331573e-05
Karlsplatz_Stachus,-4.3170383615166985,0.00041498241552208516
Marienplatz,-3.2479411533798124,0.01737204512970787
Isartor,-3.8802171773649925,0.0021853590221604553
Rosenheimer_Platz,-3.420811951492882,0.01026952615244489
Ostbahnhof,-3.624722536507204,0.0053056003072402495
Leuchtenbergring,-3.5776080665169845,0.006203828744256597
Pasing,-11.001487636710646,6.665020818960812e-20
Laim,-12.274604350211963,8.488476957316378e-23
Hirschgarten,-11.433225587013537,6.44037564992726e-21
Donnersbergerbruecke,-8.176645413209604,8.342489566261869e-13
Hackerbruecke,-5.419206265714069,3.0863800514893296e-06
Hauptbahnhof_tief,-6.416858965375988,1.8321675502209745e-08
Karlsplatz_Stachus,-7.144038314490965,3.267748884697546e-10
Marienplatz,-6.1556988397447014,7.37792744166729e-08
Isartor,-4.734815132486388,7.235301463793221e-05
Rosenheimer_Platz,-4.760744527825851,6.461273371736437e-05
Ostbahnhof,-4.894253862800803,3.578372813761119e-05
Leuchtenbergring,-3.9544659134783546,0.001668634724938691
Pasing,-11.142635234154369,3.080991679130769e-20
Laim,-5.424845301280784,3.003103669369141e-06
Hirschgarten,-12.87145831009159,4.869252654885099e-24
Donnersbergerbruecke,-7.048372966038371,5.609396920098643e-10
Hackerbruecke,-12.703390463446965,1.0678724864939895e-23
Hauptbahnhof_tief,-8.462952656074266,1.549526730623042e-13
Karlsplatz_Stachus,-13.064450778092523,2.0158883952733576e-24
Marienplatz,-10.721799388365923,3.1371156922256493e-19
Isartor,-8.084883189295642,1.4286731694899414e-12
Rosenheimer_Platz,-8.13721460523877,1.0513331824909104e-12
Ostbahnhof,-6.677492703398259,4.42721663734558e-09
Leuchtenbergring,-11.018565553808887,6.068656786132671e-20
Pasing,-13.739706402636918,1.1002649148237628e-25
Laim,-13.93539190949238,5.0019823080922e-26
Hirschgarten,-8.630463904129455,5.774270075183879e-14
Donnersbergerbruecke,-8.598726046377003,6.962301944366892e-14
Hackerbruecke,-8.419800081439881,1.9977960305038977e-13
Hauptbahnhof_tief,-7.408019364869176,7.257745226981137e-11
Karlsplatz_Stachus,-7.253362587071265,1.756443006990211e-10
Marienplatz,-7.754369553144352,9.826844174393975e-12
Isartor,-7.496892764888115,4.355693992888242e-11
Rosenheimer_Platz,-5.6998458968174734,7.721143384172691e-07
Ostbahnhof,-7.032549715885194,6.132134088125866e-10
Leuchtenbergring,-5.752162842919103,5.931977328330626e-07
Pasing,-11.798861637811259,9.435396001829737e-22
Laim,-13.029914611139436,2.35674205207665e-24
Hirschgarten,-5.367204625949694,3.967974764072041e-06
Donnersbergerbruecke,-12.382670844603293,4.9885187816966095e-23
Hackerbruecke,-11.991467141256704,3.512991971440358e-22
Hauptbahnhof_tief,-3.5561258717717465,0.006657377449652906
Karlsplatz_Stachus,-4.2244426917778,0.0005988622676464
Marienplatz,-4.440051391152204,0.0002519592014497665
Isartor,-4.160946967787837,0.000766699751863134
Rosenheimer_Platz,-4.23276969950441,0.0005796127568922181
Ostbahnhof,-4.343082888697096,0.00037379061191382634
Leuchtenbergring,-4.145343964974203,0.0008142313582767926
Pasing,-12.322743326118514,6.693790763323127e-23
Laim,-10.739427710940836,2.8431948758904606e-19
Hirschgarten,-11.931954651411937,4.758419344797815e-22
Donnersbergerbruecke,-11.519817847946916,4.065789514746593e-21
Hackerbruecke,-7.947900483993324,3.1833136686742314e-12
Hauptbahnhof_tief,-8.353948994044877,2.943444594335912e-13
Karlsplatz_Stachus,-10.998968362946352,6.757879920471942e-20
Marienplatz,-8.01118565943547,2.1991943620363016e-12
Isartor,-11.540321168291447,3.6478800082553265e-21
Rosenheimer_Platz,-9.981521165402407,2.108565365958854e-17
Ostbahnhof,-11.122602766610862,3.4360745056136054e-20
Leuchtenbergring,-6.561268841780916,8.369675269284098e-09
Pasing,-2.3703420966978337,0.15028266436825494
Laim,-3.569305169173888,0.006375700630919987
Hirschgarten,-2.6419872263290083,0.08462608827315576
Donnersbergerbruecke,-3.0609158301875365,0.029584079687125772
Hackerbruecke,-3.840624878588748,0.0025179720726367263
Hauptbahnhof_tief,-3.2506542421931917,0.01723356986906113
Karlsplatz_Stachus,-2.8567919965276487,0.05060815571870911
Marienplatz,-3.3048229494835026,0.014664260167372139
Isartor,-2.997392036274218,0.035138670097620193
Rosenheimer_Platz,-3.2206588355701133,0.01881957761556824
Ostbahnhof,-3.102081401766096,0.026399538395414465
Leuchtenbergring,-2.8672115161510296,0.049295868402902156
Pasing,-13.392845979376895,4.729966840187676e-25
Laim,-11.182966501642492,2.474630399315122e-20
Hirschgarten,-13.74629351577342,1.071012655289459e-25
Donnersbergerbruecke,-12.060325716613825,2.4780094346912363e-22
Hackerbruecke,-13.423749934830902,4.14080369932365e-25
Hauptbahnhof_tief,-12.737560404375492,9.091235030077384e-24
Karlsplatz_Stachus,-4.322563612704638,0.0004059005686945716
Marienplatz,-13.527793164594858,2.6576185853415854e-25
Isartor,-12.457454974945916,3.465343276522172e-23
Rosenheimer_Platz,-12.073565624877421,2.3177770644166273e-22
Ostbahnhof,-12.485862092010091,3.019793386920903e-23
Leuchtenbergring,-9.178261917100091,2.2886819963005034e-15
Pasing,-2.3334605927984335,0.1614032011774411
Laim,-7.753083184559552,9.900537703715543e-12
Hirschgarten,-7.183448603652136,2.613529029574281e-10
Donnersbergerbruecke,-13.310184358991751,6.771023627389383e-25
Hackerbruecke,-13.028006570212957,2.377219194140274e-24
Hauptbahnhof_tief,-14.387969592997292,8.923304679892281e-27
Karlsplatz_Stachus,-12.924617074494966,3.810957542933163e-24
Marienplatz,-8.443413320056104,1.7384874848843855e-13
Isartor,-11.034402158257842,5.563935252489932e-20
Rosenheimer_Platz,-11.05104563184423,5.07915461571719e-20
Ostbahnhof,-6.205218795153202,5.6794311368960354e-08
Leuchtenbergring,-4.4707664506562415,0.00022199166862820616
Pasing,-8.43864768643417,1.787962850446069e-13
Laim,-14.816400287041315,1.994154782625018e-27
Hirschgarten,-8.399511910690295,2.2512160891665177e-13
Donnersbergerbruecke,-6.980580783907733,8.212110648089096e-10
Hackerbruecke,-13.699520231185726,1.2976524072474034e-25
Hauptbahnhof_tief,-14.286917358583564,1.2951921824304814e-26
Karlsplatz_Stachus,-5.450105828491064,2.6561160055386132e-06
Marienplatz,-11.963804581918616,4.044305156966672e-22
Isartor,-13.398475128379234,4.616527486079154e-25
Rosenheimer_Platz,-8.518932765970929,1.1142520318892822e-13
Ostbahnhof,-12.344076550917347,6.02727419231651e-23
Leuchtenbergring,-12.766683088188609,7.93000327445714e-24
Pasing,-13.291661142930637,7.342037963386175e-25
Laim,-14.407196516708884,8.319420147405339e-27
Hirschgarten,-13.988837828513429,4.0510241455107393e-26
Donnersbergerbruecke,-14.346135933571295,1.0402380435575062e-26
Hackerbruecke,-14.559622181683157,4.8181276407507386e-27
Hauptbahnhof_tief,-8.423972000685168,1.9493259122283354e-13
Karlsplatz_Stachus,-6.88389011519438,1.4106368370965123e-09
Marienplatz,-9.085156544328527,3.958478984955813e-15
Isartor,-8.106680222510553,1.2573963136026735e-12
Rosenheimer_Platz,-6.124180760140998,8.709266785080322e-08
Ostbahnhof,-3.032946806080259,0.03193004778517222
Leuchtenbergring,-10.725769620947359,3.0683483383707426e-19
Pasing,-13.76290199524081,1.0007894979068564e-25
Laim,-5.089034172588525,1.4748507005416026e-05
Hirschgarten,-9.075964083161717,4.178624269670774e-15
Donnersbergerbruecke,-7.43917419321937,6.06962119930953e-11
Hackerbruecke,-4.660754172519573,9.966046133745644e-05
Hauptbahnhof_tief,-5.971524703323256,1.9311417954711172e-07
Karlsplatz_Stachus,-4.553808439287189,0.000157005805418628
Marienplatz,-4.621807040105085,0.00011772845488275516
Isartor,-4.755788369901533,6.602803546427239e-05
Rosenheimer_Platz,-4.659173353163147,0.00010033912115670009
Ostbahnhof,-7.735020892521967,1.099524770146616e-11
Leuchtenbergring,-4.519078342031304,0.00018160682394871943
Pasing,-5.7859377455832774,4.99947159444171e-07
Laim,-13.169717480053958,1.2576646700508574e-24
Hirschgarten,-12.176313805471139,1.3836658803093344e-22
Donnersbergerbruecke,-8.611942252741839,6.440473630293247e-14
Hackerbruecke,-6.353088170837733,2.5820215381401573e-08
Hauptbahnhof_tief,-8.955069456055128,8.517745275462247e-15
Karlsplatz_Stachus,-8.733980101295343,3.136324522141311e-14
Marienplatz,-6.894659358925808,1.3283555416267695e-09
Isartor,-8.576464166177276,7.93855007208753e-14
Rosenheimer_Platz,-8.219862506602832,6.473317431609452e-13
Ostbahnhof,-8.182261737954766,8.072036478293642e-13
Leuchtenbergring,-10.42808592865963,1.6376874099964953e-18
