event_id,stop_id,t0,dauer_min
0,8000262,2025-01-05 15:17:56.152977+00:00,0.00077825
2,8000262,2025-01-07 08:17:56.798062+00:00,11.981390383333332
5,8000262,2025-01-09 19:31:31.984338+00:00,22.01775705
7,8000262,2025-01-10 05:39:32.293257+00:00,42.01464491666666
8,8000262,2025-01-10 10:13:32.282066+00:00,12.021024483333333
11,8000262,2025-01-13 18:13:38.197224+00:00,0.00018460000000000001
12,8000262,2025-01-15 05:08:04.766866+00:00,1.8314845
15,8000262,2025-01-21 06:33:26.366993+00:00,101.99076406666667
25,8000262,2025-01-24 22:27:25.444150+00:00,27.990544716666665
27,8000262,2025-01-28 00:03:49.160376+00:00,33.99262808333334
30,8000262,2025-02-04 09:17:02.965997+00:00,0.0011880833333333333
33,8000262,2025-02-07 13:53:02.099791+00:00,16.002957249999998
34,8000262,2025-02-08 05:33:00.858264+00:00,1.9968103
39,8000262,2025-02-12 10:17:03.565108+00:00,0.0052417
40,8000262,2025-02-13 04:41:01.895306+00:00,12.00341705
46,8000262,2025-02-14 09:59:44.748695+00:00,6.000938633333333
47,8000262,2025-02-14 22:17:57.187093+00:00,120.26428564999999
52,8000262,2025-02-18 21:16:13.252596+00:00,1.5216666666666666e-05
53,8000262,2025-02-19 05:00:13.703587+00:00,216.00635488333333
55,8000262,2025-02-20 15:16:14.374036+00:00,3.9986139
56,8000262,2025-02-23 12:10:13.657168+00:00,16.002560183333333
63,8000262,2025-03-04 14:06:41.226569+00:00,17.999171
64,8000262,2025-03-05 08:16:42.335748+00:00,7.09e-05
68,8000262,2025-03-06 11:45:15.282641+00:00,40.01020033333334
70,8000262,2025-03-07 18:35:16.011699+00:00,9.9912449
74,8000262,2025-03-14 06:23:23.669193+00:00,4.0012981666666665
78,8000262,2025-03-17 09:01:23.967224+00:00,2.965e-05
86,8000262,2025-03-24 09:13:23.421329+00:00,9.165032583333334
88,8000262,2025-03-25 13:18:06.050384+00:00,27.57162023333333
92,8000262,2025-04-02 17:16:22.962001+00:00,5.9647057666666665
96,8000262,2025-04-15 06:45:21.667919+00:00,2.0275603666666666
99,8000262,2025-04-16 16:50:29.265036+00:00,0.017780149999999998
102,8000262,2025-04-17 14:16:22.290889+00:00,0.035500949999999996
103,8000262,2025-04-20 08:09:43.277823+00:00,61.89564311666666
104,8000262,2025-04-22 12:59:46.691528+00:00,120.092961
105,8000262,2025-04-22 21:17:22.727174+00:00,0.0121604
107,8000262,2025-04-26 06:48:30.713652+00:00,13.906995016666666
108,8000262,2025-04-27 06:16:39.669250+00:00,0.8620131833333333
109,8000262,2025-04-27 16:05:49.080689+00:00,14.911212466666665
111,8000262,2025-04-27 22:27:05.802979+00:00,89.01241306666667
112,8000262,2025-04-28 13:17:37.745368+00:00,5.73953745
114,8000262,2025-04-29 08:02:47.596481+00:00,72.94840138333333
115,8000262,2025-04-29 21:17:19.798601+00:00,0.11781495
117,8000262,2025-05-01 11:04:03.575012+00:00,58.184870616666664
119,8000262,2025-05-02 13:43:20.666444+00:00,62.18983386666666
120,8000262,2025-05-02 20:07:59.013980+00:00,67.55133306666667
121,8000262,2025-05-04 12:25:49.372033+00:00,358.98548423333335
123,8000262,2025-05-05 16:29:11.201883+00:00,17.772759933333337
124,8000262,2025-05-08 10:19:04.519063+00:00,0.00969005
125,8000262,2025-05-09 03:36:24.494049+00:00,172.28494861666667
127,8000262,2025-05-15 12:17:06.565401+00:00,0.8296016833333333
130,8000262,2025-05-21 16:11:29.046932+00:00,32.83082726666667
131,8000262,2025-05-22 10:04:04.191899+00:00,66.46420568333333
132,8000262,2025-05-23 18:16:37.465050+00:00,8.18672865
133,8000262,2025-05-24 10:17:36.756599+00:00,50.12488543333333
139,8000262,2025-05-30 12:35:20.055702+00:00,41.345493983333334
141,8000262,2025-05-31 17:20:17.812485+00:00,11.801112283333334
142,8000262,2025-06-03 04:08:33.760390+00:00,58.53086811666667
148,8000262,2025-06-16 05:01:57.858391+00:00,21.058776416666667
152,8000262,2025-06-18 22:46:00.728639+00:00,19.1285262
160,8000262,2025-06-19 20:37:09.150726+00:00,49.05866195
165,8000262,2025-06-20 18:43:09.638911+00:00,34.657563366666665
166,8000262,2025-06-21 20:55:47.965847+00:00,44.05165736666667
170,8000262,2025-06-24 07:52:20.575115+00:00,72.94776931666667
174,8000262,2025-06-24 20:01:57.766335+00:00,23.134680783333334
176,8000262,2025-06-25 16:17:35.898726+00:00,57.72379786666667
178,8000262,2025-06-26 12:11:43.118919+00:00,40.838955166666665
179,8000262,2025-06-27 02:30:40.982056+00:00,0.08638231666666667
198,8000262,2025-07-02 07:17:46.648100+00:00,148.90392179999998
202,8000262,2025-07-02 23:17:24.352214+00:00,0.00042621666666666663
204,8000262,2025-07-03 13:16:31.533227+00:00,0.007332733333333333
208,8000262,2025-07-05 14:17:04.508399+00:00,41.30683446666667
210,8000262,2025-07-07 05:49:57.087075+00:00,48.04246071666667
211,8000262,2025-07-07 13:37:37.827384+00:00,52.61761815
213,8000262,2025-07-08 14:18:08.749963+00:00,31.26482348333333
216,8000262,2025-07-08 20:16:15.487216+00:00,0.0038729833333333336
227,8000262,2025-07-11 16:09:54.663175+00:00,39.95529891666667
232,8000262,2025-07-12 12:50:52.946415+00:00,118.99259653333334
243,8000262,2025-07-17 17:50:03.571107+00:00,33.04142361666667
250,8000262,2025-07-21 08:11:16.900618+00:00,158.09465096666665
252,8000262,2025-07-21 17:07:06.442873+00:00,103.66100461666666
253,8000262,2025-07-23 09:18:10.407447+00:00,0.6495111
257,8000262,2025-07-25 15:25:49.894987+00:00,16.455084583333335
262,8000262,2025-08-01 16:16:29.189613+00:00,22.0015413
269,8000262,2025-08-05 09:55:29.624577+00:00,5.495771866666667
271,8000262,2025-08-05 21:17:57.038057+00:00,3.836125733333333
273,8000262,2025-08-06 07:04:57.318738+00:00,14.970093850000001
275,8000262,2025-08-07 12:44:16.756217+00:00,0.11145836666666667
278,8000262,2025-08-08 16:40:37.765003+00:00,41.569712849999995
279,8000262,2025-08-11 08:23:06.350434+00:00,23.415342333333335
281,8000262,2025-08-12 20:17:53.895045+00:00,8.0487898
283,8000262,2025-08-13 04:12:59.163648+00:00,45.81383231666667
285,8000262,2025-08-15 18:04:32.981934+00:00,7.67841345
286,8000262,2025-08-16 11:17:28.585789+00:00,0.35341875
287,8000262,2025-08-18 05:18:30.869237+00:00,215.14057295
290,8000262,2025-08-20 21:16:24.097229+00:00,46.39642301666667
293,8000262,2025-08-21 13:11:26.747634+00:00,9.6118456
294,8000262,2025-08-21 20:09:19.752108+00:00,0.013318
295,8000262,2025-08-22 14:45:28.930914+00:00,13.640172016666666
297,8000262,2025-08-23 17:40:10.451932+00:00,26.754046416666664
303,8000262,2025-09-01 05:30:27.344929+00:00,36.26850721666666
308,8000262,2025-09-05 15:12:55.288109+00:00,25.451858899999998
310,8000262,2025-09-06 16:17:05.295323+00:00,23.29808016666667
312,8000262,2025-09-07 11:51:08.452024+00:00,20.32137315
315,8000262,2025-09-08 08:29:38.237302+00:00,70.27662338333333
318,8000262,2025-09-18 14:41:15.724707+00:00,26.802101750000002
322,8000262,2025-09-29 20:17:42.316534+00:00,68.25391208333333
324,8000262,2025-10-04 14:16:20.289290+00:00,0.029114499999999998
325,8000262,2025-10-06 12:17:30.755548+00:00,42.069959716666666
330,8000262,2025-10-08 08:31:48.462117+00:00,66.00207971666667
333,8000262,2025-10-10 14:16:53.810646+00:00,67.99004263333333
335,8000262,2025-10-10 18:17:08.610256+00:00,65.99087338333332
336,8000262,2025-10-14 10:17:20.888300+00:00,0.10285433333333334
340,8000262,2025-10-14 20:17:53.826510+00:00,38.004439866666665
342,8000262,2025-10-15 09:57:14.853335+00:00,88.29769771666666
348,8000262,2025-10-16 15:16:34.461130+00:00,7.9985207
351,8000262,2025-10-17 18:03:01.349400+00:00,24.002224016666666
353,8000262,2025-10-18 04:51:38.094696+00:00,25.998497566666668
354,8000262,2025-10-23 05:55:48.532094+00:00,86.13863211666667
356,8000262,2025-10-24 10:17:27.899910+00:00,20.006955366666666
358,8000262,2025-10-28 19:16:58.623440+00:00,1.9957088833333332
359,8000262,2025-10-29 13:16:42.926273+00:00,24.2115735
360,8000262,2025-11-09 13:21:45.559363+00:00,18.005251366666666
364,8000262,2025-11-10 10:16:34.809192+00:00,56.03950783333333
367,8000262,2025-11-10 19:17:02.852305+00:00,101.99507555
369,8000262,2025-11-11 09:05:03.184487+00:00,12.072862116666666
381,8000262,2025-11-12 22:01:55.236227+00:00,16.2877497
384,8000262,2025-11-13 06:14:10.605190+00:00,0.0032422666666666665
385,8000262,2025-11-13 15:16:18.084714+00:00,0.31143238333333334
392,8000262,2025-11-15 02:03:08.734380+00:00,0.003212916666666667
393,8000262,2025-11-16 22:17:17.915567+00:00,0.0022930000000000003
399,8000262,2025-11-17 23:16:31.080913+00:00,1.9937476166666668
411,8000262,2025-11-18 17:46:20.893720+00:00,36.00627521666667
431,8000262,2025-11-20 10:17:38.450689+00:00,20.02116645
435,8000262,2025-11-20 18:21:56.432125+00:00,37.99433105
437,8000262,2025-11-21 07:24:33.424294+00:00,76.47564243333333
442,8000262,2025-11-21 18:45:28.348947+00:00,36.1338144
452,8000262,2025-11-22 18:40:03.131930+00:00,44.02160565
453,8000262,2025-11-23 07:42:30.953930+00:00,78.0095512
460,8000262,2025-11-23 19:20:31.220368+00:00,23.99209825
463,8000262,2025-11-24 08:16:31.474765+00:00,3.9944280666666665
465,8000262,2025-11-24 19:17:05.268039+00:00,0.06811228333333334
466,8000262,2025-11-26 11:53:48.517254+00:00,33.9966826
468,8000262,2025-12-02 06:51:50.463966+00:00,82.00158348333333
470,8000262,2025-12-05 07:07:01.983847+00:00,20.009843133333334
471,8000262,2025-12-06 19:16:13.942342+00:00,1.9866987166666665
472,8000262,2025-12-10 07:31:30.393942+00:00,11.980192950000001
474,8000262,2025-12-10 12:17:31.241742+00:00,19.973656016666666
481,8000262,2025-12-11 13:21:56.291634+00:00,18.01119185
483,8000262,2025-12-11 21:47:08.501500+00:00,54.382534400000004
484,8000262,2025-12-14 17:16:05.167928+00:00,6.003664850000001
486,8000262,2025-12-16 08:16:36.854613+00:00,0.001999383333333333
487,8000262,2025-12-16 14:17:29.534399+00:00,0.022361299999999997
488,8000262,2025-12-17 08:16:42.436910+00:00,121.97870465
489,8000262,2025-12-18 09:39:41.120574+00:00,14.20969635
494,8000262,2025-12-19 20:16:47.943239+00:00,0.0050706833333333335
496,8000262,2025-12-20 20:09:09.963774+00:00,48.01346713333333
497,8000262,2025-12-21 06:23:41.179136+00:00,93.98938965
498,8000262,2025-12-23 09:57:56.910015+00:00,17.997135683333333
499,8000262,2025-12-27 16:17:06.162048+00:00,9.9394708
501,8000262,2025-12-29 08:16:59.789324+00:00,47.11493468333333
502,8000262,2025-12-29 19:48:21.530977+00:00,13.99752905
503,8000262,2025-12-30 05:36:20.312646+00:00,210.01009556666668
510,8000262,2025-12-30 21:16:25.825498+00:00,0.04201351666666667
511,8000262,2025-12-31 08:16:31.830388+00:00,8.010437416666667
1,8000262,2025-01-05 17:39:55.718875+00:00,127.99242186666667
4,8000262,2025-01-09 18:43:33.233508+00:00,1.9968261833333334
6,8000262,2025-01-10 04:13:31.354975+00:00,22.0419048
10,8000262,2025-01-10 14:15:20.577338+00:00,0.0015535
14,8000262,2025-01-15 19:17:27.776199+00:00,9.963603449999999
16,8000262,2025-01-21 20:17:26.904431+00:00,11.973095983333334
17,8000262,2025-01-22 06:17:28.195933+00:00,287.96577506666665
18,8000262,2025-01-22 19:17:29.189545+00:00,0.0003784
19,8000262,2025-01-23 10:21:26.558379+00:00,5.991489816666667
23,8000262,2025-01-24 13:25:26.646961+00:00,1.8500000000000002e-05
28,8000262,2025-01-30 12:16:51.961433+00:00,19.97271375
29,8000262,2025-02-03 15:13:01.686737+00:00,6.003842116666666
32,8000262,2025-02-07 13:03:02.345267+00:00,19.99854575
36,8000262,2025-02-09 08:37:01.632548+00:00,16.002026033333333
41,8000262,2025-02-13 16:03:45.240338+00:00,85.99772698333332
42,8000262,2025-02-14 04:11:43.936155+00:00,32.006345333333336
50,8000262,2025-02-16 10:50:13.272458+00:00,249.99764535
51,8000262,2025-02-18 15:16:13.964222+00:00,25.997304883333335
54,8000262,2025-02-20 10:38:14.473196+00:00,13.990207416666667
57,8000262,2025-02-23 12:58:13.602434+00:00,11.996288766666668
58,8000262,2025-02-23 22:16:17.151015+00:00,21.931615883333333
59,8000262,2025-02-25 13:58:14.185825+00:00,76.00591906666666
60,8000262,2025-02-26 08:40:13.857681+00:00,30.001063383333335
65,8000262,2025-03-05 11:20:41.537354+00:00,29.99883668333333
66,8000262,2025-03-05 22:16:56.374371+00:00,0.0004757333333333333
67,8000262,2025-03-06 11:17:16.645862+00:00,7.97382465
69,8000262,2025-03-07 18:17:16.482115+00:00,3.9133333333333334e-05
71,8000262,2025-03-08 18:23:15.241616+00:00,163.99693601666667
72,8000262,2025-03-12 14:17:19.129302+00:00,0.0005933333333333333
77,8000262,2025-03-17 07:13:24.137940+00:00,54.00969105
84,8000262,2025-03-22 20:08:28.009638+00:00,21.673999283333334
87,8000262,2025-03-25 05:52:15.798386+00:00,76.5645429
89,8000262,2025-03-26 19:50:29.989278+00:00,30.183078683333335
90,8000262,2025-03-28 09:17:13.265656+00:00,67.99389861666667
91,8000262,2025-03-31 10:18:04.132391+00:00,0.1085185
93,8000262,2025-04-03 13:18:11.786793+00:00,5.166397683333333
94,8000262,2025-04-08 04:04:45.814567+00:00,67.23269485
95,8000262,2025-04-15 04:20:23.865349+00:00,54.65131525
97,8000262,2025-04-16 13:17:29.584234+00:00,0.0209046
101,8000262,2025-04-17 13:17:26.877717+00:00,0.027619383333333337
106,8000262,2025-04-24 19:19:59.681168+00:00,14.267845816666666
113,8000262,2025-04-28 14:01:02.773142+00:00,125.9726155
116,8000262,2025-04-30 14:35:02.060838+00:00,12.07698165
118,8000262,2025-05-01 12:54:42.854497+00:00,65.34904015000001
122,8000262,2025-05-05 08:30:15.752542+00:00,108.77390418333333
126,8000262,2025-05-12 14:44:51.083778+00:00,23.710654316666666
128,8000262,2025-05-20 16:17:33.597966+00:00,0.024192933333333333
129,8000262,2025-05-21 06:17:40.503751+00:00,12.913840133333334
136,8000262,2025-05-26 10:19:56.356928+00:00,60.291283783333334
137,8000262,2025-05-26 16:41:01.243210+00:00,0.03610903333333334
138,8000262,2025-05-28 08:18:05.713617+00:00,15.173009
140,8000262,2025-05-31 14:16:13.025212+00:00,0.47587888333333334
143,8000262,2025-06-03 05:22:28.824315+00:00,43.13927773333333
144,8000262,2025-06-04 07:37:50.495764+00:00,31.073531433333336
145,8000262,2025-06-04 22:32:53.642331+00:00,17.093029966666666
146,8000262,2025-06-13 16:57:49.949599+00:00,23.0610003
147,8000262,2025-06-14 13:17:53.591924+00:00,0.006839733333333334
158,8000262,2025-06-19 13:22:21.351364+00:00,14.150848366666667
159,8000262,2025-06-19 17:47:57.191250+00:00,152.84323573333333
161,8000262,2025-06-20 09:08:53.249791+00:00,157.7263154833333
164,8000262,2025-06-20 18:16:20.105724+00:00,0.05275291666666667
169,8000262,2025-06-22 14:10:11.939018+00:00,91.44103168333332
171,8000262,2025-06-24 10:17:05.100456+00:00,9.473022416666668
177,8000262,2025-06-26 10:58:33.481499+00:00,40.66953496666667
183,8000262,2025-06-27 12:31:40.841235+00:00,40.51410928333333
184,8000262,2025-06-27 18:51:39.624608+00:00,28.145081583333333
185,8000262,2025-06-28 10:16:46.844462+00:00,91.20260548333334
192,8000262,2025-06-30 13:16:13.612422+00:00,0.010444733333333334
193,8000262,2025-07-01 09:16:25.606297+00:00,20.543196283333334
197,8000262,2025-07-01 15:28:14.760365+00:00,116.380161
199,8000262,2025-07-02 12:03:28.544348+00:00,75.14440883333333
203,8000262,2025-07-03 06:19:15.915369+00:00,18.755216816666668
207,8000262,2025-07-04 04:00:33.235665+00:00,34.8659381
209,8000262,2025-07-07 04:18:57.617599+00:00,14.428208583333333
212,8000262,2025-07-08 05:55:18.218311+00:00,10.091367700000001
214,8000262,2025-07-08 15:08:39.711657+00:00,38.37936385
221,8000262,2025-07-09 12:41:18.398444+00:00,20.145192899999998
225,8000262,2025-07-10 11:16:21.501757+00:00,0.05326318333333333
226,8000262,2025-07-11 15:19:48.485876+00:00,32.48132885
231,8000262,2025-07-12 12:17:37.372004+00:00,14.556636849999999
233,8000262,2025-07-14 08:50:51.467064+00:00,33.991409749999995
234,8000262,2025-07-16 06:16:52.654787+00:00,0.010873116666666667
238,8000262,2025-07-17 11:46:27.786776+00:00,18.48236965
244,8000262,2025-07-17 18:41:38.779783+00:00,7.863170033333334
248,8000262,2025-07-18 17:47:01.897301+00:00,41.58185398333333
258,8000262,2025-07-25 16:17:15.100843+00:00,82.81312283333334
259,8000262,2025-07-28 11:17:00.487606+00:00,0.16619543333333334
267,8000262,2025-08-03 15:35:34.097061+00:00,31.172194416666667
270,8000262,2025-08-05 12:17:28.646501+00:00,0.009944950000000001
272,8000262,2025-08-06 06:03:45.182547+00:00,14.73013985
274,8000262,2025-08-06 10:31:01.007740+00:00,167.00033679999999
277,8000262,2025-08-08 07:16:53.977603+00:00,0.02095675
280,8000262,2025-08-11 19:23:38.222184+00:00,20.285708833333334
282,8000262,2025-08-12 21:17:45.571642+00:00,0.0018508166666666667
284,8000262,2025-08-15 16:58:18.452485+00:00,15.950489483333333
291,8000262,2025-08-21 04:44:55.734654+00:00,43.18370111666666
292,8000262,2025-08-21 09:46:19.762497+00:00,173.18169876666667
296,8000262,2025-08-22 15:17:20.520649+00:00,77.1921528
298,8000262,2025-08-27 13:03:54.226891+00:00,0.02009803333333333
299,8000262,2025-08-28 14:16:31.441414+00:00,0.12235963333333334
300,8000262,2025-08-28 18:18:00.522284+00:00,6.653470516666667
301,8000262,2025-08-29 10:48:50.153583+00:00,39.842226800000006
302,8000262,2025-08-30 20:16:10.782292+00:00,0.02496341666666667
304,8000262,2025-09-01 12:17:41.017227+00:00,4.02184765
306,8000262,2025-09-04 15:17:09.433172+00:00,46.70965298333333
307,8000262,2025-09-05 11:09:39.895030+00:00,25.5918994
309,8000262,2025-09-05 17:17:18.011348+00:00,10.3549179
311,8000262,2025-09-07 10:10:44.242864+00:00,38.61837686666667
313,8000262,2025-09-08 06:01:46.549587+00:00,57.9942
317,8000262,2025-09-08 14:45:11.655857+00:00,32.17930998333333
321,8000262,2025-09-29 19:23:41.853293+00:00,1.9975433166666667
326,8000262,2025-10-06 13:17:35.017230+00:00,34.00435756666666
329,8000262,2025-10-08 06:49:48.996921+00:00,52.0009585
331,8000262,2025-10-08 14:17:50.533027+00:00,0.0007466
334,8000262,2025-10-10 16:10:57.648245+00:00,5.952126616666666
347,8000262,2025-10-15 20:16:30.981737+00:00,0.013055299999999999
349,8000262,2025-10-17 08:17:30.584949+00:00,0.2364199
350,8000262,2025-10-17 17:17:01.073790+00:00,28.011029166666667
352,8000262,2025-10-17 23:07:38.067656+00:00,41.99672553333333
355,8000262,2025-10-23 07:43:57.593111+00:00,26.177753966666668
357,8000262,2025-10-28 17:16:40.771289+00:00,56.24371181666667
366,8000262,2025-11-10 13:22:54.739029+00:00,0.03150031666666667
368,8000262,2025-11-10 21:37:04.810675+00:00,28.003975500000003
372,8000262,2025-11-12 01:17:53.911534+00:00,0.0046006
379,8000262,2025-11-12 11:57:51.182979+00:00,108.02630505
382,8000262,2025-11-12 23:02:10.408667+00:00,0.029619833333333335
383,8000262,2025-11-13 05:14:10.171657+00:00,2.011216
388,8000262,2025-11-14 12:17:28.050085+00:00,108.78854078333333
390,8000262,2025-11-14 19:16:35.148122+00:00,55.99900611666667
394,8000262,2025-11-17 07:45:49.393203+00:00,43.98672875
396,8000262,2025-11-17 15:17:00.076101+00:00,0.0035207000000000003
401,8000262,2025-11-18 01:16:33.323739+00:00,0.0018752833333333335
412,8000262,2025-11-18 20:44:21.642578+00:00,18.009882100000002
416,8000262,2025-11-19 01:16:56.530155+00:00,0.0026384333333333335
418,8000262,2025-11-19 06:09:03.404150+00:00,35.99291778333334
423,8000262,2025-11-19 15:03:03.364247+00:00,41.992504716666666
433,8000262,2025-11-20 15:23:55.813539+00:00,18.003837649999998
438,8000262,2025-11-21 10:15:14.110148+00:00,103.99959515
443,8000262,2025-11-21 20:21:35.784054+00:00,17.996830550000002
447,8000262,2025-11-22 11:01:50.390207+00:00,15.9919225
451,8000262,2025-11-22 17:22:01.739659+00:00,38.01378355
454,8000262,2025-11-23 09:16:31.108542+00:00,27.996965516666666
461,8000262,2025-11-23 20:00:32.691185+00:00,21.973302349999997
464,8000262,2025-11-24 14:22:42.535083+00:00,14.002778233333334
467,8000262,2025-11-26 12:55:48.494844+00:00,48.00517713333333
469,8000262,2025-12-04 15:16:27.353546+00:00,9.99326265
473,8000262,2025-12-10 09:37:28.993969+00:00,90.02001818333333
475,8000262,2025-12-10 17:17:39.225641+00:00,0.09944936666666666
480,8000262,2025-12-11 12:09:56.440217+00:00,31.997609816666667
482,8000262,2025-12-11 17:16:39.053789+00:00,0.0272765
485,8000262,2025-12-15 22:08:06.823540+00:00,24.122607650000003
490,8000262,2025-12-18 10:17:56.038419+00:00,38.037403033333334
491,8000262,2025-12-18 14:50:05.000360+00:00,84.01823246666666
495,8000262,2025-12-20 11:33:09.527203+00:00,62.002111649999996
500,8000262,2025-12-27 16:57:02.900356+00:00,27.9997022
505,8000262,2025-12-30 12:48:21.103655+00:00,28.001238366666666
512,8004128,2025-01-04 14:57:53.372829+00:00,6.002801450000001
515,8004128,2025-01-05 19:31:51.819097+00:00,8.003713366666666
527,8004128,2025-01-15 19:17:25.659992+00:00,19.983249833333332
528,8004128,2025-01-18 09:17:23.954342+00:00,0.00021131666666666666
537,8004128,2025-01-22 08:15:24.336391+00:00,179.99888433333334
538,8004128,2025-01-22 19:17:27.852718+00:00,0.0010684833333333332
545,8004128,2025-01-27 23:23:47.967736+00:00,69.98848078333334
546,8004128,2025-01-30 12:16:48.979350+00:00,19.995895916666665
547,8004128,2025-02-03 15:11:01.091213+00:00,19.986289616666667
550,8004128,2025-02-07 12:59:00.547598+00:00,54.00822225
555,8004128,2025-02-13 16:17:43.752188+00:00,48.01626676666667
559,8004128,2025-02-14 08:17:43.634494+00:00,6.003358833333333
563,8004128,2025-02-14 23:57:47.214025+00:00,12.39583385
567,8004128,2025-02-18 16:36:12.212620+00:00,38.0068104
568,8004128,2025-02-18 21:16:12.063593+00:00,6.273333333333333e-05
570,8004128,2025-02-19 05:22:12.475142+00:00,158.00176445
572,8004128,2025-02-20 10:48:12.501328+00:00,18.00562205
574,8004128,2025-02-23 12:04:12.383565+00:00,71.9986672
575,8004128,2025-02-23 22:16:14.579744+00:00,9.959567666666667
577,8004128,2025-02-25 15:02:12.947404+00:00,24.002071033333333
578,8004128,2025-02-26 08:58:12.675363+00:00,31.996871966666667
582,8004128,2025-03-04 14:16:40.573836+00:00,3.9931266833333336
584,8004128,2025-03-05 14:14:40.184531+00:00,1.9993070000000002
585,8004128,2025-03-05 22:16:51.928796+00:00,0.00743395
587,8004128,2025-03-07 18:17:14.492876+00:00,19.99540845
588,8004128,2025-03-08 18:35:14.188691+00:00,143.99416863333332
589,8004128,2025-03-12 14:17:19.166682+00:00,0.0005894
594,8004128,2025-03-17 06:41:23.422707+00:00,101.986503
599,8004128,2025-03-25 05:53:16.202213+00:00,78.86859388333333
600,8004128,2025-03-26 19:57:52.717278+00:00,35.944733033333335
601,8004128,2025-03-28 09:16:17.633073+00:00,78.07029591666667
602,8004128,2025-03-31 10:17:04.294211+00:00,0.0495781
604,8004128,2025-04-03 13:16:30.102290+00:00,0.06192531666666667
605,8004128,2025-04-08 04:15:39.631977+00:00,63.54510615
608,8004128,2025-04-16 13:16:09.186597+00:00,13.168984933333332
612,8004128,2025-04-17 12:17:39.097875+00:00,7.310759433333333
614,8004128,2025-04-20 08:15:56.141047+00:00,45.154500399999996
617,8004128,2025-04-24 14:17:01.973072+00:00,0.0192918
618,8004128,2025-04-24 19:20:57.128364+00:00,9.518337866666666
621,8004128,2025-04-27 17:16:53.727262+00:00,12.882530166666667
624,8004128,2025-04-28 14:02:00.415743+00:00,114.73842551666667
629,8004128,2025-05-01 15:06:33.692774+00:00,20.242550466666668
630,8004128,2025-05-02 14:12:58.754309+00:00,20.918792399999997
631,8004128,2025-05-02 20:04:01.916985+00:00,82.22187023333332
635,8004128,2025-05-05 09:41:21.537026+00:00,53.01286483333333
639,8004128,2025-05-09 03:37:23.806063+00:00,190.5733769
645,8004128,2025-05-21 04:28:05.789963+00:00,42.10682718333333
647,8004128,2025-05-22 10:27:55.819953+00:00,45.82067361666667
648,8004128,2025-05-23 18:17:35.449343+00:00,14.145921600000001
649,8004128,2025-05-24 10:16:54.105917+00:00,45.853330766666666
652,8004128,2025-05-26 11:33:47.955228+00:00,27.246828983333334
653,8004128,2025-05-26 16:41:46.037940+00:00,0.00943735
657,8004128,2025-05-30 20:18:10.938884+00:00,29.56706193333333
658,8004128,2025-05-31 14:17:03.944635+00:00,0.20649426666666668
659,8004128,2025-06-03 04:17:36.245534+00:00,129.84796318333332
661,8004128,2025-06-04 07:36:36.594262+00:00,31.331876616666666
662,8004128,2025-06-11 15:27:54.986486+00:00,32.9152529
665,8004128,2025-06-14 04:57:36.629041+00:00,21.416780866666667
666,8004128,2025-06-14 13:16:50.039602+00:00,0.00328265
668,8004128,2025-06-16 04:09:31.401710+00:00,10.40200895
681,8004128,2025-06-19 17:57:05.973502+00:00,163.00036483333332
683,8004128,2025-06-19 22:05:50.218712+00:00,12.494804516666667
684,8004128,2025-06-20 09:19:53.949807+00:00,94.62576478333334
691,8004128,2025-06-22 09:18:08.650020+00:00,177.55159110000002
692,8004128,2025-06-22 14:10:52.909986+00:00,97.71972336666666
695,8004128,2025-06-24 14:16:17.001586+00:00,0.028918666666666665
698,8004128,2025-06-25 16:16:17.779280+00:00,78.24048881666666
699,8004128,2025-06-26 11:11:48.627039+00:00,23.1713312
704,8004128,2025-06-27 11:14:51.860431+00:00,109.92330206666666
708,8004128,2025-06-28 10:17:31.729808+00:00,88.89182458333333
713,8004128,2025-06-30 13:17:05.725419+00:00,0.0004587833333333333
717,8004128,2025-07-01 15:25:16.188582+00:00,111.8060728
719,8004128,2025-07-02 12:15:25.144470+00:00,76.3585401
723,8004128,2025-07-03 00:17:27.051291+00:00,0.008268983333333334
724,8004128,2025-07-03 06:26:29.211970+00:00,10.589994783333333
725,8004128,2025-07-03 15:27:05.882149+00:00,111.99854321666666
729,8004128,2025-07-04 06:26:02.414899+00:00,0.013319016666666666
732,8004128,2025-07-07 04:25:42.993704+00:00,27.444618966666667
735,8004128,2025-07-07 13:48:48.964034+00:00,74.11049410000001
739,8004128,2025-07-08 07:18:01.396620+00:00,1.3688972333333331
742,8004128,2025-07-08 15:38:15.888145+00:00,37.11528435
750,8004128,2025-07-10 11:17:04.381346+00:00,0.0012272333333333335
757,8004128,2025-07-14 09:03:11.979529+00:00,30.001834116666664
758,8004128,2025-07-16 06:17:39.078157+00:00,0.0022351333333333334
760,8004128,2025-07-17 07:50:29.624664+00:00,62.023420333333334
765,8004128,2025-07-17 18:54:58.676206+00:00,34.26059781666667
767,8004128,2025-07-18 14:17:58.158321+00:00,43.80077371666666
769,8004128,2025-07-18 18:18:04.599791+00:00,6.6795442
770,8004128,2025-07-21 04:44:46.109059+00:00,358.92614091666667
773,8004128,2025-07-21 17:53:21.044998+00:00,21.089970049999998
777,8004128,2025-07-24 14:24:26.963357+00:00,35.9511612
779,8004128,2025-07-25 16:16:05.805734+00:00,81.01717143333333
781,8004128,2025-07-28 11:17:41.631756+00:00,11.64407405
782,8004128,2025-08-01 07:51:14.087316+00:00,16.990004216666666
784,8004128,2025-08-01 15:11:04.464669+00:00,101.11204176666666
787,8004128,2025-08-03 04:36:36.071670+00:00,14.016479716666668
789,8004128,2025-08-03 15:09:36.059546+00:00,47.769286683333334
791,8004128,2025-08-05 08:01:35.148512+00:00,45.55556238333334
795,8004128,2025-08-06 10:31:45.370806+00:00,173.1488693
798,8004128,2025-08-08 09:16:44.375644+00:00,0.0028181166666666666
803,8004128,2025-08-12 21:17:48.318879+00:00,0.00158535
804,8004128,2025-08-13 04:16:16.770589+00:00,70.45249881666668
805,8004128,2025-08-15 17:07:29.778526+00:00,18.681919733333334
809,8004128,2025-08-19 04:17:18.527776+00:00,2.0025685
811,8004128,2025-08-20 20:52:38.585837+00:00,50.565254366666665
812,8004128,2025-08-21 04:07:42.726854+00:00,65.58436795
814,8004128,2025-08-21 13:58:39.573013+00:00,37.26616645
817,8004128,2025-08-22 16:05:07.314366+00:00,64.37527045
821,8004128,2025-08-28 18:16:14.298449+00:00,32.92415713333333
822,8004128,2025-08-29 10:27:36.071770+00:00,73.87093183333333
823,8004128,2025-08-30 20:16:27.358987+00:00,0.00572315
824,8004128,2025-09-01 12:17:57.975556+00:00,3.9954547333333332
831,8004128,2025-09-05 17:17:37.046542+00:00,14.37233075
833,8004128,2025-09-07 10:22:59.276797+00:00,45.185410250000004
836,8004128,2025-09-08 06:13:31.528966+00:00,19.34810935
839,8004128,2025-09-08 11:35:23.231576+00:00,39.724002416666664
842,8004128,2025-09-29 15:50:00.543102+00:00,18.006944966666666
844,8004128,2025-09-29 20:18:00.933247+00:00,23.972234916666665
845,8004128,2025-10-04 10:40:38.361277+00:00,127.99473861666667
847,8004128,2025-10-06 12:17:51.500329+00:00,82.02950181666667
851,8004128,2025-10-08 09:02:07.897302+00:00,45.99162786666667
852,8004128,2025-10-08 14:18:10.311377+00:00,0.0017868666666666668
856,8004128,2025-10-10 18:17:41.530730+00:00,79.7591461
857,8004128,2025-10-14 10:17:38.314092+00:00,0.09601191666666667
860,8004128,2025-10-14 18:45:58.299320+00:00,10.000064783333332
865,8004128,2025-10-15 12:55:55.018507+00:00,10.006767016666666
867,8004128,2025-10-15 20:16:51.057171+00:00,11.975363033333334
869,8004128,2025-10-17 08:17:48.646845+00:00,0.15244846666666667
872,8004128,2025-10-23 07:52:17.377052+00:00,22.203268633333334
874,8004128,2025-10-28 17:16:59.643077+00:00,60.27959945
877,8004128,2025-11-10 05:16:30.756135+00:00,20.033276983333334
887,8004128,2025-11-11 09:17:23.420028+00:00,0.029579816666666665
888,8004128,2025-11-11 18:22:12.284630+00:00,0.0055527499999999995
889,8004128,2025-11-11 23:00:27.689175+00:00,16.008426366666665
892,8004128,2025-11-12 05:17:45.432373+00:00,6.012483416666667
897,8004128,2025-11-12 12:24:10.657985+00:00,84.02463136666667
902,8004128,2025-11-13 05:14:29.033364+00:00,2.0248156833333333
904,8004128,2025-11-13 15:16:36.489805+00:00,4.103198366666667
908,8004128,2025-11-14 10:46:51.994815+00:00,189.69538188333334
909,8004128,2025-11-14 17:28:37.166678+00:00,54.1419998
913,8004128,2025-11-14 23:01:18.246899+00:00,0.02952718333333333
920,8004128,2025-11-18 01:16:51.313043+00:00,0.0016777666666666668
923,8004128,2025-11-18 09:00:58.536664+00:00,43.98700851666667
929,8004128,2025-11-19 01:17:15.658871+00:00,0.0009769166666666667
934,8004128,2025-11-19 15:17:23.972460+00:00,11.980973116666666
938,8004128,2025-11-20 10:18:03.035132+00:00,19.924549000000003
940,8004128,2025-11-21 07:28:52.493614+00:00,8.020298466666667
943,8004128,2025-11-22 05:00:08.968332+00:00,0.02892156666666667
945,8004128,2025-11-22 22:16:30.089147+00:00,0.016164466666666665
955,8004128,2025-11-30 08:40:35.319351+00:00,22.007523516666666
957,8004128,2025-12-02 09:18:13.566945+00:00,33.990612033333335
958,8004128,2025-12-04 15:16:48.076345+00:00,5.9547393
963,8004128,2025-12-10 09:47:47.330558+00:00,50.002788200000005
965,8004128,2025-12-10 17:17:58.623546+00:00,0.06033395
967,8004128,2025-12-11 17:16:58.083664+00:00,0.018225933333333333
970,8004128,2025-12-16 07:58:45.703148+00:00,18.155152966666666
982,8004128,2025-12-21 06:33:58.555026+00:00,58.0005224
984,8004128,2025-12-27 17:15:21.305401+00:00,43.99267806666667
513,8004128,2025-01-05 15:17:51.990558+00:00,0.00267875
519,8004128,2025-01-09 18:45:29.479739+00:00,50.00829075
522,8004128,2025-01-10 14:15:05.391485+00:00,0.02602695
523,8004128,2025-01-12 23:07:56.378087+00:00,12.031079916666666
524,8004128,2025-01-13 18:13:19.227823+00:00,0.00020078333333333335
525,8004128,2025-01-15 04:56:16.558747+00:00,3.6131715333333334
529,8004128,2025-01-20 10:53:24.103425+00:00,22.01011895
534,8004128,2025-01-21 09:53:25.124728+00:00,17.991021233333335
535,8004128,2025-01-22 06:17:26.060464+00:00,31.982113816666665
543,8004128,2025-01-24 22:21:24.094586+00:00,23.99444365
544,8004128,2025-01-27 22:17:59.311793+00:00,19.868414716666667
548,8004128,2025-02-04 09:17:03.319511+00:00,0.0018737666666666665
549,8004128,2025-02-07 11:17:02.344932+00:00,21.971449749999998
551,8004128,2025-02-08 05:19:00.509388+00:00,11.9973669
552,8004128,2025-02-09 09:17:00.821615+00:00,17.990652816666667
553,8004128,2025-02-12 10:17:03.780709+00:00,0.004488666666666667
554,8004128,2025-02-13 04:31:00.271623+00:00,8.025954166666667
560,8004128,2025-02-14 09:47:43.888592+00:00,5.99725295
569,8004128,2025-02-19 04:04:12.093558+00:00,42.0025747
571,8004128,2025-02-19 08:16:12.025789+00:00,2.002708466666667
573,8004128,2025-02-20 15:16:12.872036+00:00,1.9955833166666668
576,8004128,2025-02-25 14:18:12.840937+00:00,10.001833033333332
580,8004128,2025-03-04 11:26:39.479477+00:00,74.00157859999999
583,8004128,2025-03-05 08:16:39.805238+00:00,0.0016687
586,8004128,2025-03-06 11:31:13.810295+00:00,74.00422641666667
595,8004128,2025-03-17 09:01:22.945750+00:00,0.00023791666666666666
596,8004128,2025-03-19 12:22:27.843738+00:00,12.269274083333332
603,8004128,2025-04-02 17:07:26.005462+00:00,9.973640066666666
609,8004128,2025-04-16 14:54:17.099182+00:00,110.76807828333334
613,8004128,2025-04-17 14:17:38.934589+00:00,6.217634033333334
615,8004128,2025-04-22 13:03:07.179932+00:00,110.44264303333333
616,8004128,2025-04-22 21:18:12.264975+00:00,0.0027923833333333334
619,8004128,2025-04-26 06:37:23.164415+00:00,0.007387883333333333
620,8004128,2025-04-27 06:17:35.218660+00:00,0.17623303333333334
622,8004128,2025-04-27 21:06:33.007820+00:00,163.6985463
623,8004128,2025-04-28 13:17:12.046628+00:00,23.14027635
625,8004128,2025-04-29 08:06:08.309564+00:00,89.64011931666667
626,8004128,2025-04-29 21:17:50.381718+00:00,0.06937449999999999
628,8004128,2025-05-01 13:58:41.290335+00:00,23.44754915
632,8004128,2025-05-04 12:26:32.494593+00:00,359.28806231666664
633,8004128,2025-05-04 23:02:11.906656+00:00,0.0663443
637,8004128,2025-05-05 20:48:04.044279+00:00,71.99669988333333
638,8004128,2025-05-08 04:54:35.524410+00:00,16.79316951666667
640,8004128,2025-05-15 12:18:00.497363+00:00,0.08032750000000001
641,8004128,2025-05-19 12:53:37.588098+00:00,18.6876832
644,8004128,2025-05-20 23:15:54.136385+00:00,14.870083283333335
646,8004128,2025-05-21 15:51:17.426999+00:00,55.84242335
650,8004128,2025-05-26 04:10:11.550716+00:00,57.041634216666665
654,8004128,2025-05-28 08:28:38.502515+00:00,24.3690085
660,8004128,2025-06-03 20:17:05.186288+00:00,0.018644333333333332
667,8004128,2025-06-15 19:31:32.665014+00:00,6.32434585
669,8004128,2025-06-16 04:38:54.499829+00:00,32.86626795
670,8004128,2025-06-16 09:17:24.559539+00:00,84.8690562
682,8004128,2025-06-19 21:00:52.553891+00:00,37.86063721666667
685,8004128,2025-06-20 11:12:30.354116+00:00,20.735643466666666
687,8004128,2025-06-20 17:16:21.145061+00:00,24.403210133333335
690,8004128,2025-06-21 21:16:21.726614+00:00,26.5065517
697,8004128,2025-06-24 20:09:28.083368+00:00,14.92732195
700,8004128,2025-06-26 12:12:35.937932+00:00,27.138401916666666
701,8004128,2025-06-27 02:31:41.023476+00:00,0.017193033333333333
707,8004128,2025-06-27 18:52:28.279428+00:00,42.92571488333333
712,8004128,2025-06-30 11:18:07.596983+00:00,26.348015533333335
716,8004128,2025-07-01 14:13:20.699481+00:00,19.561958399999998
718,8004128,2025-07-02 07:18:06.529894+00:00,137.2297739
721,8004128,2025-07-02 22:16:10.893740+00:00,0.0169053
727,8004128,2025-07-03 23:18:00.455141+00:00,0.008716083333333334
731,8004128,2025-07-05 16:01:02.597727+00:00,40.61582395000001
745,8004128,2025-07-08 20:16:59.593412+00:00,10.2921748
747,8004128,2025-07-09 06:18:55.678607+00:00,40.03991799999999
748,8004128,2025-07-09 10:27:41.191403+00:00,46.40291036666667
749,8004128,2025-07-10 04:11:57.537305+00:00,136.91832678333333
751,8004128,2025-07-11 15:16:56.484137+00:00,74.83494058333333
753,8004128,2025-07-12 07:44:14.258482+00:00,51.55409076666667
759,8004128,2025-07-16 10:18:54.518784+00:00,13.822679383333334
763,8004128,2025-07-17 14:09:43.869484+00:00,11.086185016666667
764,8004128,2025-07-17 18:16:32.623273+00:00,4.109042716666667
768,8004128,2025-07-18 15:53:08.883443+00:00,2.4059112333333332
771,8004128,2025-07-21 13:17:40.879455+00:00,0.008829633333333333
774,8004128,2025-07-23 09:16:50.597714+00:00,0.07008455
776,8004128,2025-07-24 13:42:17.400197+00:00,21.10238335
780,8004128,2025-07-25 18:01:54.934474+00:00,22.586084916666668
783,8004128,2025-08-01 08:29:03.325998+00:00,6.52185525
790,8004128,2025-08-04 07:34:32.781764+00:00,10.140105283333332
792,8004128,2025-08-05 09:41:18.350222+00:00,15.125927883333333
793,8004128,2025-08-05 21:18:01.495027+00:00,16.967114483333333
794,8004128,2025-08-06 07:10:16.153131+00:00,24.320704283333335
796,8004128,2025-08-07 07:23:47.349082+00:00,15.141127766666667
799,8004128,2025-08-08 16:51:48.005168+00:00,47.06988666666667
800,8004128,2025-08-10 10:55:34.229015+00:00,12.0403569
801,8004128,2025-08-11 08:23:58.592106+00:00,7.940642066666666
802,8004128,2025-08-12 20:16:37.816191+00:00,0.05213598333333334
806,8004128,2025-08-15 17:53:44.437550+00:00,5.241044733333334
807,8004128,2025-08-16 11:17:50.447304+00:00,0.0099295
808,8004128,2025-08-18 05:04:51.960788+00:00,235.48746048333334
810,8004128,2025-08-19 04:39:23.851888+00:00,42.71975385
813,8004128,2025-08-21 07:18:01.352975+00:00,356.9676110666667
815,8004128,2025-08-21 20:08:48.761465+00:00,0.006348933333333333
816,8004128,2025-08-22 14:46:00.592458+00:00,60.35110618333333
819,8004128,2025-08-27 14:21:33.076491+00:00,3.673546266666667
832,8004128,2025-09-06 16:17:24.593383+00:00,23.283178116666665
834,8004128,2025-09-07 11:46:25.917033+00:00,5.020259916666666
838,8004128,2025-09-08 10:41:38.611415+00:00,30.284213366666666
840,8004128,2025-09-08 15:17:41.616989+00:00,0.03888
841,8004128,2025-09-18 14:41:56.964688+00:00,16.356041166666667
843,8004128,2025-09-29 19:24:00.223323+00:00,2.0025409499999998
846,8004128,2025-10-04 14:16:38.637233+00:00,14.00257025
849,8004128,2025-10-08 06:16:06.870221+00:00,0.003022066666666667
853,8004128,2025-10-10 13:03:04.894317+00:00,29.996221966666667
861,8004128,2025-10-14 20:16:13.546775+00:00,36.002444266666664
863,8004128,2025-10-15 09:29:35.310125+00:00,124.29409466666667
866,8004128,2025-10-15 18:16:42.144144+00:00,68.13206075
868,8004128,2025-10-16 15:16:55.325762+00:00,19.98592988333333
870,8004128,2025-10-17 17:17:21.476189+00:00,75.9984977
871,8004128,2025-10-23 05:54:09.521874+00:00,82.07851656666666
873,8004128,2025-10-24 10:05:48.880586+00:00,13.982409533333334
875,8004128,2025-10-28 19:17:19.344423+00:00,0.013337133333333334
876,8004128,2025-10-29 13:17:03.698357+00:00,30.20973143333333
881,8004128,2025-11-10 10:16:55.130141+00:00,56.01361263333333
884,8004128,2025-11-10 19:17:23.356578+00:00,75.96932225
891,8004128,2025-11-12 03:20:10.537736+00:00,0.018455549999999998
899,8004128,2025-11-12 21:12:13.203345+00:00,33.99728005
903,8004128,2025-11-13 06:12:28.415098+00:00,7.899999999999999e-06
914,8004128,2025-11-15 02:01:27.462753+00:00,0.0015853333333333333
915,8004128,2025-11-16 22:17:43.594060+00:00,16.3989538
916,8004128,2025-11-17 17:18:09.319332+00:00,29.9595595
924,8004128,2025-11-18 12:11:04.292559+00:00,6.205751983333333
925,8004128,2025-11-18 16:16:41.555544+00:00,0.00432875
927,8004128,2025-11-18 23:17:16.003951+00:00,0.0053196833333333336
937,8004128,2025-11-20 07:17:57.575646+00:00,9.975241733333332
939,8004128,2025-11-20 22:16:25.786845+00:00,0.01117405
941,8004128,2025-11-21 13:37:34.278853+00:00,19.97076805
942,8004128,2025-11-21 22:18:01.151746+00:00,4.117560966666667
944,8004128,2025-11-22 05:16:08.273533+00:00,0.0009546666666666666
950,8004128,2025-11-23 13:16:49.864902+00:00,69.99511961666667
951,8004128,2025-11-24 08:04:51.292778+00:00,12.00299325
952,8004128,2025-11-24 19:17:27.203470+00:00,0.05979891666666667
959,8004128,2025-12-05 06:57:20.408017+00:00,16.010204883333333
960,8004128,2025-12-05 22:16:01.399917+00:00,20.060063683333333
961,8004128,2025-12-06 19:16:33.088931+00:00,0.0036041666666666665
962,8004128,2025-12-10 07:11:47.815759+00:00,13.999596816666667
964,8004128,2025-12-10 12:17:50.393437+00:00,7.96553945
968,8004128,2025-12-11 21:49:26.750554+00:00,40.380019749999995
969,8004128,2025-12-14 17:12:24.187718+00:00,9.992592533333333
971,8004128,2025-12-16 14:17:48.792837+00:00,0.018803266666666665
972,8004128,2025-12-17 08:17:00.543236+00:00,120.00829738333333
973,8004128,2025-12-18 09:25:58.917508+00:00,12.001525383333334
978,8004128,2025-12-19 19:17:07.043208+00:00,23.983386783333334
981,8004128,2025-12-20 19:47:28.308708+00:00,23.990606716666665
983,8004128,2025-12-27 16:17:24.507357+00:00,19.95616805
985,8004128,2025-12-29 08:17:18.137545+00:00,43.12744933333333
986,8004128,2025-12-30 05:22:39.015414+00:00,224.00400013333334
991,8004128,2025-12-30 17:16:44.134215+00:00,89.99135088333334
992,8004128,2025-12-30 21:16:44.138844+00:00,13.9810707
993,8004128,2025-12-31 08:16:50.594653+00:00,9.994841133333333
994,8004129,2025-01-04 14:19:52.087500+00:00,14.00641365
996,8004129,2025-01-05 17:59:53.317251+00:00,101.99310188333334
997,8004129,2025-01-07 08:17:54.616417+00:00,11.982443816666667
1000,8004129,2025-01-09 18:43:29.893340+00:00,14.018224333333334
1004,8004129,2025-01-10 14:15:09.666157+00:00,0.011107416666666666
1008,8004129,2025-01-15 19:17:25.874731+00:00,23.971813433333335
1013,8004129,2025-01-22 07:11:25.388214+00:00,243.98282083333334
1014,8004129,2025-01-22 19:17:28.131815+00:00,0.0006031166666666666
1019,8004129,2025-01-27 23:21:47.911964+00:00,71.99049584999999
1020,8004129,2025-01-30 12:16:49.431469+00:00,19.989189783333334
1021,8004129,2025-02-03 10:31:00.018793+00:00,44.005432983333336
1022,8004129,2025-02-03 15:09:00.185685+00:00,20.0096965
1031,8004129,2025-02-13 16:13:43.701230+00:00,50.00450021666666
1035,8004129,2025-02-14 08:17:44.009566+00:00,11.997093233333334
1038,8004129,2025-02-14 23:57:49.104296+00:00,10.360721666666667
1041,8004129,2025-02-18 16:32:14.395820+00:00,37.96889243333333
1042,8004129,2025-02-18 21:16:12.114249+00:00,2.805e-05
1045,8004129,2025-02-19 05:42:12.591263+00:00,138.00028745
1047,8004129,2025-02-20 10:48:12.564866+00:00,18.0051301
1049,8004129,2025-02-23 12:04:12.449171+00:00,67.99678853333333
1050,8004129,2025-02-23 22:16:15.568196+00:00,11.942616716666667
1051,8004129,2025-02-25 14:16:13.212503+00:00,68.00392123333333
1052,8004129,2025-02-26 08:58:12.740266+00:00,31.997307983333332
1055,8004129,2025-03-04 14:16:40.623157+00:00,7.994351033333333
1058,8004129,2025-03-05 22:16:52.648191+00:00,0.0016749500000000001
1060,8004129,2025-03-07 18:17:14.554423+00:00,19.99518438333333
1062,8004129,2025-03-08 19:47:13.970411+00:00,90.02832833333333
1063,8004129,2025-03-09 17:29:14.136784+00:00,46.00099066666667
1064,8004129,2025-03-12 14:17:19.520755+00:00,0.0011113
1072,8004129,2025-03-17 07:59:22.622845+00:00,21.99598695
1076,8004129,2025-03-20 06:12:05.160697+00:00,7.340708133333334
1077,8004129,2025-03-24 07:29:40.282701+00:00,39.05095118333334
1079,8004129,2025-03-25 05:51:08.623261+00:00,88.12883143333333
1080,8004129,2025-03-26 19:59:48.120996+00:00,34.04406281666667
1083,8004129,2025-03-31 10:17:09.509991+00:00,0.016615766666666667
1085,8004129,2025-04-03 13:16:34.239523+00:00,0.0027395333333333333
1086,8004129,2025-04-08 03:55:17.171306+00:00,85.95472823333333
1089,8004129,2025-04-15 04:46:46.063809+00:00,0.0013460166666666668
1090,8004129,2025-04-16 13:16:12.630204+00:00,9.056788483333333
1094,8004129,2025-04-17 12:17:41.248348+00:00,7.289068216666666
1096,8004129,2025-04-20 08:15:59.562522+00:00,45.10551666666667
1099,8004129,2025-04-24 14:17:03.670492+00:00,0.0014368833333333333
1100,8004129,2025-04-24 19:20:59.323906+00:00,7.323962116666666
1102,8004129,2025-04-27 17:16:54.405363+00:00,12.872656650000001
1106,8004129,2025-04-28 15:51:04.328455+00:00,27.969091683333332
1112,8004129,2025-05-01 15:04:00.516487+00:00,18.061506216666665
1113,8004129,2025-05-02 14:13:01.492612+00:00,20.885884416666666
1114,8004129,2025-05-02 20:04:08.273986+00:00,79.63346406666666
1117,8004129,2025-05-05 08:31:19.979932+00:00,33.6558297
1120,8004129,2025-05-09 03:46:42.192040+00:00,168.39242541666667
1122,8004129,2025-05-20 15:17:33.938042+00:00,64.82537368333334
1124,8004129,2025-05-21 07:51:07.966718+00:00,41.95044468333333
1128,8004129,2025-05-23 18:17:35.679547+00:00,8.1878893
1129,8004129,2025-05-24 10:16:54.293863+00:00,39.80390191666667
1133,8004129,2025-05-26 16:41:47.554146+00:00,0.0012457833333333332
1134,8004129,2025-05-28 08:26:34.827228+00:00,5.9616979500000005
1136,8004129,2025-05-30 20:18:11.328666+00:00,29.578184766666666
1137,8004129,2025-05-31 14:17:19.044837+00:00,0.0036790833333333333
1138,8004129,2025-06-03 04:17:38.441680+00:00,127.95956698333333
1140,8004129,2025-06-04 07:57:22.336303+00:00,17.014514116666668
1146,8004129,2025-06-16 04:07:11.701703+00:00,36.414762833333334
1156,8004129,2025-06-19 13:33:13.294576+00:00,4.004338583333333
1157,8004129,2025-06-19 17:57:07.370742+00:00,157.0037084
1159,8004129,2025-06-19 21:57:37.737152+00:00,6.42353835
1160,8004129,2025-06-20 09:17:23.783285+00:00,160.06471993333335
1171,8004129,2025-06-22 14:10:54.448041+00:00,77.79722915
1174,8004129,2025-06-24 14:16:18.974043+00:00,0.010938316666666666
1176,8004129,2025-06-24 20:09:29.145325+00:00,8.036812716666667
1179,8004129,2025-06-26 11:09:10.010146+00:00,37.2353699
1186,8004129,2025-06-27 12:44:27.866436+00:00,30.563772533333335
1187,8004129,2025-06-27 16:50:27.543231+00:00,3.80157155
1190,8004129,2025-06-28 10:17:32.219144+00:00,86.89300433333332
1196,8004129,2025-06-30 13:17:07.172947+00:00,0.00035421666666666667
1201,8004129,2025-07-01 17:17:05.235843+00:00,0.00041568333333333335
1203,8004129,2025-07-02 12:13:27.553311+00:00,80.76950363333334
1207,8004129,2025-07-03 00:17:30.940512+00:00,0.00351045
1208,8004129,2025-07-03 06:19:59.124698+00:00,17.128653933333332
1213,8004129,2025-07-04 06:26:04.191640+00:00,0.014034116666666667
1214,8004129,2025-07-05 14:17:43.729824+00:00,19.1604826
1217,8004129,2025-07-07 04:25:43.155302+00:00,25.410024033333332
1220,8004129,2025-07-07 13:46:32.713944+00:00,74.36757381666666
1223,8004129,2025-07-08 07:18:01.629389+00:00,4.18190045
1224,8004129,2025-07-08 13:16:40.506457+00:00,18.5476676
1233,8004129,2025-07-10 11:17:06.623911+00:00,0.00012728333333333333
1241,8004129,2025-07-14 08:53:22.256503+00:00,41.858096616666664
1242,8004129,2025-07-16 06:17:39.669499+00:00,0.0022217666666666668
1243,8004129,2025-07-17 07:09:39.779577+00:00,2.083250816666667
1245,8004129,2025-07-17 11:57:55.980537+00:00,82.19143613333334
1248,8004129,2025-07-17 18:54:59.563735+00:00,38.83373245
1253,8004129,2025-07-18 18:18:05.168748+00:00,11.349626266666666
1254,8004129,2025-07-21 04:44:47.429862+00:00,356.9150931166667
1257,8004129,2025-07-21 17:49:19.007865+00:00,49.618903233333334
1263,8004129,2025-07-25 16:31:34.164006+00:00,60.41370851666667
1265,8004129,2025-07-28 11:17:45.695675+00:00,0.013252116666666668
1266,8004129,2025-08-01 07:49:24.005594+00:00,16.9193502
1268,8004129,2025-08-01 15:11:04.723163+00:00,11.817277866666666
1271,8004129,2025-08-03 04:50:38.097878+00:00,4.189979883333334
1272,8004129,2025-08-03 11:16:16.519721+00:00,69.17127118333333
1274,8004129,2025-08-03 15:26:58.632197+00:00,15.560158433333333
1277,8004129,2025-08-05 11:36:01.413355+00:00,23.288430316666666
1280,8004129,2025-08-06 10:35:46.542145+00:00,162.70621996666665
1282,8004129,2025-08-08 09:16:47.027085+00:00,0.002248
1286,8004129,2025-08-12 21:17:54.757906+00:00,0.0008335666666666667
1287,8004129,2025-08-13 04:16:17.661531+00:00,67.58683153333332
1291,8004129,2025-08-19 04:17:21.053587+00:00,8.748016533333333
1293,8004129,2025-08-20 20:52:39.241548+00:00,54.88679305
1295,8004129,2025-08-21 07:18:02.433156+00:00,356.95248638333334
1296,8004129,2025-08-21 13:56:39.674696+00:00,34.60806785
1299,8004129,2025-08-22 16:05:07.642035+00:00,34.96730883333333
1303,8004129,2025-08-28 18:16:14.470860+00:00,6.6862955
1305,8004129,2025-08-30 20:16:27.404525+00:00,0.010794366666666666
1306,8004129,2025-09-01 12:17:57.997587+00:00,3.9936108
1308,8004129,2025-09-04 15:17:28.777298+00:00,55.79760043333333
1311,8004129,2025-09-05 17:17:37.069672+00:00,16.197948833333335
1313,8004129,2025-09-07 10:19:11.577764+00:00,38.98276531666667
1316,8004129,2025-09-08 06:13:31.748359+00:00,17.518047799999998
1319,8004129,2025-09-08 11:35:23.081668+00:00,39.72145751666667
1322,8004129,2025-09-29 15:48:00.736000+00:00,19.991455416666668
1325,8004129,2025-10-04 10:40:37.785887+00:00,126.00635396666667
1331,8004129,2025-10-08 09:02:07.954891+00:00,27.98452145
1332,8004129,2025-10-08 14:16:10.765242+00:00,0.00068155
1335,8004129,2025-10-10 15:59:11.679410+00:00,28.0125052
1340,8004129,2025-10-14 18:45:58.514309+00:00,26.183470133333334
1347,8004129,2025-10-15 20:16:50.636198+00:00,1.9843354166666667
1349,8004129,2025-10-17 08:17:49.466633+00:00,0.21857391666666667
1352,8004129,2025-10-23 07:46:17.854102+00:00,24.180614616666666
1354,8004129,2025-10-28 17:16:59.564668+00:00,58.259506683333335
1357,8004129,2025-11-10 05:16:31.622826+00:00,14.009531083333334
1362,8004129,2025-11-10 13:05:09.851186+00:00,2.00894815
1364,8004129,2025-11-10 20:51:21.465530+00:00,48.03204913333333
1365,8004129,2025-11-11 09:17:23.357588+00:00,0.0294473
1368,8004129,2025-11-12 00:16:27.529294+00:00,4.000772083333334
1370,8004129,2025-11-12 05:17:45.369929+00:00,2.0110715
1375,8004129,2025-11-12 12:14:10.618532+00:00,80.01876731666667
1379,8004129,2025-11-13 05:14:28.978923+00:00,2.0237349
1386,8004129,2025-11-14 04:17:21.139540+00:00,0.0006400666666666666
1387,8004129,2025-11-14 10:46:52.139017+00:00,189.69348456666665
1401,8004129,2025-11-17 04:18:08.130960+00:00,0.0010777166666666666
1404,8004129,2025-11-17 14:17:13.805998+00:00,58.08125438333333
1410,8004129,2025-11-18 01:16:51.212597+00:00,0.005766016666666667
1413,8004129,2025-11-18 09:22:57.430276+00:00,22.010862633333332
1419,8004129,2025-11-19 01:17:15.611366+00:00,0.00261355
1423,8004129,2025-11-19 15:17:24.337182+00:00,11.98103035
1427,8004129,2025-11-20 10:18:02.642949+00:00,19.92795345
1429,8004129,2025-11-21 07:28:52.373752+00:00,8.020443716666668
1432,8004129,2025-11-22 05:00:08.968764+00:00,0.015430816666666668
1434,8004129,2025-11-22 22:16:29.914688+00:00,0.014535583333333333
1436,8004129,2025-11-23 09:16:49.462080+00:00,0.00278255
1443,8004129,2025-11-26 13:30:06.637916+00:00,22.013703749999998
1444,8004129,2025-12-02 07:04:09.139873+00:00,80.0553504
1445,8004129,2025-12-04 15:16:47.808206+00:00,3.9626109499999997
1450,8004129,2025-12-10 09:49:47.671672+00:00,48.00891431666666
1452,8004129,2025-12-10 17:17:58.615424+00:00,27.990357850000002
1454,8004129,2025-12-11 17:16:57.899238+00:00,0.01873351666666667
1458,8004129,2025-12-16 07:58:45.193878+00:00,18.161736666666666
1462,8004129,2025-12-18 10:16:14.430894+00:00,40.03502275
1463,8004129,2025-12-18 14:46:23.705781+00:00,96.01646898333334
1465,8004129,2025-12-20 11:47:28.245649+00:00,41.99779783333334
1467,8004129,2025-12-21 06:31:58.334131+00:00,78.0110542
1470,8004129,2025-12-27 17:17:21.533194+00:00,41.99164091666667
995,8004129,2025-01-05 15:17:52.635119+00:00,0.0019372833333333333
1001,8004129,2025-01-09 19:19:30.160323+00:00,20.01100885
1005,8004129,2025-01-13 18:13:19.633690+00:00,0.00023953333333333332
1006,8004129,2025-01-15 04:56:16.597204+00:00,7.616956366666667
1011,8004129,2025-01-21 09:53:25.167576+00:00,19.988365416666667
1012,8004129,2025-01-22 06:17:26.136547+00:00,31.981538783333335
1016,8004129,2025-01-24 12:15:25.633774+00:00,69.98858101666666
1017,8004129,2025-01-24 22:21:24.212111+00:00,26.003705500000002
1018,8004129,2025-01-27 22:17:59.718867+00:00,47.79381498333333
1023,8004129,2025-02-04 09:17:03.825367+00:00,0.00065785
1027,8004129,2025-02-08 05:17:03.857204+00:00,13.942378133333333
1028,8004129,2025-02-09 09:17:00.883557+00:00,19.995317833333335
1029,8004129,2025-02-12 10:17:04.195127+00:00,0.00121495
1030,8004129,2025-02-13 04:33:01.155423+00:00,4.008330133333334
1036,8004129,2025-02-14 09:49:44.177533+00:00,9.366666666666666e-06
1037,8004129,2025-02-14 22:47:43.123905+00:00,47.99783143333333
1046,8004129,2025-02-19 08:16:12.188843+00:00,3.9991486166666665
1048,8004129,2025-02-20 15:16:12.908041+00:00,3.9953898
1053,8004129,2025-03-04 10:18:39.433293+00:00,48.00690821666667
1057,8004129,2025-03-05 10:52:40.042175+00:00,39.99769825
1059,8004129,2025-03-06 11:53:13.884391+00:00,20.0059603
1068,8004129,2025-03-17 04:45:21.880478+00:00,36.02144551666667
1073,8004129,2025-03-17 09:01:22.987908+00:00,0.0001019
1075,8004129,2025-03-19 14:01:06.330999+00:00,6.481666666666667e-05
1078,8004129,2025-03-24 08:31:46.752421+00:00,33.56449561666667
1084,8004129,2025-04-02 17:11:16.345565+00:00,20.094875433333335
1087,8004129,2025-04-10 12:54:41.723224+00:00,11.398362166666667
1088,8004129,2025-04-15 04:02:29.692360+00:00,28.40422565
1091,8004129,2025-04-16 14:58:44.333539+00:00,104.3715601
1095,8004129,2025-04-17 14:17:39.541173+00:00,0.0007899333333333333
1097,8004129,2025-04-22 13:07:26.116961+00:00,103.51493276666666
1098,8004129,2025-04-22 17:17:28.444487+00:00,0.007827250000000001
1101,8004129,2025-04-27 06:17:46.921646+00:00,0.020481433333333333
1103,8004129,2025-04-27 21:09:11.308185+00:00,155.1358728666667
1104,8004129,2025-04-28 13:17:14.841544+00:00,14.493747533333334
1107,8004129,2025-04-29 08:03:45.186902+00:00,93.992329
1108,8004129,2025-04-29 21:17:59.981001+00:00,0.0335521
1111,8004129,2025-05-01 14:16:58.601917+00:00,5.199594416666667
1115,8004129,2025-05-04 12:26:33.129906+00:00,359.29393711666665
1116,8004129,2025-05-04 23:02:17.214522+00:00,0.03898565
1118,8004129,2025-05-05 09:28:48.244972+00:00,37.57528305
1119,8004129,2025-05-05 17:16:44.079131+00:00,12.428938816666665
1121,8004129,2025-05-15 12:18:05.773623+00:00,0.007572316666666666
1126,8004129,2025-05-21 17:10:41.055271+00:00,21.046999933333332
1127,8004129,2025-05-22 10:42:53.452844+00:00,4.2996028
1130,8004129,2025-05-26 04:10:14.456619+00:00,55.567195950000006
1135,8004129,2025-05-30 12:28:22.918124+00:00,49.38422971666667
1139,8004129,2025-06-03 20:17:08.123884+00:00,0.0037318
1141,8004129,2025-06-08 12:11:35.077742+00:00,21.694803333333333
1142,8004129,2025-06-10 10:47:57.573485+00:00,33.059332733333335
1145,8004129,2025-06-14 13:16:50.693542+00:00,0.0020701
1147,8004129,2025-06-16 05:00:56.572079+00:00,14.072773466666666
1148,8004129,2025-06-16 09:17:29.234550+00:00,77.82746323333335
1149,8004129,2025-06-18 22:37:10.089180+00:00,1.7217009166666666
1158,8004129,2025-06-19 21:05:14.896339+00:00,32.07672135
1166,8004129,2025-06-21 21:16:23.882987+00:00,26.478604416666666
1170,8004129,2025-06-22 11:31:48.731256+00:00,9.064274000000001
1172,8004129,2025-06-24 07:45:48.401393+00:00,67.24085503333333
1175,8004129,2025-06-24 17:17:11.541513+00:00,0.004242616666666667
1180,8004129,2025-06-26 12:12:36.572640+00:00,42.81725175
1181,8004129,2025-06-27 02:31:42.372205+00:00,0.005737433333333333
1185,8004129,2025-06-27 12:03:12.739632+00:00,24.959019333333334
1189,8004129,2025-06-27 20:17:49.461620+00:00,53.911327666666665
1199,8004129,2025-07-01 14:13:21.408102+00:00,19.55598095
1202,8004129,2025-07-02 07:16:14.001864+00:00,131.71543031666667
1205,8004129,2025-07-02 22:16:13.431947+00:00,0.006406566666666667
1210,8004129,2025-07-03 23:18:02.720227+00:00,0.0017007833333333334
1216,8004129,2025-07-05 16:01:03.016602+00:00,56.25864253333334
1227,8004129,2025-07-08 20:16:59.891615+00:00,10.292977366666666
1228,8004129,2025-07-09 03:31:52.992872+00:00,57.7146561
1232,8004129,2025-07-10 06:23:37.988724+00:00,9.3875305
1234,8004129,2025-07-11 15:16:58.320843+00:00,61.28553355
1240,8004129,2025-07-12 14:15:43.115515+00:00,19.59541108333333
1244,8004129,2025-07-17 07:55:35.045629+00:00,56.940124383333334
1246,8004129,2025-07-17 14:09:44.259034+00:00,37.227533099999995
1247,8004129,2025-07-17 18:16:36.273622+00:00,4.05454905
1251,8004129,2025-07-18 15:55:34.177579+00:00,0.00622165
1255,8004129,2025-07-21 13:17:42.241707+00:00,0.0065702
1258,8004129,2025-07-23 09:16:57.949024+00:00,0.0028518999999999997
1259,8004129,2025-07-24 12:06:26.440008+00:00,59.42003135
1264,8004129,2025-07-25 18:01:56.755368+00:00,26.723481666666665
1267,8004129,2025-08-01 08:35:35.337683+00:00,9.977064683333333
1269,8004129,2025-08-01 16:14:58.134165+00:00,33.039272516666664
1270,8004129,2025-08-01 20:16:46.186563+00:00,60.3628351
1273,8004129,2025-08-03 13:00:59.735017+00:00,14.677659366666667
1276,8004129,2025-08-05 09:39:32.906221+00:00,10.356404283333335
1278,8004129,2025-08-05 21:18:06.049706+00:00,16.8937101
1279,8004129,2025-08-06 06:51:46.925717+00:00,63.52572668333333
1283,8004129,2025-08-08 16:51:49.177805+00:00,42.965478149999996
1284,8004129,2025-08-11 08:11:57.411138+00:00,23.022137999999998
1285,8004129,2025-08-12 20:16:41.443957+00:00,0.0032783833333333333
1288,8004129,2025-08-15 17:53:44.882817+00:00,22.101472450000003
1289,8004129,2025-08-16 11:17:52.174132+00:00,0.00219715
1290,8004129,2025-08-18 05:06:41.346547+00:00,236.16854758333332
1292,8004129,2025-08-19 04:41:44.775242+00:00,40.378026950000006
1297,8004129,2025-08-21 20:08:50.113262+00:00,0.003952266666666667
1298,8004129,2025-08-22 15:01:55.504203+00:00,43.34464026666667
1301,8004129,2025-08-27 14:21:34.252141+00:00,3.6655384833333335
1304,8004129,2025-08-29 10:29:36.471087+00:00,28.692395916666666
1312,8004129,2025-09-06 16:17:24.581910+00:00,36.239660283333336
1314,8004129,2025-09-07 11:39:03.276732+00:00,21.407447983333334
1318,8004129,2025-09-08 08:35:38.858903+00:00,36.98175236666667
1320,8004129,2025-09-08 15:17:41.173275+00:00,0.042245283333333335
1321,8004129,2025-09-18 14:41:56.834651+00:00,18.361834416666667
1326,8004129,2025-10-04 14:16:38.745185+00:00,13.989916183333333
1327,8004129,2025-10-06 12:17:51.570933+00:00,86.03190289999999
1330,8004129,2025-10-08 08:26:07.335233+00:00,17.997233466666668
1333,8004129,2025-10-10 13:03:05.465556+00:00,29.990928583333336
1336,8004129,2025-10-10 18:17:27.032664+00:00,77.98734173333334
1337,8004129,2025-10-14 10:17:33.605815+00:00,0.10614818333333333
1341,8004129,2025-10-14 20:16:13.557319+00:00,36.00542541666667
1343,8004129,2025-10-15 09:29:35.115761+00:00,124.2977013
1346,8004129,2025-10-15 18:16:42.126841+00:00,70.13587416666665
1348,8004129,2025-10-16 15:16:55.201566+00:00,17.9868771
1350,8004129,2025-10-17 17:17:21.549762+00:00,53.98842116666666
1351,8004129,2025-10-23 05:54:09.043450+00:00,82.08485393333333
1353,8004129,2025-10-24 10:17:49.022959+00:00,13.979068683333333
1355,8004129,2025-10-28 19:17:19.099202+00:00,0.01239165
1356,8004129,2025-10-29 13:17:03.575495+00:00,18.217433649999997
1361,8004129,2025-11-10 10:16:55.276862+00:00,56.00652543333333
1363,8004129,2025-11-10 19:17:23.271246+00:00,69.97069356666665
1366,8004129,2025-11-11 20:12:14.444409+00:00,0.004247116666666667
1369,8004129,2025-11-12 03:20:10.692283+00:00,0.017605183333333333
1380,8004129,2025-11-13 06:12:28.400722+00:00,0.00051515
1381,8004129,2025-11-13 15:16:36.952829+00:00,0.18521328333333334
1392,8004129,2025-11-15 02:01:27.639709+00:00,7.333333333333334e-06
1402,8004129,2025-11-17 05:16:07.506324+00:00,0.0007562666666666667
1403,8004129,2025-11-17 12:08:56.528567+00:00,0.0098714
1406,8004129,2025-11-17 19:16:06.903507+00:00,26.25132036666667
1409,8004129,2025-11-18 00:16:49.466706+00:00,25.98298455
1414,8004129,2025-11-18 12:11:04.813007+00:00,6.198454933333333
1415,8004129,2025-11-18 16:16:41.502905+00:00,0.0038870500000000004
1417,8004129,2025-11-18 23:17:16.062988+00:00,0.017485233333333336
1424,8004129,2025-11-19 16:17:33.095198+00:00,0.0028946166666666668
1426,8004129,2025-11-20 07:17:57.452403+00:00,11.962963916666666
1428,8004129,2025-11-20 22:16:25.727841+00:00,0.00870955
1430,8004129,2025-11-21 13:39:33.090722+00:00,24.099267133333335
1431,8004129,2025-11-21 22:18:00.878830+00:00,4.127933466666667
1433,8004129,2025-11-22 05:16:08.126927+00:00,0.0021737333333333333
1439,8004129,2025-11-23 13:16:49.904882+00:00,69.98893878333334
1440,8004129,2025-11-24 08:06:50.390356+00:00,10.014495
1441,8004129,2025-11-24 19:17:26.992287+00:00,0.04632473333333333
1446,8004129,2025-12-05 06:59:20.615520+00:00,15.99803805
1447,8004129,2025-12-05 22:22:05.384773+00:00,13.9935537
1448,8004129,2025-12-06 19:16:33.151643+00:00,0.006477083333333333
1449,8004129,2025-12-10 07:11:48.078712+00:00,16.039131766666667
1451,8004129,2025-12-10 12:17:50.296914+00:00,9.959797816666667
1457,8004129,2025-12-14 17:12:23.995397+00:00,14.002614416666667
1459,8004129,2025-12-16 14:17:48.950164+00:00,0.02077685
1460,8004129,2025-12-17 08:17:00.920224+00:00,120.00192136666666
1461,8004129,2025-12-18 09:27:58.902264+00:00,12.005305316666666
1464,8004129,2025-12-19 19:17:07.022728+00:00,21.981107766666664
1466,8004129,2025-12-20 19:47:28.710207+00:00,23.984184266666666
1468,8004129,2025-12-21 08:17:59.092291+00:00,27.9952607
1469,8004129,2025-12-27 16:17:24.373281+00:00,21.944582949999997
1471,8004129,2025-12-29 08:17:18.131610+00:00,28.007095183333334
1472,8004129,2025-12-30 05:24:38.979329+00:00,158.0107362166667
1479,8004129,2025-12-30 21:16:44.440897+00:00,0.025590916666666668
1480,8004129,2025-12-31 08:16:50.473278+00:00,12.002778616666665
1484,8004131,2025-01-05 17:47:54.487956+00:00,122.01781553333333
1485,8004131,2025-01-07 08:17:56.447525+00:00,0.00032585
1487,8004131,2025-01-09 18:43:31.686997+00:00,15.987585816666666
1489,8004131,2025-01-10 10:01:30.771433+00:00,43.98883418333333
1490,8004131,2025-01-10 14:15:17.691718+00:00,0.0028991999999999998
1494,8004131,2025-01-15 19:17:26.220843+00:00,23.967321183333336
1498,8004131,2025-01-21 20:17:25.964069+00:00,13.978096200000001
1501,8004131,2025-01-22 08:07:25.004148+00:00,177.99537861666667
1502,8004131,2025-01-22 19:17:28.356047+00:00,0.0006029333333333333
1503,8004131,2025-01-23 10:21:24.842025+00:00,10.000850033333334
1510,8004131,2025-01-27 23:45:47.820956+00:00,61.99718538333333
1511,8004131,2025-01-30 12:16:49.686140+00:00,19.98591628333333
1512,8004131,2025-02-03 15:03:00.438925+00:00,16.002452666666667
1515,8004131,2025-02-07 12:51:00.704456+00:00,20.008973216666668
1519,8004131,2025-02-09 08:41:00.563461+00:00,15.998685516666665
1524,8004131,2025-02-13 16:03:43.875750+00:00,80.00188556666667
1528,8004131,2025-02-14 08:17:44.391985+00:00,19.992947116666667
1530,8004131,2025-02-14 22:19:43.429454+00:00,13.993174816666668
1532,8004131,2025-02-15 08:16:11.998635+00:00,21.99529745
1534,8004131,2025-02-16 12:36:11.831199+00:00,136.00367783333334
1535,8004131,2025-02-18 16:24:12.668026+00:00,30.0130532
1536,8004131,2025-02-18 21:16:12.173119+00:00,4.0499999999999995e-05
1538,8004131,2025-02-19 05:14:12.599697+00:00,201.99410268333335
1539,8004131,2025-02-20 10:40:12.061655+00:00,16.00459945
1542,8004131,2025-02-23 22:16:16.259577+00:00,17.936468966666666
1544,8004131,2025-02-25 14:52:13.217428+00:00,26.0065323
1545,8004131,2025-02-26 08:46:12.820226+00:00,40.00340853333333
1547,8004131,2025-03-04 14:16:40.690901+00:00,9.9852272
1549,8004131,2025-03-05 22:16:53.109299+00:00,0.0018491833333333333
1551,8004131,2025-03-07 18:17:14.643434+00:00,0.0001794
1553,8004131,2025-03-08 18:23:13.658486+00:00,152.01112828333333
1554,8004131,2025-03-12 14:17:19.916377+00:00,0.0003885333333333333
1556,8004131,2025-03-14 05:39:22.526410+00:00,5.997229833333334
1567,8004131,2025-03-22 20:07:25.821474+00:00,21.862083816666665
1570,8004131,2025-03-25 05:47:22.924251+00:00,82.4689091
1571,8004131,2025-03-25 12:51:57.155981+00:00,6.5462892
1574,8004131,2025-03-28 09:44:18.813468+00:00,41.9276538
1575,8004131,2025-03-31 10:17:11.447816+00:00,0.007698583333333333
1577,8004131,2025-04-03 13:16:34.701282+00:00,0.0014931
1578,8004131,2025-04-08 04:08:00.621923+00:00,61.27714565
1580,8004131,2025-04-15 04:19:36.424623+00:00,27.207543133333335
1581,8004131,2025-04-16 13:16:17.675409+00:00,2.36036035
1585,8004131,2025-04-17 12:17:43.729045+00:00,7.262424583333333
1593,8004131,2025-04-27 23:25:49.031551+00:00,14.172164033333333
1596,8004131,2025-04-28 15:33:21.111623+00:00,43.01234376666666
1599,8004131,2025-04-30 14:36:13.416194+00:00,16.859788733333332
1604,8004131,2025-05-01 14:56:50.305456+00:00,19.280211683333334
1605,8004131,2025-05-02 14:02:53.320670+00:00,19.968201166666667
1609,8004131,2025-05-05 08:31:25.145289+00:00,40.52467696666667
1614,8004131,2025-05-09 05:20:32.575172+00:00,80.68678216666667
1618,8004131,2025-05-21 07:01:03.617272+00:00,10.217277816666666
1621,8004131,2025-05-23 18:17:36.135040+00:00,10.547397499999999
1626,8004131,2025-05-26 16:41:48.867997+00:00,0.0028211166666666666
1627,8004131,2025-05-28 08:23:22.212190+00:00,9.199439916666668
1630,8004131,2025-05-30 20:18:11.740925+00:00,11.8980283
1631,8004131,2025-05-31 14:17:19.593248+00:00,0.0011268833333333333
1640,8004131,2025-06-13 17:05:27.563548+00:00,11.699195716666667
1644,8004131,2025-06-16 10:04:02.467201+00:00,23.780352783333335
1651,8004131,2025-06-19 13:27:15.376377+00:00,11.869964533333333
1652,8004131,2025-06-19 17:57:07.968763+00:00,171.83420398333334
1654,8004131,2025-06-20 09:09:50.571194+00:00,151.63091403333334
1663,8004131,2025-06-22 14:10:55.133405+00:00,91.53206041666667
1665,8004131,2025-06-24 10:17:55.983933+00:00,11.384545683333332
1668,8004131,2025-06-24 20:17:31.905500+00:00,24.33705755
1671,8004131,2025-06-26 11:17:37.264780+00:00,22.349766416666668
1676,8004131,2025-06-27 18:52:29.254102+00:00,109.57798606666667
1677,8004131,2025-06-28 10:17:32.632227+00:00,84.8324364
1679,8004131,2025-06-30 06:16:13.527945+00:00,63.47096908333333
1683,8004131,2025-06-30 13:17:07.686887+00:00,0.00011365000000000001
1686,8004131,2025-07-01 14:44:35.565675+00:00,152.50845313333332
1688,8004131,2025-07-02 12:09:19.267227+00:00,68.00216156666667
1692,8004131,2025-07-03 00:17:33.810636+00:00,0.0009009666666666666
1693,8004131,2025-07-03 06:18:02.773913+00:00,19.093147866666666
1694,8004131,2025-07-03 16:00:54.281920+00:00,19.975165566666664
1698,8004131,2025-07-04 06:26:05.641677+00:00,0.0032156166666666664
1701,8004131,2025-07-07 04:23:37.992860+00:00,21.302200016666667
1703,8004131,2025-07-07 13:38:30.797394+00:00,76.38527908333334
1705,8004131,2025-07-08 07:18:01.807987+00:00,0.00015653333333333333
1707,8004131,2025-07-08 14:02:50.363519+00:00,62.2475549
1712,8004131,2025-07-09 07:34:06.182789+00:00,111.8234371
1715,8004131,2025-07-09 12:24:26.481680+00:00,42.4900666
1717,8004131,2025-07-10 11:17:06.793622+00:00,0.00012806666666666667
1723,8004131,2025-07-12 12:17:23.958870+00:00,0.000815
1725,8004131,2025-07-14 08:53:22.800723+00:00,32.29094893333333
1726,8004131,2025-07-16 06:17:40.324320+00:00,0.0012591833333333332
1729,8004131,2025-07-17 07:50:32.454807+00:00,27.184335383333334
1735,8004131,2025-07-17 18:58:24.289539+00:00,24.255183116666668
1738,8004131,2025-07-18 18:18:05.662669+00:00,13.3493975
1742,8004131,2025-07-21 16:55:42.954931+00:00,86.964387
1748,8004131,2025-07-25 16:16:08.080813+00:00,81.00885985
1749,8004131,2025-07-28 11:17:47.071747+00:00,0.005085016666666667
1751,8004131,2025-08-01 15:11:05.136214+00:00,29.739529866666665
1754,8004131,2025-08-03 04:59:06.529863+00:00,13.883574000000001
1755,8004131,2025-08-03 11:16:18.079442+00:00,62.98736471666667
1759,8004131,2025-08-06 06:08:26.282316+00:00,21.28308601666667
1761,8004131,2025-08-06 10:33:44.656294+00:00,164.76585304999998
1764,8004131,2025-08-08 09:16:48.180954+00:00,0.0005914166666666667
1767,8004131,2025-08-11 19:22:19.177424+00:00,24.76900626666667
1769,8004131,2025-08-12 21:17:57.366601+00:00,0.00014788333333333334
1770,8004131,2025-08-13 04:09:51.621393+00:00,80.63448926666666
1777,8004131,2025-08-20 20:29:27.182129+00:00,28.748117266666668
1779,8004131,2025-08-21 07:18:04.163739+00:00,325.5056303666667
1780,8004131,2025-08-21 14:04:23.129377+00:00,17.05198215
1783,8004131,2025-08-22 15:13:57.580930+00:00,107.01260478333333
1787,8004131,2025-08-28 18:16:14.341031+00:00,12.685477850000002
1788,8004131,2025-08-30 20:16:27.139233+00:00,0.0142574
1789,8004131,2025-09-01 12:17:57.942824+00:00,0.006768283333333333
1791,8004131,2025-09-04 15:17:28.554880+00:00,46.71188508333333
1792,8004131,2025-09-05 11:17:07.473995+00:00,40.490303250000004
1794,8004131,2025-09-05 17:17:37.056127+00:00,32.23077151666667
1795,8004131,2025-09-06 16:17:24.721180+00:00,30.092592649999997
1796,8004131,2025-09-07 10:13:02.638937+00:00,34.62670983333333
1799,8004131,2025-09-08 05:49:31.180470+00:00,32.60700033333333
1801,8004131,2025-09-08 11:27:58.192530+00:00,38.226078199999996
1813,8004131,2025-10-08 06:06:06.550385+00:00,106.00361208333334
1815,8004131,2025-10-08 14:16:10.682707+00:00,15.968758166666667
1818,8004131,2025-10-10 16:11:16.592420+00:00,19.923491249999998
1827,8004131,2025-10-15 11:55:53.105664+00:00,68.0269253
1830,8004131,2025-10-15 20:16:52.584400+00:00,0.016659749999999997
1832,8004131,2025-10-17 08:17:48.950300+00:00,0.18003975
1836,8004131,2025-10-23 07:48:17.965010+00:00,22.182025716666665
1838,8004131,2025-10-28 17:17:03.684565+00:00,56.203733850000006
1844,8004131,2025-11-10 08:16:53.485080+00:00,12.008352533333333
1847,8004131,2025-11-10 13:23:13.817152+00:00,0.01291725
1848,8004131,2025-11-10 19:17:23.102410+00:00,184.4728236
1849,8004131,2025-11-11 09:17:23.303465+00:00,0.029019033333333333
1851,8004131,2025-11-12 01:16:12.137596+00:00,0.00141815
1857,8004131,2025-11-12 12:18:10.954009+00:00,90.01442101666666
1861,8004131,2025-11-13 05:14:28.975132+00:00,2.0286018666666665
1867,8004131,2025-11-14 04:17:21.335284+00:00,0.00048626666666666665
1868,8004131,2025-11-14 12:17:47.864045+00:00,104.77421688333334
1870,8004131,2025-11-14 19:54:54.630516+00:00,25.97238168333333
1873,8004131,2025-11-16 22:17:44.449167+00:00,16.385491166666664
1882,8004131,2025-11-18 09:02:57.531434+00:00,42.00490946666666
1888,8004131,2025-11-19 01:17:15.687289+00:00,0.0026955000000000004
1892,8004131,2025-11-19 15:17:24.262442+00:00,11.981439116666667
1896,8004131,2025-11-20 10:18:03.203292+00:00,19.918597766666668
1898,8004131,2025-11-21 07:28:52.394178+00:00,8.018517566666667
1901,8004131,2025-11-22 04:58:08.191282+00:00,18.001362866666668
1902,8004131,2025-11-22 22:16:30.026235+00:00,0.016341416666666667
1904,8004131,2025-11-23 09:16:49.545214+00:00,0.003560583333333333
1912,8004131,2025-11-26 13:04:07.203951+00:00,18.010881633333334
1914,8004131,2025-12-04 15:16:47.712241+00:00,0.013784033333333334
1918,8004131,2025-12-10 09:37:47.860850+00:00,87.98763141666667
1920,8004131,2025-12-10 17:17:58.581697+00:00,17.98348195
1922,8004131,2025-12-11 17:16:58.222516+00:00,0.016941849999999998
1929,8004131,2025-12-18 10:16:14.472770+00:00,40.031889666666665
1934,8004131,2025-12-20 11:41:28.028079+00:00,13.996539566666666
1943,8004131,2025-12-30 17:16:44.099857+00:00,26.000541183333333
1483,8004131,2025-01-05 15:17:54.725589+00:00,0.003480033333333333
1488,8004131,2025-01-09 19:23:31.212725+00:00,24.013884599999997
1491,8004131,2025-01-13 18:13:20.472399+00:00,0.00122495
1492,8004131,2025-01-15 05:05:53.835322+00:00,3.9962273666666666
1497,8004131,2025-01-21 10:01:24.201723+00:00,18.009427533333334
1508,8004131,2025-01-24 22:37:24.530675+00:00,15.99865705
1509,8004131,2025-01-27 22:17:59.891302+00:00,29.801233533333335
1513,8004131,2025-02-04 09:17:04.260688+00:00,0.00098285
1516,8004131,2025-02-07 13:51:00.560254+00:00,14.01155955
1517,8004131,2025-02-08 05:27:00.440319+00:00,4.0002497833333335
1522,8004131,2025-02-12 10:17:04.502573+00:00,0.006699166666666667
1523,8004131,2025-02-13 04:35:01.102419+00:00,14.001808183333333
1529,8004131,2025-02-14 09:53:43.853221+00:00,5.993571066666666
1531,8004131,2025-02-14 22:59:43.018955+00:00,64.47250126666667
1533,8004131,2025-02-16 08:50:11.986253+00:00,207.99024823333332
1540,8004131,2025-02-20 15:16:12.963513+00:00,12.006956683333334
1541,8004131,2025-02-23 12:02:12.996377+00:00,79.98935911666668
1543,8004131,2025-02-25 14:04:13.319916+00:00,29.998879233333334
1546,8004131,2025-03-04 09:36:39.831998+00:00,217.9967028
1548,8004131,2025-03-05 08:16:40.266675+00:00,0.0013791833333333333
1550,8004131,2025-03-06 12:01:13.775511+00:00,20.007002800000002
1552,8004131,2025-03-07 18:37:14.337687+00:00,1.9953058000000001
1557,8004131,2025-03-14 06:19:22.780299+00:00,4.00793615
1562,8004131,2025-03-17 09:01:23.052819+00:00,2.96e-05
1566,8004131,2025-03-20 06:07:23.379891+00:00,12.037883533333334
1569,8004131,2025-03-24 09:05:22.967719+00:00,4.718502366666667
1572,8004131,2025-03-26 19:39:41.621925+00:00,48.1480396
1573,8004131,2025-03-28 09:16:24.416008+00:00,0.0041788
1576,8004131,2025-04-02 17:09:21.961001+00:00,16.056189516666667
1579,8004131,2025-04-10 12:54:48.685620+00:00,15.811155916666667
1583,8004131,2025-04-16 16:45:06.339389+00:00,4.5118126
1586,8004131,2025-04-17 14:17:40.099870+00:00,0.0003839
1587,8004131,2025-04-20 08:08:28.649225+00:00,59.04340695
1588,8004131,2025-04-22 13:13:49.050976+00:00,94.98870148333334
1589,8004131,2025-04-22 17:17:32.270513+00:00,0.007184866666666666
1590,8004131,2025-04-27 06:17:48.483475+00:00,0.008170533333333334
1592,8004131,2025-04-27 21:16:30.201710+00:00,110.33712906666666
1597,8004131,2025-04-29 08:13:55.399870+00:00,101.01620996666666
1598,8004131,2025-04-29 21:18:03.741994+00:00,0.005809166666666667
1603,8004131,2025-05-01 13:46:44.388589+00:00,30.28194885
1606,8004131,2025-05-02 20:04:13.409693+00:00,75.09479401666667
1607,8004131,2025-05-04 12:33:55.175226+00:00,359.94155615
1608,8004131,2025-05-04 23:02:20.400640+00:00,0.016616733333333335
1610,8004131,2025-05-05 09:34:52.277684+00:00,38.418867866666666
1611,8004131,2025-05-05 17:16:50.949355+00:00,12.33971915
1612,8004131,2025-05-08 04:54:41.326650+00:00,26.941044116666667
1613,8004131,2025-05-09 03:40:42.265120+00:00,84.55711106666666
1615,8004131,2025-05-15 12:18:06.580524+00:00,0.0039512
1620,8004131,2025-05-21 17:17:07.922955+00:00,28.87242001666667
1622,8004131,2025-05-24 10:16:54.539817+00:00,45.91298105
1623,8004131,2025-05-26 04:10:17.137523+00:00,61.009236783333336
1632,8004131,2025-05-31 17:12:22.749490+00:00,8.914862166666667
1633,8004131,2025-06-03 04:03:34.939653+00:00,106.43742581666667
1634,8004131,2025-06-03 20:17:08.736184+00:00,0.0007471166666666667
1635,8004131,2025-06-04 07:29:39.647995+00:00,38.283824366666664
1636,8004131,2025-06-07 05:40:18.426008+00:00,12.950266050000002
1637,8004131,2025-06-08 12:22:18.942781+00:00,19.06487428333333
1638,8004131,2025-06-10 10:55:58.237996+00:00,11.542560616666666
1639,8004131,2025-06-11 13:40:53.402993+00:00,3.6833333333333334e-06
1641,8004131,2025-06-14 13:16:51.330554+00:00,4.4877885
1642,8004131,2025-06-16 04:58:51.959936+00:00,27.507167133333333
1645,8004131,2025-06-16 11:06:02.220901+00:00,28.538222183333335
1646,8004131,2025-06-18 22:42:53.606362+00:00,0.0002566166666666667
1653,8004131,2025-06-19 21:05:15.080423+00:00,33.51352656666667
1660,8004131,2025-06-21 21:16:24.442375+00:00,24.524755350000003
1664,8004131,2025-06-24 07:45:48.781010+00:00,75.60798933333334
1667,8004131,2025-06-24 17:17:12.443671+00:00,2.0422629666666667
1670,8004131,2025-06-25 16:16:19.489523+00:00,90.19646743333332
1672,8004131,2025-06-26 12:12:37.334369+00:00,10.520635316666667
1673,8004131,2025-06-27 02:31:42.903926+00:00,0.00093615
1687,8004131,2025-07-02 07:16:14.642737+00:00,157.55443096666667
1690,8004131,2025-07-02 22:16:16.010194+00:00,0.0021830499999999997
1696,8004131,2025-07-03 23:18:03.896005+00:00,0.0010534333333333333
1700,8004131,2025-07-05 16:30:23.742141+00:00,26.9210349
1702,8004131,2025-07-07 05:34:46.514635+00:00,29.01952
1710,8004131,2025-07-08 20:17:00.149992+00:00,1.76840905
1711,8004131,2025-07-09 03:37:14.829414+00:00,47.06867815
1714,8004131,2025-07-09 10:42:31.293163+00:00,64.85800016666667
1716,8004131,2025-07-10 03:47:14.805369+00:00,187.24570864999998
1718,8004131,2025-07-11 15:16:59.522305+00:00,68.79386513333334
1724,8004131,2025-07-12 13:18:30.938429+00:00,96.93980096666665
1727,8004131,2025-07-16 10:08:45.186421+00:00,10.168535733333332
1728,8004131,2025-07-17 06:53:06.612642+00:00,16.55513935
1734,8004131,2025-07-17 18:16:37.899545+00:00,4.035032316666666
1737,8004131,2025-07-18 16:02:39.199966+00:00,27.513761050000003
1740,8004131,2025-07-21 08:13:14.380284+00:00,159.7916776
1741,8004131,2025-07-21 13:17:43.422990+00:00,0.005047783333333333
1743,8004131,2025-07-23 09:16:58.590782+00:00,0.0003725166666666667
1745,8004131,2025-07-24 13:32:18.641032+00:00,41.781984683333334
1747,8004131,2025-07-25 15:26:37.209510+00:00,28.1404626
1750,8004131,2025-08-01 08:24:45.018034+00:00,10.857165199999999
1753,8004131,2025-08-01 20:16:46.453301+00:00,63.16940745
1756,8004131,2025-08-03 15:40:07.683684+00:00,19.43132608333333
1757,8004131,2025-08-05 09:51:44.922959+00:00,24.940339016666666
1758,8004131,2025-08-05 21:18:06.503851+00:00,18.5266012
1760,8004131,2025-08-06 06:59:50.157165+00:00,40.7561531
1762,8004131,2025-08-07 07:36:58.112293+00:00,14.484787516666668
1765,8004131,2025-08-08 16:37:27.612375+00:00,59.193526866666666
1766,8004131,2025-08-11 08:35:00.206155+00:00,7.962163266666667
1768,8004131,2025-08-12 20:16:41.982982+00:00,6.374661916666667
1771,8004131,2025-08-15 18:02:48.529624+00:00,2.3394145166666664
1772,8004131,2025-08-16 11:17:52.664961+00:00,0.0032689666666666666
1774,8004131,2025-08-18 07:15:47.522630+00:00,94.8364247
1778,8004131,2025-08-20 21:17:15.243667+00:00,25.9662358
1781,8004131,2025-08-21 20:08:50.988228+00:00,0.003551883333333333
1782,8004131,2025-08-22 14:46:03.402715+00:00,11.4652866
1785,8004131,2025-08-27 14:21:35.704212+00:00,11.7474835
1793,8004131,2025-09-05 15:09:24.154061+00:00,23.239136283333334
1797,8004131,2025-09-07 11:46:25.797592+00:00,22.858235383333334
1800,8004131,2025-09-08 07:08:04.501157+00:00,36.94942726666667
1802,8004131,2025-09-08 15:17:41.110991+00:00,0.04609086666666666
1803,8004131,2025-09-18 14:41:57.238320+00:00,24.43697171666667
1806,8004131,2025-09-29 19:26:00.822756+00:00,0.002924016666666667
1810,8004131,2025-10-04 14:16:38.785432+00:00,13.997570999999999
1811,8004131,2025-10-06 12:17:51.376081+00:00,82.03204918333333
1814,8004131,2025-10-08 08:28:06.559303+00:00,64.01591585
1817,8004131,2025-10-10 14:17:12.770374+00:00,93.9840075
1819,8004131,2025-10-10 18:17:27.036461+00:00,67.98467388333333
1820,8004131,2025-10-14 10:17:37.741150+00:00,0.11084995
1824,8004131,2025-10-14 20:16:13.533007+00:00,40.00925828333333
1826,8004131,2025-10-15 09:29:35.062316+00:00,114.29315336666667
1829,8004131,2025-10-15 19:14:46.552846+00:00,38.059325199999996
1831,8004131,2025-10-16 15:16:55.249760+00:00,33.97781371666667
1833,8004131,2025-10-17 17:23:21.778477+00:00,73.99287143333332
1837,8004131,2025-10-24 10:17:48.781866+00:00,10.001711583333334
1839,8004131,2025-10-28 19:17:19.163272+00:00,0.011543116666666665
1840,8004131,2025-10-29 13:17:03.491205+00:00,26.206211366666665
1841,8004131,2025-11-09 13:16:04.358903+00:00,19.99232395
1845,8004131,2025-11-10 10:16:55.359993+00:00,46.01634873333333
1856,8004131,2025-11-12 09:28:05.337281+00:00,90.00494215
1862,8004131,2025-11-13 06:12:28.571045+00:00,0.0003199333333333334
1863,8004131,2025-11-13 15:16:36.904757+00:00,0.23399545
1874,8004131,2025-11-17 17:18:09.620001+00:00,0.3223139
1883,8004131,2025-11-18 12:09:04.701492+00:00,8.2411155
1884,8004131,2025-11-18 16:16:41.691973+00:00,0.003913783333333334
1886,8004131,2025-11-18 23:17:15.993080+00:00,0.0048817
1897,8004131,2025-11-20 22:16:25.901105+00:00,0.0154803
1899,8004131,2025-11-21 13:45:33.300244+00:00,42.09588895
1900,8004131,2025-11-21 22:18:01.076382+00:00,4.119101933333334
1907,8004131,2025-11-23 13:16:49.916222+00:00,29.999144100000002
1909,8004131,2025-11-24 08:12:49.894703+00:00,4.022157833333333
1910,8004131,2025-11-24 19:17:27.530684+00:00,0.019711116666666664
1911,8004131,2025-11-26 11:50:06.952685+00:00,48.00386581666667
1913,8004131,2025-12-02 06:52:08.957299+00:00,90.09205879999999
1915,8004131,2025-12-05 07:07:20.624303+00:00,18.00247776666667
1916,8004131,2025-12-06 19:16:33.312949+00:00,0.0037841166666666664
1917,8004131,2025-12-10 07:11:48.428137+00:00,23.992953333333332
1919,8004131,2025-12-10 12:17:50.453016+00:00,0.08342556666666666
1923,8004131,2025-12-11 21:47:26.746115+00:00,52.38822025
1924,8004131,2025-12-14 17:12:24.173905+00:00,19.9932175
1925,8004131,2025-12-16 08:16:54.912269+00:00,0.0011326
1926,8004131,2025-12-16 14:17:48.769660+00:00,0.02030935
1927,8004131,2025-12-17 08:17:00.634421+00:00,121.97931733333333
1928,8004131,2025-12-18 09:52:06.848522+00:00,0.06734783333333333
1935,8004131,2025-12-20 20:23:27.896790+00:00,15.998707516666666
1936,8004131,2025-12-21 06:21:58.720929+00:00,98.00046646666667
1937,8004131,2025-12-27 16:17:24.459723+00:00,13.9434521
1938,8004131,2025-12-29 08:17:18.427083+00:00,35.11166945
1940,8004131,2025-12-30 07:58:39.228745+00:00,57.99308523333333
1946,8004131,2025-12-30 21:16:44.365704+00:00,0.03642446666666667
1947,8004131,2025-12-31 08:16:50.482423+00:00,12.009224999999999
1952,8004132,2025-01-05 17:55:55.288089+00:00,109.98352158333334
1953,8004132,2025-01-07 08:17:56.530005+00:00,0.00024185
1955,8004132,2025-01-09 18:43:32.044307+00:00,22.000701283333335
1957,8004132,2025-01-10 04:13:30.464697+00:00,56.0184404
1960,8004132,2025-01-10 14:15:18.461765+00:00,0.005780816666666667
1964,8004132,2025-01-15 19:17:26.377848+00:00,7.972918166666667
1968,8004132,2025-01-21 20:17:25.989630+00:00,11.975763533333332
1970,8004132,2025-01-22 08:11:24.986629+00:00,177.99456211666666
1971,8004132,2025-01-22 19:17:28.569811+00:00,0.0005059166666666667
1972,8004132,2025-01-23 10:21:24.873251+00:00,12.00090595
1979,8004132,2025-01-30 12:16:49.956616+00:00,19.9818592
1980,8004132,2025-02-03 15:05:01.218718+00:00,13.990531816666667
1982,8004132,2025-02-07 11:17:03.492848+00:00,19.957839449999998
1985,8004132,2025-02-09 08:41:00.594938+00:00,17.999147733333334
1990,8004132,2025-02-13 16:13:43.903897+00:00,72.00161150000001
1994,8004132,2025-02-14 08:15:43.868892+00:00,17.99615185
1996,8004132,2025-02-14 22:19:43.478402+00:00,9.996837766666665
1998,8004132,2025-02-15 08:16:12.067911+00:00,21.99467015
1999,8004132,2025-02-16 08:52:12.261688+00:00,356.0054551
2001,8004132,2025-02-18 16:30:12.405018+00:00,25.9954244
2002,8004132,2025-02-18 21:16:12.215532+00:00,2.2150000000000003e-05
2004,8004132,2025-02-19 05:20:12.874136+00:00,159.99726138333332
2006,8004132,2025-02-20 10:44:12.580180+00:00,22.00611875
2009,8004132,2025-02-23 13:00:12.439122+00:00,18.007566100000002
2010,8004132,2025-02-23 22:16:16.376681+00:00,13.941681566666666
2012,8004132,2025-02-25 14:56:13.242087+00:00,22.00658705
2013,8004132,2025-02-26 08:56:13.021491+00:00,30.000576233333334
2016,8004132,2025-03-04 14:16:40.730241+00:00,9.9854006
2018,8004132,2025-03-05 11:02:40.622499+00:00,15.9903167
2019,8004132,2025-03-05 22:16:53.395324+00:00,0.0016265333333333333
2021,8004132,2025-03-07 18:17:14.694314+00:00,0.00019125000000000001
2023,8004132,2025-03-08 18:29:14.240500+00:00,147.99796863333333
2024,8004132,2025-03-12 14:17:20.140749+00:00,0.0003335666666666667
2034,8004132,2025-03-24 07:44:41.495833+00:00,59.56879
2036,8004132,2025-03-25 05:53:21.555649+00:00,81.7072848
2038,8004132,2025-03-26 19:55:41.951309+00:00,34.20058111666666
2041,8004132,2025-03-31 10:17:12.365875+00:00,0.0014157999999999998
2043,8004132,2025-04-03 13:16:34.956400+00:00,0.0016245166666666666
2044,8004132,2025-04-08 04:11:55.348357+00:00,69.40060831666666
2045,8004132,2025-04-15 04:19:38.943754+00:00,29.225155933333333
2046,8004132,2025-04-16 13:16:20.223163+00:00,0.018101633333333332
2050,8004132,2025-04-17 12:17:44.695045+00:00,7.254007
2052,8004132,2025-04-20 08:16:05.340264+00:00,47.07298333333333
2060,8004132,2025-04-28 15:48:29.127333+00:00,30.56612405
2066,8004132,2025-05-01 15:01:22.715834+00:00,14.78092425
2071,8004132,2025-05-05 08:31:28.191300+00:00,60.50332615
2075,8004132,2025-05-09 05:23:48.791102+00:00,74.46036521666666
2078,8004132,2025-05-20 15:17:38.194791+00:00,40.94297888333333
2079,8004132,2025-05-21 07:03:14.141397+00:00,13.181996166666666
2084,8004132,2025-05-23 18:17:36.372017+00:00,14.188011366666666
2087,8004132,2025-05-26 10:21:01.521295+00:00,45.818556550000004
2088,8004132,2025-05-26 16:41:49.830704+00:00,0.0031805
2089,8004132,2025-05-28 08:26:35.921211+00:00,5.989036583333333
2092,8004132,2025-05-30 20:18:11.850194+00:00,29.62963485
2093,8004132,2025-05-31 14:17:19.901198+00:00,0.0013457666666666667
2095,8004132,2025-06-03 04:17:39.665217+00:00,131.89453696666666
2098,8004132,2025-06-04 07:55:36.714683+00:00,12.333350633333334
2102,8004132,2025-06-13 17:46:05.676705+00:00,32.70118301666667
2104,8004132,2025-06-16 04:47:49.260332+00:00,38.5621119
2111,8004132,2025-06-19 13:31:28.438937+00:00,13.791348933333333
2114,8004132,2025-06-19 21:57:39.502741+00:00,3.9710821666666667
2115,8004132,2025-06-20 09:09:50.731818+00:00,151.63054676666667
2122,8004132,2025-06-22 09:18:10.710107+00:00,115.92327615
2124,8004132,2025-06-22 14:10:55.549822+00:00,93.53799478333333
2126,8004132,2025-06-24 10:19:54.192951+00:00,9.426518366666667
2132,8004132,2025-06-26 11:06:56.920966+00:00,39.4589657
2137,8004132,2025-06-27 11:08:40.077594+00:00,126.37179046666667
2138,8004132,2025-06-27 18:52:29.421686+00:00,43.02123166666667
2139,8004132,2025-06-28 10:17:32.895606+00:00,84.8507098
2141,8004132,2025-06-30 06:16:13.693088+00:00,63.47100143333333
2147,8004132,2025-06-30 13:17:07.801385+00:00,4.9e-06
2151,8004132,2025-07-01 15:39:07.735557+00:00,97.98279965
2158,8004132,2025-07-03 00:17:34.677839+00:00,0.0018234999999999998
2159,8004132,2025-07-03 06:18:02.938648+00:00,19.098713216666667
2160,8004132,2025-07-03 16:00:55.087610+00:00,25.16390395
2165,8004132,2025-07-04 06:26:06.045421+00:00,0.0024969833333333335
2168,8004132,2025-07-07 04:22:06.079375+00:00,25.094569866666667
2171,8004132,2025-07-07 13:42:34.502330+00:00,76.34117766666667
2174,8004132,2025-07-08 07:18:01.910222+00:00,1.3882642166666666
2177,8004132,2025-07-08 16:53:06.648392+00:00,39.86647653333333
2180,8004132,2025-07-09 03:54:54.928089+00:00,37.154961566666664
2185,8004132,2025-07-09 12:33:12.991651+00:00,19.235480516666666
2186,8004132,2025-07-10 04:10:02.034458+00:00,24.81766495
2189,8004132,2025-07-10 11:17:06.913754+00:00,0.00033666666666666665
2199,8004132,2025-07-14 08:49:44.435285+00:00,47.870936566666664
2200,8004132,2025-07-16 06:17:40.728821+00:00,0.0011305999999999998
2205,8004132,2025-07-17 11:57:58.550215+00:00,49.57118
2210,8004132,2025-07-18 14:17:59.975145+00:00,37.77665338333334
2212,8004132,2025-07-18 18:18:05.889492+00:00,27.570095016666667
2215,8004132,2025-07-21 08:13:14.640333+00:00,159.80124685
2217,8004132,2025-07-21 16:49:30.919519+00:00,78.48308193333334
2222,8004132,2025-07-25 16:16:08.801313+00:00,77.60893424999999
2223,8004132,2025-07-28 11:17:47.600716+00:00,0.0007700666666666667
2224,8004132,2025-08-01 07:47:25.269843+00:00,16.938010883333334
2226,8004132,2025-08-01 16:38:11.455152+00:00,5.884357333333333
2230,8004132,2025-08-03 14:47:30.686588+00:00,14.5110479
2233,8004132,2025-08-05 11:19:08.579561+00:00,16.895991616666667
2236,8004132,2025-08-06 10:35:47.321698+00:00,153.4079370166667
2238,8004132,2025-08-08 09:16:48.612005+00:00,0.0004060166666666667
2240,8004132,2025-08-11 19:32:15.317684+00:00,14.835770499999999
2242,8004132,2025-08-12 21:17:58.301430+00:00,0.00010945
2244,8004132,2025-08-15 17:03:55.570622+00:00,20.244749516666666
2249,8004132,2025-08-19 04:17:24.012910+00:00,6.592566233333333
2253,8004132,2025-08-21 07:18:05.789237+00:00,279.9529835166667
2256,8004132,2025-08-21 13:45:56.454207+00:00,41.03773856666667
2258,8004132,2025-08-22 14:46:04.563048+00:00,95.85078374999999
2262,8004132,2025-08-28 18:16:14.412375+00:00,29.194812449999997
2264,8004132,2025-08-30 20:16:27.374724+00:00,0.013198933333333333
2265,8004132,2025-09-01 12:17:58.079011+00:00,3.9966313666666666
2269,8004132,2025-09-05 11:19:16.248847+00:00,18.293184083333333
2271,8004132,2025-09-05 17:17:37.116949+00:00,34.233993850000004
2273,8004132,2025-09-07 10:19:11.625947+00:00,34.47702051666667
2279,8004132,2025-09-08 10:49:56.469270+00:00,76.26361293333333
2293,8004132,2025-10-08 14:18:09.976360+00:00,0.0011087
2296,8004132,2025-10-10 16:13:12.675496+00:00,17.98959431666667
2301,8004132,2025-10-14 18:33:58.523218+00:00,22.002621516666668
2309,8004132,2025-10-15 20:16:51.074474+00:00,0.0073213666666666665
2311,8004132,2025-10-17 08:17:47.699881+00:00,0.08396228333333333
2314,8004132,2025-10-23 07:50:17.458182+00:00,24.199005666666668
2316,8004132,2025-10-28 17:17:01.567938+00:00,56.24113023333334
2321,8004132,2025-11-10 08:16:53.513358+00:00,33.99372735
2323,8004132,2025-11-10 16:07:18.098716+00:00,0.01711985
2327,8004132,2025-11-11 09:17:23.419856+00:00,13.979409666666667
2333,8004132,2025-11-12 05:17:45.286305+00:00,0.0006321333333333334
2336,8004132,2025-11-12 12:20:10.226454+00:00,70.02316848333334
2341,8004132,2025-11-13 05:14:29.081697+00:00,2.02399205
2348,8004132,2025-11-14 06:17:21.445570+00:00,13.987889766666665
2349,8004132,2025-11-14 12:17:47.556207+00:00,100.77448436666667
2352,8004132,2025-11-14 23:01:18.453070+00:00,0.021975333333333333
2362,8004132,2025-11-17 04:16:07.053943+00:00,0.0012413
2365,8004132,2025-11-17 14:17:13.482605+00:00,62.08365478333334
2371,8004132,2025-11-18 01:16:49.813370+00:00,0.0026582166666666665
2374,8004132,2025-11-18 09:22:57.505994+00:00,22.002369466666668
2380,8004132,2025-11-19 01:17:15.656799+00:00,0.0037573666666666666
2385,8004132,2025-11-19 15:17:24.010076+00:00,11.993993483333332
2388,8004132,2025-11-20 10:18:02.778123+00:00,19.927914883333337
2390,8004132,2025-11-21 07:28:52.267725+00:00,8.017811983333333
2394,8004132,2025-11-22 22:16:30.058530+00:00,0.016909833333333336
2396,8004132,2025-11-23 09:16:49.497777+00:00,0.004048566666666666
2405,8004132,2025-12-02 07:04:09.648165+00:00,73.98898765
2406,8004132,2025-12-04 15:16:48.041711+00:00,1.96192915
2411,8004132,2025-12-10 09:41:47.779659+00:00,60.002534100000005
2413,8004132,2025-12-10 17:17:58.540156+00:00,21.98314793333333
2415,8004132,2025-12-11 17:16:57.981633+00:00,0.01704928333333333
2422,8004132,2025-12-18 10:16:14.620649+00:00,34.12288601666667
2427,8004132,2025-12-20 11:27:28.023929+00:00,26.001289316666664
2431,8004132,2025-12-27 17:13:21.070189+00:00,39.99858098333333
1951,8004132,2025-01-05 15:17:55.135803+00:00,0.003060583333333333
1956,8004132,2025-01-09 19:21:31.341525+00:00,22.030578766666668
1958,8004132,2025-01-10 05:31:31.942760+00:00,50.00278413333333
1961,8004132,2025-01-13 18:13:21.672864+00:00,0.0010941166666666665
1962,8004132,2025-01-15 05:03:53.755168+00:00,4.329415216666666
1967,8004132,2025-01-21 09:57:24.363683+00:00,20.005917183333334
1977,8004132,2025-01-24 22:23:24.706572+00:00,26.004419516666665
1978,8004132,2025-01-27 22:18:00.396144+00:00,33.80198913333333
1981,8004132,2025-02-04 09:17:04.503837+00:00,0.0004103666666666667
1983,8004132,2025-02-07 13:49:00.798921+00:00,12.005448099999999
1984,8004132,2025-02-08 05:19:00.605046+00:00,11.997897266666666
1988,8004132,2025-02-12 10:17:05.022121+00:00,0.0010670666666666667
1989,8004132,2025-02-13 04:31:00.579853+00:00,14.011459449999998
1995,8004132,2025-02-14 09:53:43.909185+00:00,1.9956199000000001
1997,8004132,2025-02-14 22:59:43.046942+00:00,70.46955898333334
2005,8004132,2025-02-19 08:16:12.388394+00:00,19.999112649999997
2007,8004132,2025-02-20 15:16:13.011089+00:00,5.176666666666667e-05
2008,8004132,2025-02-23 12:02:13.033236+00:00,39.99054503333333
2011,8004132,2025-02-25 14:02:12.802029+00:00,30.002104799999998
2014,8004132,2025-03-04 10:40:40.263775+00:00,121.99565256666666
2017,8004132,2025-03-05 08:16:40.456487+00:00,0.0013247
2020,8004132,2025-03-06 11:57:13.557766+00:00,20.008052033333335
2022,8004132,2025-03-07 18:37:14.375127+00:00,1.9955502833333334
2026,8004132,2025-03-14 06:17:23.606722+00:00,5.99472685
2027,8004132,2025-03-17 04:49:22.866081+00:00,32.00677673333333
2031,8004132,2025-03-17 09:01:23.080534+00:00,2.943333333333333e-05
2033,8004132,2025-03-19 14:01:06.417029+00:00,2.48e-05
2035,8004132,2025-03-24 09:05:24.162766+00:00,4.7088143166666665
2037,8004132,2025-03-25 12:37:17.473519+00:00,51.06175551666667
2042,8004132,2025-04-02 17:03:19.428548+00:00,26.005929516666665
2051,8004132,2025-04-17 14:17:40.346875+00:00,13.098171666666667
2053,8004132,2025-04-22 13:03:11.470843+00:00,107.81151796666667
2054,8004132,2025-04-22 17:17:35.433045+00:00,0.0030727833333333335
2055,8004132,2025-04-27 06:17:49.151556+00:00,0.0028319333333333336
2057,8004132,2025-04-27 21:12:05.721955+00:00,152.2711223
2058,8004132,2025-04-28 13:17:18.857087+00:00,21.065327433333334
2061,8004132,2025-04-29 08:09:17.727734+00:00,118.11636465
2062,8004132,2025-04-29 21:18:04.567940+00:00,0.0008850333333333334
2065,8004132,2025-05-01 14:05:40.920304+00:00,11.368431733333333
2067,8004132,2025-05-02 13:39:56.548896+00:00,42.927802916666664
2068,8004132,2025-05-02 20:04:14.821610+00:00,79.59971728333333
2069,8004132,2025-05-04 12:31:28.817333+00:00,359.10109295
2070,8004132,2025-05-04 23:02:21.844267+00:00,0.012100166666666667
2072,8004132,2025-05-05 09:49:13.925317+00:00,22.003678999999998
2073,8004132,2025-05-05 17:16:52.022202+00:00,12.3432564
2074,8004132,2025-05-09 03:37:37.853859+00:00,87.66174916666667
2076,8004132,2025-05-14 13:21:35.446449+00:00,24.003619333333333
2077,8004132,2025-05-15 12:18:07.037911+00:00,0.0033782499999999997
2082,8004132,2025-05-21 17:14:55.208924+00:00,34.67740728333333
2083,8004132,2025-05-22 10:38:56.612138+00:00,38.96295948333333
2085,8004132,2025-05-24 10:16:54.684296+00:00,41.84259291666667
2086,8004132,2025-05-26 04:10:18.196181+00:00,61.00509833333333
2094,8004132,2025-05-31 17:04:45.900432+00:00,16.55567865
2096,8004132,2025-06-03 20:17:09.028862+00:00,0.0008624500000000001
2097,8004132,2025-06-04 07:29:40.065673+00:00,7.021470416666667
2099,8004132,2025-06-07 05:38:27.426783+00:00,10.836412666666666
2100,8004132,2025-06-08 12:15:48.751817+00:00,58.17618793333334
2101,8004132,2025-06-10 10:45:20.726750+00:00,33.70034223333333
2103,8004132,2025-06-14 13:16:51.551662+00:00,0.00023486666666666667
2105,8004132,2025-06-16 09:17:33.701262+00:00,72.2893265
2106,8004132,2025-06-18 22:37:10.854435+00:00,4.035676316666667
2113,8004132,2025-06-19 21:05:15.167797+00:00,10.122037733333334
2121,8004132,2025-06-21 21:16:24.806734+00:00,24.52023905
2123,8004132,2025-06-22 11:31:51.874903+00:00,0.005819550000000001
2125,8004132,2025-06-24 07:45:48.913603+00:00,67.24151053333334
2129,8004132,2025-06-24 20:13:39.825709+00:00,3.8783404
2133,8004132,2025-06-26 12:12:37.685599+00:00,16.8415658
2134,8004132,2025-06-27 02:31:43.030295+00:00,0.00032373333333333336
2146,8004132,2025-06-30 11:34:28.190437+00:00,14.212634883333333
2150,8004132,2025-07-01 14:32:55.188115+00:00,7.65652615
2152,8004132,2025-07-02 07:16:15.071977+00:00,141.8590771
2156,8004132,2025-07-02 22:16:16.879181+00:00,0.0005093
2162,8004132,2025-07-03 23:18:04.283974+00:00,0.000572
2167,8004132,2025-07-05 16:30:24.854531+00:00,14.889298033333334
2179,8004132,2025-07-08 20:17:00.276057+00:00,5.2113146666666665
2188,8004132,2025-07-10 06:25:22.035212+00:00,9.482305833333333
2191,8004132,2025-07-11 16:38:33.360030+00:00,30.599270033333333
2198,8004132,2025-07-12 13:33:05.706536+00:00,66.98824101666666
2201,8004132,2025-07-16 10:00:14.733871+00:00,21.33552385
2202,8004132,2025-07-17 06:33:00.101220+00:00,12.592986583333333
2208,8004132,2025-07-17 18:16:39.354912+00:00,4.013850933333333
2211,8004132,2025-07-18 15:57:49.608596+00:00,34.567774549999996
2214,8004132,2025-07-21 05:42:32.733471+00:00,132.05405438333335
2216,8004132,2025-07-21 13:17:44.107267+00:00,0.005363266666666667
2218,8004132,2025-07-23 09:16:58.796842+00:00,0.0011391
2221,8004132,2025-07-25 15:26:37.340165+00:00,16.393752083333332
2227,8004132,2025-08-01 20:16:46.714331+00:00,63.16703133333333
2229,8004132,2025-08-03 13:05:42.138363+00:00,14.122620066666666
2231,8004132,2025-08-04 07:25:44.015707+00:00,13.112464466666667
2232,8004132,2025-08-05 09:39:33.219551+00:00,20.183605833333335
2234,8004132,2025-08-05 21:18:09.039667+00:00,16.851798933333335
2235,8004132,2025-08-06 07:16:37.686630+00:00,21.978731783333334
2239,8004132,2025-08-11 08:31:58.196620+00:00,4.7057661500000005
2241,8004132,2025-08-12 20:16:42.397860+00:00,1.8955769333333334
2243,8004132,2025-08-13 04:03:28.941264+00:00,84.98875136666668
2245,8004132,2025-08-15 17:56:51.520874+00:00,22.98235073333333
2246,8004132,2025-08-16 11:17:53.323780+00:00,0.0003811666666666667
2248,8004132,2025-08-18 08:05:26.835006+00:00,39.9483878
2250,8004132,2025-08-19 04:45:14.908201+00:00,34.70016711666666
2251,8004132,2025-08-20 21:17:17.205281+00:00,30.267173433333333
2255,8004132,2025-08-21 12:59:31.457414+00:00,28.951004533333332
2257,8004132,2025-08-21 20:08:52.484994+00:00,0.016899916666666667
2260,8004132,2025-08-27 14:19:39.235157+00:00,7.740017933333333
2263,8004132,2025-08-29 10:27:36.189945+00:00,21.4953112
2270,8004132,2025-09-05 15:09:25.413221+00:00,20.713304883333333
2272,8004132,2025-09-06 16:17:24.584006+00:00,18.974371466666664
2274,8004132,2025-09-07 11:43:42.841569+00:00,20.7373033
2277,8004132,2025-09-08 07:08:04.533130+00:00,74.9908121
2280,8004132,2025-09-08 15:17:41.118586+00:00,0.03798948333333333
2281,8004132,2025-09-18 14:41:56.818579+00:00,0.030816533333333333
2283,8004132,2025-09-29 19:06:00.111883+00:00,0.0069544
2287,8004132,2025-10-04 14:16:38.637022+00:00,14.002211533333334
2292,8004132,2025-10-08 08:26:07.549767+00:00,49.99525145
2295,8004132,2025-10-10 14:17:13.309257+00:00,35.9774607
2297,8004132,2025-10-10 18:17:27.053277+00:00,48.001279999999994
2298,8004132,2025-10-14 10:17:38.899628+00:00,0.10341833333333333
2302,8004132,2025-10-14 20:16:13.589610+00:00,38.00240963333333
2304,8004132,2025-10-15 09:49:34.271153+00:00,108.31035363333334
2308,8004132,2025-10-15 18:58:46.016536+00:00,54.07128518333333
2310,8004132,2025-10-16 15:16:54.925133+00:00,13.993584716666668
2312,8004132,2025-10-17 17:17:21.249864+00:00,61.99950505
2313,8004132,2025-10-23 05:54:09.546731+00:00,82.07859166666667
2315,8004132,2025-10-24 10:17:48.608027+00:00,17.992962350000003
2317,8004132,2025-10-28 19:17:19.054616+00:00,0.014667366666666666
2318,8004132,2025-10-29 13:17:03.803700+00:00,18.208953633333333
2322,8004132,2025-11-10 10:16:55.080642+00:00,52.01450355
2324,8004132,2025-11-10 19:17:23.251487+00:00,75.9708945
2332,8004132,2025-11-12 03:20:10.377247+00:00,0.017060266666666667
2335,8004132,2025-11-12 09:24:05.608783+00:00,89.99474911666667
2342,8004132,2025-11-13 06:12:28.422432+00:00,0.0012194833333333333
2343,8004132,2025-11-13 15:16:36.668082+00:00,0.22001035
2353,8004132,2025-11-15 02:01:27.578923+00:00,0.005253816666666666
2363,8004132,2025-11-17 05:16:07.481243+00:00,0.0007998166666666666
2367,8004132,2025-11-17 16:48:06.389805+00:00,42.004449
2375,8004132,2025-11-18 12:07:04.910555+00:00,10.229337533333334
2376,8004132,2025-11-18 16:16:41.344017+00:00,0.00418075
2386,8004132,2025-11-19 16:17:32.598916+00:00,0.0008384833333333334
2387,8004132,2025-11-20 07:17:57.865041+00:00,13.962931666666666
2389,8004132,2025-11-20 22:16:25.884717+00:00,0.010820933333333334
2391,8004132,2025-11-21 13:41:32.733868+00:00,44.1123603
2392,8004132,2025-11-21 22:18:01.098926+00:00,4.122412033333333
2393,8004132,2025-11-22 05:00:07.799553+00:00,16.008842466666668
2399,8004132,2025-11-23 13:16:49.857723+00:00,33.989189716666665
2401,8004132,2025-11-24 08:06:49.881546+00:00,10.02689955
2402,8004132,2025-11-24 19:17:27.112365+00:00,0.05898875
2407,8004132,2025-12-05 07:03:20.884306+00:00,14.012478266666667
2408,8004132,2025-12-05 22:22:05.502226+00:00,12.006830016666667
2409,8004132,2025-12-06 19:16:33.321302+00:00,0.006568266666666667
2410,8004132,2025-12-10 07:11:48.548462+00:00,19.983257416666667
2412,8004132,2025-12-10 12:17:50.594796+00:00,0.08529945
2416,8004132,2025-12-11 21:51:27.598225+00:00,44.37111095
2417,8004132,2025-12-14 17:12:24.200670+00:00,15.997380533333335
2418,8004132,2025-12-16 08:16:54.872969+00:00,0.00165135
2419,8004132,2025-12-16 14:17:48.976603+00:00,0.022949833333333333
2420,8004132,2025-12-17 08:17:00.652475+00:00,120.00352866666667
2421,8004132,2025-12-18 09:31:58.986064+00:00,9.99724025
2428,8004132,2025-12-20 20:19:28.032106+00:00,15.998929766666667
2429,8004132,2025-12-21 06:17:58.982049+00:00,95.99882363333333
2430,8004132,2025-12-27 16:17:24.543556+00:00,17.935327233333332
2432,8004132,2025-12-29 08:17:18.294844+00:00,37.10652351666667
2440,8004132,2025-12-30 21:16:44.519851+00:00,0.03331443333333333
2441,8004132,2025-12-31 08:16:50.400735+00:00,0.0049546500000000005
2442,8004134,2025-01-05 17:47:55.118086+00:00,141.97728943333334
2452,8004134,2025-01-15 19:17:26.552024+00:00,3.9722358333333334
2456,8004134,2025-01-21 20:17:26.044652+00:00,9.977907033333334
2459,8004134,2025-01-22 19:17:28.772177+00:00,0.0006506499999999999
2464,8004134,2025-01-30 12:16:50.112171+00:00,17.97630365
2465,8004134,2025-02-03 15:13:00.759250+00:00,4.001560433333333
2468,8004134,2025-02-07 12:57:00.948804+00:00,20.010830300000002
2476,8004134,2025-02-13 15:57:43.710758+00:00,82.00997191666667
2482,8004134,2025-02-16 10:06:12.413522+00:00,282.0037637833333
2483,8004134,2025-02-18 15:10:12.683482+00:00,26.0016094
2485,8004134,2025-02-19 05:24:12.626886+00:00,182.00199856666669
2488,8004134,2025-02-23 22:16:16.591415+00:00,5.9278211333333335
2490,8004134,2025-02-25 14:42:13.817135+00:00,27.99714273333333
2491,8004134,2025-02-28 09:32:13.279591+00:00,21.99986375
2492,8004134,2025-03-04 10:26:40.196071+00:00,3.998649616666667
2495,8004134,2025-03-05 10:50:39.894357+00:00,20.002839933333334
2497,8004134,2025-03-05 22:16:53.636256+00:00,0.0005022333333333333
2500,8004134,2025-03-08 18:19:14.185767+00:00,163.99472573333333
2507,8004134,2025-03-25 05:47:24.944209+00:00,80.46707328333333
2508,8004134,2025-03-25 13:15:18.003544+00:00,31.4378479
2509,8004134,2025-03-26 19:45:42.808257+00:00,18.218196350000003
2510,8004134,2025-03-28 09:46:24.564042+00:00,39.894413549999996
2511,8004134,2025-03-31 10:17:13.138698+00:00,0.0028462166666666667
2513,8004134,2025-04-03 13:16:35.447926+00:00,0.0007282166666666667
2519,8004134,2025-04-23 21:14:32.350731+00:00,40.148498333333336
2524,8004134,2025-04-28 14:59:19.557269+00:00,19.970762850000003
2530,8004134,2025-05-02 13:55:19.755520+00:00,38.72054548333333
2545,8004134,2025-05-26 16:41:50.570422+00:00,0.0006501833333333333
2549,8004134,2025-06-03 04:17:39.894771+00:00,113.78424375
2551,8004134,2025-06-04 07:36:42.452572+00:00,43.88956793333333
2552,8004134,2025-06-06 09:22:13.937769+00:00,0.00031991666666666665
2554,8004134,2025-06-14 06:56:00.928090+00:00,13.926936733333333
2556,8004134,2025-06-16 04:27:25.632053+00:00,31.475921916666667
2565,8004134,2025-06-19 19:39:25.042911+00:00,36.28487625
2578,8004134,2025-06-22 15:17:13.118694+00:00,7.5684088
2580,8004134,2025-06-24 10:08:22.848542+00:00,19.592100583333334
2583,8004134,2025-06-24 20:10:09.017367+00:00,14.498839083333333
2587,8004134,2025-06-27 10:17:36.715787+00:00,23.524375133333333
2601,8004134,2025-07-01 17:17:44.372706+00:00,0.009014383333333332
2603,8004134,2025-07-02 12:03:03.052635+00:00,48.70203945
2606,8004134,2025-07-02 16:12:37.520875+00:00,34.33295505
2607,8004134,2025-07-03 16:01:20.175953+00:00,40.37199906666667
2608,8004134,2025-07-05 14:16:20.012284+00:00,3.99732695
2610,8004134,2025-07-07 04:26:18.813797+00:00,9.071032650000001
2612,8004134,2025-07-08 14:16:13.623695+00:00,12.766096883333335
2619,8004134,2025-07-09 10:17:03.567441+00:00,46.589545566666665
2620,8004134,2025-07-10 04:33:37.981169+00:00,52.53463285
2627,8004134,2025-07-12 13:33:27.370805+00:00,36.47219928333333
2629,8004134,2025-07-14 09:03:55.560839+00:00,22.648318166666666
2630,8004134,2025-07-16 08:18:06.147622+00:00,0.17172691666666667
2652,8004134,2025-08-05 08:24:40.319168+00:00,24.99635895
2654,8004134,2025-08-06 06:24:19.269069+00:00,19.486916816666668
2656,8004134,2025-08-08 05:58:46.135877+00:00,45.02360298333333
2658,8004134,2025-08-12 20:17:31.690186+00:00,0.13274993333333335
2662,8004134,2025-08-18 05:13:18.074773+00:00,19.471962516666668
2665,8004134,2025-08-20 19:16:21.773303+00:00,10.947273716666666
2667,8004134,2025-08-21 02:55:54.515918+00:00,68.26042658333333
2675,8004134,2025-08-28 18:16:14.381190+00:00,8.683936233333332
2676,8004134,2025-08-30 20:16:27.188962+00:00,0.03419858333333334
2679,8004134,2025-09-04 13:39:12.121351+00:00,0.03722755
2683,8004134,2025-09-07 10:06:59.278943+00:00,42.67945256666667
2685,8004134,2025-09-08 04:35:01.241041+00:00,34.22799478333333
2687,8004134,2025-09-08 08:35:39.037593+00:00,111.82548676666667
2689,8004134,2025-09-08 15:12:21.168785+00:00,5.357240866666667
2700,8004134,2025-10-08 06:44:07.206590+00:00,48.002150916666665
2716,8004134,2025-10-15 20:16:50.706926+00:00,0.009126066666666667
2718,8004134,2025-10-17 08:17:48.285780+00:00,0.09792855
2723,8004134,2025-10-28 17:21:05.819672+00:00,52.15967741666667
2727,8004134,2025-11-10 09:20:53.063963+00:00,26.005498466666666
2730,8004134,2025-11-10 21:35:23.778448+00:00,26.01064965
2734,8004134,2025-11-12 12:06:10.174390+00:00,92.02915596666666
2735,8004134,2025-11-13 15:16:36.233793+00:00,0.1302583
2744,8004134,2025-11-23 13:28:49.099016+00:00,32.02833338333333
2747,8004134,2025-11-24 14:16:58.979750+00:00,18.047101549999997
2756,8004134,2025-12-11 17:16:58.032428+00:00,0.0194866
2759,8004134,2025-12-15 22:08:25.261727+00:00,28.12566436666667
2774,8004134,2025-12-30 12:42:39.449199+00:00,31.999704166666668
2776,8004134,2025-12-30 17:16:44.203541+00:00,3.9884742166666665
2446,8004134,2025-01-09 21:17:33.046867+00:00,0.0002049
2447,8004134,2025-01-10 10:13:31.665641+00:00,0.0013851500000000001
2448,8004134,2025-01-10 14:15:19.441686+00:00,0.00092105
2449,8004134,2025-01-13 18:13:21.982721+00:00,0.00013953333333333333
2450,8004134,2025-01-15 05:11:53.700707+00:00,20.1743797
2463,8004134,2025-01-24 22:33:24.763546+00:00,7.998977966666667
2466,8004134,2025-02-04 09:17:04.694291+00:00,0.00032595000000000004
2469,8004134,2025-02-07 14:01:01.173283+00:00,7.988400100000001
2470,8004134,2025-02-08 05:35:00.312780+00:00,1.0500000000000001e-05
2474,8004134,2025-02-12 10:17:05.211879+00:00,0.0010397333333333333
2475,8004134,2025-02-13 04:43:00.969239+00:00,12.006446899999998
2479,8004134,2025-02-14 10:05:43.794874+00:00,2.0056920166666665
2480,8004134,2025-02-14 23:57:50.946708+00:00,6.342469416666666
2484,8004134,2025-02-18 21:16:12.272370+00:00,9.916666666666668e-06
2486,8004134,2025-02-20 15:16:13.080486+00:00,12.006235266666666
2487,8004134,2025-02-23 12:04:12.636392+00:00,21.99785381666667
2489,8004134,2025-02-25 14:00:13.196772+00:00,23.999080033333332
2493,8004134,2025-03-04 11:20:40.276844+00:00,111.99532586666666
2494,8004134,2025-03-05 08:16:40.631851+00:00,0.0003667333333333333
2496,8004134,2025-03-05 13:46:40.309023+00:00,30.00371075
2498,8004134,2025-03-06 11:45:14.003854+00:00,20.004194816666665
2499,8004134,2025-03-07 18:37:14.428691+00:00,3.995258333333333
2501,8004134,2025-03-12 14:17:20.342098+00:00,0.00015683333333333334
2506,8004134,2025-03-19 12:22:27.982358+00:00,1.3683333333333333e-05
2512,8004134,2025-04-02 17:17:27.812151+00:00,9.943903816666667
2514,8004134,2025-04-15 06:48:32.625728+00:00,2.0428129166666666
2515,8004134,2025-04-16 15:31:42.125174+00:00,84.39416955
2516,8004134,2025-04-17 10:33:30.274374+00:00,79.16271508333332
2517,8004134,2025-04-20 08:28:30.611939+00:00,32.61465945
2518,8004134,2025-04-22 13:22:05.509419+00:00,96.60479211666667
2520,8004134,2025-04-27 06:17:49.529030+00:00,0.0018728333333333333
2521,8004134,2025-04-27 17:16:56.500426+00:00,0.0015121166666666667
2523,8004134,2025-04-27 23:42:06.012988+00:00,13.101863916666668
2525,8004134,2025-04-29 08:13:57.902625+00:00,83.86942361666667
2526,8004134,2025-04-29 12:41:59.631157+00:00,4.989072516666667
2527,8004134,2025-04-29 21:18:05.228110+00:00,0.0006895666666666667
2529,8004134,2025-05-01 14:17:04.045914+00:00,0.0034610166666666667
2531,8004134,2025-05-02 19:52:27.343034+00:00,74.16112758333334
2532,8004134,2025-05-04 12:40:50.176344+00:00,357.4279953166667
2533,8004134,2025-05-05 08:31:29.886536+00:00,22.411493616666668
2534,8004134,2025-05-05 17:16:52.833539+00:00,12.362281450000001
2537,8004134,2025-05-15 12:18:07.591120+00:00,0.002042333333333333
2538,8004134,2025-05-19 12:47:40.767414+00:00,18.808788583333335
2539,8004134,2025-05-21 16:17:02.720507+00:00,28.33250298333333
2540,8004134,2025-05-22 10:27:59.600361+00:00,27.297267616666666
2541,8004134,2025-05-23 18:17:36.826206+00:00,1.9206151833333334
2542,8004134,2025-05-24 10:16:54.866813+00:00,49.9150683
2546,8004134,2025-05-28 08:28:44.716704+00:00,2.1300107333333336
2547,8004134,2025-05-30 12:38:43.189280+00:00,31.070446666666665
2548,8004134,2025-05-31 17:19:32.533446+00:00,7.8613213166666664
2550,8004134,2025-06-03 20:17:09.447167+00:00,0.0014079333333333333
2555,8004134,2025-06-14 13:16:52.011778+00:00,10.86094505
2557,8004134,2025-06-16 05:17:04.882537+00:00,11.445321483333334
2566,8004134,2025-06-19 20:42:53.056799+00:00,43.0102021
2569,8004134,2025-06-20 10:43:55.956821+00:00,3.2257895666666667
2571,8004134,2025-06-20 18:17:44.001619+00:00,0.012791483333333332
2572,8004134,2025-06-21 21:18:00.327732+00:00,23.51352148333333
2575,8004134,2025-06-22 10:11:48.410638+00:00,32.307153283333335
2582,8004134,2025-06-24 17:17:46.699212+00:00,0.23858578333333333
2585,8004134,2025-06-25 16:16:55.811445+00:00,76.20039626666667
2586,8004134,2025-06-26 11:36:33.350538+00:00,0.03563791666666667
2588,8004134,2025-06-27 16:56:52.209458+00:00,9.98221665
2592,8004134,2025-06-28 10:17:47.363759+00:00,91.34270461666667
2595,8004134,2025-06-30 09:52:50.428346+00:00,16.336179533333333
2599,8004134,2025-07-01 14:39:10.330051+00:00,16.892785066666665
2602,8004134,2025-07-02 07:16:54.564822+00:00,48.356997416666665
2609,8004134,2025-07-05 14:47:51.584363+00:00,28.010343799999998
2611,8004134,2025-07-07 05:45:15.018340+00:00,31.132637666666668
2614,8004134,2025-07-08 20:17:41.318185+00:00,0.0056378
2617,8004134,2025-07-09 07:51:03.835112+00:00,21.4594335
2621,8004134,2025-07-10 05:45:34.562037+00:00,27.359424733333334
2625,8004134,2025-07-12 07:18:16.750425+00:00,9.399700066666666
2628,8004134,2025-07-12 14:31:15.657164+00:00,18.038303583333335
2631,8004134,2025-07-16 10:03:51.792067+00:00,10.516758116666667
2632,8004134,2025-07-17 06:44:15.132187+00:00,0.0021129
2633,8004134,2025-07-17 12:50:37.275288+00:00,4.484107216666667
2634,8004134,2025-07-17 18:17:25.413798+00:00,14.92617895
2641,8004134,2025-07-21 09:02:00.360728+00:00,111.72036063333333
2642,8004134,2025-07-21 17:18:24.372981+00:00,29.5684341
2645,8004134,2025-07-28 09:07:14.039047+00:00,83.519671
2648,8004134,2025-08-01 20:17:20.998516+00:00,0.20900281666666667
2651,8004134,2025-08-03 15:38:49.983890+00:00,10.881701166666666
2653,8004134,2025-08-05 14:04:57.711416+00:00,24.743705783333333
2655,8004134,2025-08-06 07:17:11.977846+00:00,0.02171966666666667
2657,8004134,2025-08-11 18:20:16.417055+00:00,6.022436933333334
2659,8004134,2025-08-15 18:01:52.748654+00:00,7.797039
2660,8004134,2025-08-16 04:58:29.516013+00:00,0.008677633333333332
2661,8004134,2025-08-16 09:10:27.656064+00:00,0.11734603333333334
2664,8004134,2025-08-18 07:32:05.611002+00:00,7.759759216666667
2666,8004134,2025-08-20 20:11:27.545912+00:00,90.5105799
2673,8004134,2025-08-21 14:23:36.506191+00:00,19.19970826666667
2677,8004134,2025-09-01 05:20:02.916777+00:00,48.92356838333333
2678,8004134,2025-09-01 12:17:58.171097+00:00,0.0033757833333333334
2681,8004134,2025-09-05 17:17:37.354651+00:00,10.345103566666667
2682,8004134,2025-09-06 16:17:24.408313+00:00,2.3185944833333334
2684,8004134,2025-09-07 11:51:28.708015+00:00,22.288408183333335
2688,8004134,2025-09-08 10:47:55.427943+00:00,99.93348259999999
2696,8004134,2025-10-04 14:16:38.595430+00:00,13.994911416666667
2701,8004134,2025-10-08 08:32:06.838728+00:00,51.99471316666666
2707,8004134,2025-10-14 10:17:33.270583+00:00,0.07543756666666666
2711,8004134,2025-10-14 20:16:13.666303+00:00,40.0105644
2713,8004134,2025-10-15 10:01:36.563429+00:00,88.2790385
2717,8004134,2025-10-16 15:16:55.031411+00:00,35.987408083333335
2724,8004134,2025-10-28 19:17:19.296212+00:00,3.9919838333333333
2725,8004134,2025-10-29 13:17:03.350680+00:00,28.210536633333334
2728,8004134,2025-11-10 10:16:55.134171+00:00,52.0171643
2736,8004134,2025-11-14 11:05:22.029630+00:00,197.20052195000002
2738,8004134,2025-11-14 18:40:53.503154+00:00,61.999418399999996
2739,8004134,2025-11-17 17:18:09.315904+00:00,19.954242683333334
2740,8004134,2025-11-18 12:11:04.308530+00:00,6.2343424999999995
2741,8004134,2025-11-19 17:29:29.685590+00:00,1.997219
2742,8004134,2025-11-21 14:03:38.927524+00:00,23.997240266666665
2743,8004134,2025-11-23 07:46:48.957329+00:00,26.006037816666666
2746,8004134,2025-11-24 08:16:51.474907+00:00,15.979814766666667
2748,8004134,2025-11-24 19:17:26.947160+00:00,0.04366866666666667
2751,8004134,2025-12-06 19:16:33.262405+00:00,3.977110433333333
2754,8004134,2025-12-10 12:17:50.936957+00:00,23.955182649999998
2757,8004134,2025-12-11 21:39:26.610060+00:00,58.388823366666664
2758,8004134,2025-12-14 17:16:24.753003+00:00,7.9938471
2760,8004134,2025-12-16 14:17:48.776778+00:00,0.01521185
2761,8004134,2025-12-17 08:17:00.851540+00:00,120.00015549999999
2762,8004134,2025-12-18 10:16:14.513622+00:00,44.037692633333336
2766,8004134,2025-12-20 20:11:27.705224+00:00,22.011135000000003
2767,8004134,2025-12-21 06:05:58.718675+00:00,74.00843966666666
2768,8004134,2025-12-27 16:17:24.350999+00:00,7.942269566666667
2769,8004134,2025-12-29 08:17:18.087193+00:00,49.111027916666664
2775,8004134,2025-12-30 13:42:39.536041+00:00,75.99401164999999
2778,8004134,2025-12-30 21:16:44.031564+00:00,0.011295716666666667
2779,8004134,2025-12-31 08:16:50.414150+00:00,9.994612783333334
2780,8004135,2025-01-04 13:55:55.353178+00:00,33.97041268333333
2782,8004135,2025-01-05 17:51:55.362772+00:00,115.99655835
2786,8004135,2025-01-09 18:43:33.013305+00:00,14.002799066666666
2788,8004135,2025-01-10 05:23:32.990595+00:00,39.99233676666667
2790,8004135,2025-01-10 14:15:19.928603+00:00,0.0022442833333333333
2794,8004135,2025-01-15 19:17:26.658516+00:00,17.971311099999998
2800,8004135,2025-01-22 08:07:25.124023+00:00,181.99478023333333
2801,8004135,2025-01-22 19:17:28.975314+00:00,0.0008875500000000001
2802,8004135,2025-01-23 10:21:24.949995+00:00,12.000962399999999
2803,8004135,2025-01-24 10:07:25.205285+00:00,37.99484915
2807,8004135,2025-01-27 22:18:01.017576+00:00,9.786049916666666
2808,8004135,2025-01-30 12:16:50.267481+00:00,19.97820965
2809,8004135,2025-02-03 15:03:00.633770+00:00,14.0044472
2812,8004135,2025-02-07 12:53:00.336207+00:00,18.017315016666664
2816,8004135,2025-02-09 08:41:00.674297+00:00,17.999052216666666
2821,8004135,2025-02-13 16:09:44.114730+00:00,73.99985638333332
2825,8004135,2025-02-14 08:15:43.955413+00:00,2.015430116666667
2828,8004135,2025-02-14 23:13:43.040696+00:00,52.48127733333333
2829,8004135,2025-02-15 08:16:12.187654+00:00,21.994252833333334
2831,8004135,2025-02-16 12:34:12.918878+00:00,139.99154783333333
2833,8004135,2025-02-18 16:28:12.683487+00:00,24.001257216666666
2834,8004135,2025-02-18 21:16:12.297856+00:00,7.633333333333334e-06
2836,8004135,2025-02-19 05:18:13.392945+00:00,197.98468986666666
2837,8004135,2025-02-20 10:38:12.648260+00:00,15.993661049999998
2839,8004135,2025-02-23 12:04:12.690916+00:00,74.00466381666666
2840,8004135,2025-02-23 22:16:16.717814+00:00,15.924775783333333
2842,8004135,2025-02-25 14:50:13.208363+00:00,28.008390799999997
2843,8004135,2025-02-26 08:50:12.964489+00:00,28.01178035
2845,8004135,2025-03-04 12:42:40.093290+00:00,20.004659483333334
2848,8004135,2025-03-05 10:56:39.932623+00:00,46.00368831666666
2849,8004135,2025-03-05 22:16:53.915884+00:00,0.00132295
2852,8004135,2025-03-07 18:17:14.800877+00:00,0.00016636666666666665
2854,8004135,2025-03-08 18:23:13.867122+00:00,154.00539075
2856,8004135,2025-03-12 14:17:20.507061+00:00,0.00022085
2865,8004135,2025-03-20 06:07:23.469612+00:00,12.038021533333334
2866,8004135,2025-03-22 20:07:28.422067+00:00,21.828283216666666
2869,8004135,2025-03-25 05:51:17.838117+00:00,81.05468998333335
2870,8004135,2025-03-26 19:55:45.484935+00:00,20.023554
2873,8004135,2025-03-31 10:17:13.472124+00:00,0.00172765
2875,8004135,2025-04-03 13:16:35.666921+00:00,0.0014997833333333334
2876,8004135,2025-04-08 04:08:02.817857+00:00,77.61073691666667
2878,8004135,2025-04-15 04:19:40.831718+00:00,27.19729215
2879,8004135,2025-04-16 13:16:23.712304+00:00,4.640144283333333
2882,8004135,2025-04-17 12:17:47.143273+00:00,7.2259741
2884,8004135,2025-04-20 08:16:08.548593+00:00,49.456377350000004
2890,8004135,2025-04-27 23:25:52.228669+00:00,16.24444965
2892,8004135,2025-04-28 14:10:35.599770+00:00,122.69684575
2898,8004135,2025-05-01 14:56:54.736042+00:00,25.22236025
2899,8004135,2025-05-02 14:06:11.864985+00:00,16.72726865
2903,8004135,2025-05-05 08:31:30.293723+00:00,45.52420471666667
2909,8004135,2025-05-20 15:17:40.112621+00:00,53.79422146666666
2911,8004135,2025-05-21 07:01:07.805366+00:00,18.83923345
2916,8004135,2025-05-23 18:17:37.051568+00:00,10.568693966666666
2919,8004135,2025-05-26 10:24:36.009773+00:00,69.28437956666667
2920,8004135,2025-05-26 16:41:51.102553+00:00,0.0012538833333333333
2921,8004135,2025-05-28 08:26:36.904914+00:00,6.001923733333333
2924,8004135,2025-05-30 20:18:12.135940+00:00,11.943987850000001
2925,8004135,2025-05-31 14:17:20.548497+00:00,0.0017035
2927,8004135,2025-06-03 04:17:40.013270+00:00,131.91531705
2930,8004135,2025-06-04 07:59:24.442115+00:00,10.5788982
2934,8004135,2025-06-11 16:15:01.346820+00:00,19.779177716666666
2935,8004135,2025-06-13 17:05:29.818407+00:00,13.6416893
2937,8004135,2025-06-16 04:43:40.920108+00:00,42.7371948
2941,8004135,2025-06-19 03:45:07.423306+00:00,14.012223733333334
2945,8004135,2025-06-19 17:57:51.111290+00:00,157.05724511666668
2947,8004135,2025-06-19 21:58:23.241929+00:00,1.86157245
2948,8004135,2025-06-20 08:59:59.994278+00:00,137.19139793333335
2954,8004135,2025-06-22 09:16:58.154440+00:00,133.55602416666667
2955,8004135,2025-06-22 14:09:33.915265+00:00,91.59151141666666
2957,8004135,2025-06-24 10:23:55.523849+00:00,4.079823266666667
2961,8004135,2025-06-25 16:17:05.266668+00:00,67.45398621666666
2962,8004135,2025-06-26 11:05:33.176447+00:00,39.47176165
2970,8004135,2025-06-27 19:55:31.424115+00:00,50.8472703
2971,8004135,2025-06-28 10:18:10.100721+00:00,80.87974373333333
2978,8004135,2025-06-30 13:17:53.265337+00:00,0.0030458166666666666
2983,8004135,2025-07-01 14:43:14.518037+00:00,154.61188318333333
2986,8004135,2025-07-02 12:12:04.304913+00:00,66.0733664
2991,8004135,2025-07-03 21:18:05.703692+00:00,0.14485255
2996,8004135,2025-07-07 04:09:41.137281+00:00,37.887362616666664
2998,8004135,2025-07-07 14:18:06.035338+00:00,37.41744713333333
3000,8004135,2025-07-08 16:31:59.845121+00:00,38.10155486666667
3006,8004135,2025-07-09 12:28:46.619391+00:00,19.373137216666667
3009,8004135,2025-07-10 09:45:15.241449+00:00,17.0302569
3010,8004135,2025-07-11 15:04:17.398569+00:00,4.203480566666666
3016,8004135,2025-07-12 13:47:51.759004+00:00,6.385102716666666
3018,8004135,2025-07-14 08:56:02.867822+00:00,30.546242433333337
3019,8004135,2025-07-16 06:16:21.558737+00:00,0.01868073333333333
3022,8004135,2025-07-17 11:54:35.687107+00:00,11.939314133333333
3030,8004135,2025-07-18 17:58:44.783626+00:00,37.29189401666667
3031,8004135,2025-07-21 04:39:26.719784+00:00,31.752642733333335
3034,8004135,2025-07-21 09:02:11.107766+00:00,111.59020513333333
3037,8004135,2025-07-21 17:58:41.321148+00:00,22.639568516666667
3041,8004135,2025-07-25 16:16:29.736736+00:00,81.03364366666666
3042,8004135,2025-07-28 08:51:01.160746+00:00,93.55022088333334
3044,8004135,2025-08-01 16:33:41.334760+00:00,9.105612733333334
3047,8004135,2025-08-03 11:16:49.466732+00:00,21.267782366666665
3049,8004135,2025-08-05 08:02:18.562031+00:00,47.37529595
3053,8004135,2025-08-08 09:17:52.493007+00:00,0.008180133333333334
3055,8004135,2025-08-11 19:28:53.096799+00:00,22.66226425
3056,8004135,2025-08-12 20:17:52.811845+00:00,0.5924113333333333
3057,8004135,2025-08-13 04:16:53.649127+00:00,45.40135791666667
3066,8004135,2025-08-19 04:53:59.052727+00:00,43.802834999999995
3068,8004135,2025-08-20 20:30:06.681968+00:00,40.79011395
3071,8004135,2025-08-21 07:27:31.681141+00:00,5.4079045
3077,8004135,2025-08-27 10:07:56.774166+00:00,26.160639066666665
3080,8004135,2025-08-28 18:16:14.445516+00:00,8.686201
3082,8004135,2025-08-30 20:16:27.462807+00:00,0.010900033333333333
3083,8004135,2025-09-01 12:17:58.159268+00:00,0.012112133333333334
3085,8004135,2025-09-04 15:17:28.836079+00:00,34.88438541666667
3086,8004135,2025-09-05 11:19:16.420793+00:00,42.36387903333333
3088,8004135,2025-09-05 17:17:37.195925+00:00,32.2261462
3090,8004135,2025-09-07 10:13:02.667515+00:00,38.64255178333334
3096,8004135,2025-09-08 10:41:38.747558+00:00,117.57763726666667
3102,8004135,2025-09-29 20:39:58.902403+00:00,20.006449916666668
3110,8004135,2025-10-08 09:12:08.284274+00:00,21.97322665
3111,8004135,2025-10-08 14:16:10.764344+00:00,0.0009101333333333333
3114,8004135,2025-10-10 16:11:16.283534+00:00,19.927429449999998
3127,8004135,2025-10-15 20:16:50.827139+00:00,0.008461
3129,8004135,2025-10-17 08:17:49.183202+00:00,0.14558166666666666
3133,8004135,2025-10-23 07:50:17.342849+00:00,18.2035927
3135,8004135,2025-10-28 17:17:03.414594+00:00,56.2044269
3140,8004135,2025-11-10 08:16:53.412782+00:00,33.9954084
3143,8004135,2025-11-10 13:23:13.832381+00:00,0.022630833333333333
3145,8004135,2025-11-10 21:55:23.396740+00:00,17.99318565
3146,8004135,2025-11-11 09:17:23.366689+00:00,0.0294637
3148,8004135,2025-11-11 23:00:27.738505+00:00,16.00789735
3153,8004135,2025-11-12 12:20:10.368783+00:00,90.02421258333334
3155,8004135,2025-11-12 22:16:14.948699+00:00,0.0079478
3157,8004135,2025-11-13 05:14:29.015846+00:00,2.025512066666667
3163,8004135,2025-11-14 03:17:20.638723+00:00,0.0023736666666666667
3164,8004135,2025-11-14 12:17:47.720365+00:00,102.78332621666667
3167,8004135,2025-11-14 23:01:18.627521+00:00,0.026564833333333333
3177,8004135,2025-11-17 04:18:08.375215+00:00,0.0020389333333333333
3181,8004135,2025-11-17 14:45:18.664866+00:00,30.006252266666667
3187,8004135,2025-11-18 01:16:49.349950+00:00,0.0010735666666666667
3191,8004135,2025-11-18 09:22:57.439242+00:00,22.006131816666667
3197,8004135,2025-11-19 01:17:15.680399+00:00,0.003599133333333333
3202,8004135,2025-11-19 15:17:23.902714+00:00,11.983565516666665
3205,8004135,2025-11-20 10:18:03.011699+00:00,19.922373483333335
3207,8004135,2025-11-21 07:28:52.419045+00:00,8.017922466666667
3210,8004135,2025-11-22 05:00:08.879923+00:00,15.990943549999999
3211,8004135,2025-11-22 22:16:30.089356+00:00,0.0160155
3213,8004135,2025-11-23 09:16:49.665648+00:00,0.0032998166666666664
3220,8004135,2025-11-24 14:16:57.710413+00:00,22.058420533333333
3225,8004135,2025-12-02 16:02:55.863634+00:00,0.010540083333333334
3226,8004135,2025-12-04 15:16:47.835082+00:00,0.011368333333333334
3231,8004135,2025-12-10 09:39:47.526330+00:00,62.00919476666666
3233,8004135,2025-12-10 17:17:58.519289+00:00,17.99071025
3235,8004135,2025-12-11 17:16:58.247701+00:00,0.018011933333333334
3242,8004135,2025-12-18 10:16:14.559333+00:00,34.12511375
3247,8004135,2025-12-20 11:07:27.862762+00:00,46.00558361666666
3251,8004135,2025-12-27 17:13:21.102954+00:00,20.005722366666664
2781,8004135,2025-01-05 15:17:55.814455+00:00,0.0015721666666666666
2787,8004135,2025-01-09 19:21:31.922238+00:00,23.9983143
2791,8004135,2025-01-13 18:13:22.690994+00:00,0.00073505
2792,8004135,2025-01-15 05:03:53.859174+00:00,16.243477849999998
2797,8004135,2025-01-21 09:45:43.395428+00:00,33.69155751666667
2798,8004135,2025-01-22 06:17:26.450457+00:00,23.97411205
2806,8004135,2025-01-24 22:21:24.487499+00:00,30.00316548333333
2810,8004135,2025-02-04 09:17:04.919679+00:00,0.00048449999999999996
2813,8004135,2025-02-07 13:51:00.762508+00:00,5.9978036
2814,8004135,2025-02-08 05:27:00.530845+00:00,4.000363416666667
2819,8004135,2025-02-12 10:17:05.408526+00:00,0.0008710666666666666
2820,8004135,2025-02-13 04:39:01.980468+00:00,7.982918150000001
2826,8004135,2025-02-14 09:59:43.658691+00:00,0.00012759999999999998
2827,8004135,2025-02-14 22:19:43.571092+00:00,36.00645995
2830,8004135,2025-02-16 08:50:12.137947+00:00,207.99188073333335
2835,8004135,2025-02-19 04:04:12.298077+00:00,32.01167003333333
2838,8004135,2025-02-20 15:16:13.113959+00:00,9.99723835
2841,8004135,2025-02-25 14:04:13.425626+00:00,27.99333216666667
2844,8004135,2025-03-04 09:36:40.197968+00:00,169.99487321666666
2846,8004135,2025-03-04 14:16:40.819758+00:00,25.9816777
2847,8004135,2025-03-05 08:16:40.702543+00:00,0.0005215333333333333
2850,8004135,2025-03-06 11:59:14.618556+00:00,19.993914433333334
2851,8004135,2025-03-06 16:11:14.444979+00:00,12.00397295
2853,8004135,2025-03-07 18:37:14.464168+00:00,3.9952683333333336
2855,8004135,2025-03-09 18:07:14.250961+00:00,26.010132116666668
2858,8004135,2025-03-14 06:19:22.890280+00:00,4.007907016666667
2862,8004135,2025-03-17 09:01:23.151971+00:00,4.958333333333334e-05
2864,8004135,2025-03-19 14:01:06.491538+00:00,6.8500000000000005e-06
2874,8004135,2025-04-02 17:07:28.678102+00:00,17.969363633333334
2877,8004135,2025-04-10 12:54:58.022795+00:00,11.240388333333334
2880,8004135,2025-04-16 15:01:37.064308+00:00,103.55584205
2883,8004135,2025-04-17 14:17:40.976244+00:00,2.7e-05
2885,8004135,2025-04-22 13:16:14.280588+00:00,97.4393532
2886,8004135,2025-04-22 17:17:37.295759+00:00,0.004346683333333334
2887,8004135,2025-04-27 06:17:49.779869+00:00,0.0025442999999999998
2889,8004135,2025-04-27 21:09:17.375184+00:00,117.58870873333333
2891,8004135,2025-04-28 13:17:21.378983+00:00,27.761804883333333
2893,8004135,2025-04-29 08:03:51.522101+00:00,93.98902418333334
2894,8004135,2025-04-29 12:30:54.420863+00:00,13.342160716666665
2895,8004135,2025-04-29 21:18:05.668233+00:00,0.00929585
2897,8004135,2025-05-01 13:44:35.188962+00:00,32.503923666666665
2900,8004135,2025-05-02 19:45:39.992907+00:00,96.0617888
2901,8004135,2025-05-04 12:33:58.765915+00:00,359.95156901666667
2902,8004135,2025-05-04 23:02:23.213817+00:00,0.0004212
2904,8004135,2025-05-05 09:51:33.295936+00:00,21.811944383333334
2905,8004135,2025-05-05 17:16:53.072833+00:00,12.371967750000001
2906,8004135,2025-05-08 04:52:28.741695+00:00,23.6541351
2907,8004135,2025-05-09 03:37:39.068177+00:00,180.66591256666666
2908,8004135,2025-05-15 12:18:07.909768+00:00,0.0023224166666666666
2914,8004135,2025-05-21 17:14:55.877986+00:00,27.106187666666663
2915,8004135,2025-05-22 10:47:15.136636+00:00,50.92265583333334
2917,8004135,2025-05-24 10:16:54.987181+00:00,43.9610947
2918,8004135,2025-05-26 04:10:19.418260+00:00,61.0141004
2926,8004135,2025-05-31 17:15:31.230010+00:00,5.834822233333333
2928,8004135,2025-06-03 20:17:09.764551+00:00,0.0004317833333333333
2929,8004135,2025-06-04 07:29:40.737395+00:00,11.070571783333332
2931,8004135,2025-06-07 05:40:20.431945+00:00,12.950934916666666
2932,8004135,2025-06-08 12:22:22.133980+00:00,37.12967755
2933,8004135,2025-06-10 10:55:58.477364+00:00,29.02524633333333
2936,8004135,2025-06-14 13:16:52.230558+00:00,2.1239714666666667
2939,8004135,2025-06-16 11:03:31.734214+00:00,28.498062366666666
2940,8004135,2025-06-18 22:30:47.243529+00:00,12.764104416666667
2946,8004135,2025-06-19 21:05:34.178921+00:00,26.834708499999998
2952,8004135,2025-06-20 18:38:21.127540+00:00,2.0206493
2956,8004135,2025-06-24 07:49:13.245197+00:00,27.500064233333333
2958,8004135,2025-06-24 14:17:21.344542+00:00,0.15528543333333333
2959,8004135,2025-06-24 20:16:08.966650+00:00,2.0288193666666667
2960,8004135,2025-06-25 15:02:06.617772+00:00,13.997880133333332
2963,8004135,2025-06-26 23:23:38.629604+00:00,0.04191698333333334
2967,8004135,2025-06-27 12:33:12.735897+00:00,15.996225333333333
2968,8004135,2025-06-27 17:51:26.719495+00:00,26.532826366666665
2980,8004135,2025-07-01 09:22:02.165109+00:00,3.9788661
2984,8004135,2025-07-02 07:18:02.977364+00:00,57.418612700000004
2987,8004135,2025-07-02 13:55:31.404991+00:00,23.991647133333334
2988,8004135,2025-07-02 22:16:40.961750+00:00,0.0092582
2992,8004135,2025-07-03 23:16:40.854654+00:00,0.006333183333333334
2995,8004135,2025-07-05 14:16:27.622451+00:00,41.421556216666666
2997,8004135,2025-07-07 05:43:14.756449+00:00,17.18964325
2999,8004135,2025-07-08 14:16:13.851260+00:00,0.0006085166666666667
3001,8004135,2025-07-08 20:17:43.994214+00:00,0.00413125
3004,8004135,2025-07-09 09:41:05.512010+00:00,24.878831066666667
3008,8004135,2025-07-10 06:12:57.624803+00:00,22.259938133333332
3011,8004135,2025-07-11 15:32:39.095021+00:00,27.560825683333334
3017,8004135,2025-07-12 14:31:16.319072+00:00,18.050427416666665
3021,8004135,2025-07-17 08:33:08.368984+00:00,18.0523139
3024,8004135,2025-07-17 14:08:28.888732+00:00,8.221761616666667
3025,8004135,2025-07-17 18:17:28.148718+00:00,1.9765226666666666
3029,8004135,2025-07-18 16:41:58.376184+00:00,27.28430343333333
3033,8004135,2025-07-21 08:16:38.616014+00:00,15.194078533333334
3035,8004135,2025-07-21 13:16:22.699169+00:00,0.05980011666666667
3038,8004135,2025-07-23 08:17:21.765532+00:00,14.869207433333335
3043,8004135,2025-08-01 08:00:56.198425+00:00,6.057448983333333
3048,8004135,2025-08-04 07:22:06.434634+00:00,21.249395166666666
3050,8004135,2025-08-05 21:17:11.500238+00:00,0.0011876333333333334
3051,8004135,2025-08-06 07:17:15.403987+00:00,0.0157563
3054,8004135,2025-08-11 08:17:13.163383+00:00,22.129838033333332
3058,8004135,2025-08-15 18:01:54.425226+00:00,0.010500216666666668
3059,8004135,2025-08-16 04:58:30.779607+00:00,8.631236783333332
3060,8004135,2025-08-16 09:10:37.759950+00:00,0.11767646666666667
3065,8004135,2025-08-19 04:16:05.807728+00:00,21.949718683333334
3075,8004135,2025-08-21 14:01:20.731947+00:00,28.705048416666667
3076,8004135,2025-08-22 16:07:49.569391+00:00,33.57074525
3078,8004135,2025-08-27 14:16:23.507600+00:00,13.65531685
3081,8004135,2025-08-29 10:27:36.117679+00:00,23.3763242
3087,8004135,2025-09-05 15:09:24.656158+00:00,20.726371966666665
3089,8004135,2025-09-06 16:17:24.537833+00:00,32.094265566666664
3091,8004135,2025-09-07 11:43:42.710704+00:00,23.767691916666667
3094,8004135,2025-09-08 07:10:04.562269+00:00,72.98691646666666
3097,8004135,2025-09-08 15:17:41.283265+00:00,0.048713933333333334
3098,8004135,2025-09-18 14:41:57.203261+00:00,22.585640116666664
3104,8004135,2025-10-04 14:16:38.647985+00:00,13.997855566666667
3105,8004135,2025-10-06 12:17:51.566624+00:00,98.02745544999999
3109,8004135,2025-10-08 08:26:07.046033+00:00,28.003419716666667
3113,8004135,2025-10-10 14:17:12.848740+00:00,71.97471951666667
3115,8004135,2025-10-10 18:17:27.341292+00:00,63.98968286666666
3116,8004135,2025-10-14 10:17:37.719668+00:00,0.10264893333333333
3123,8004135,2025-10-15 09:29:35.405707+00:00,114.28707228333333
3128,8004135,2025-10-16 15:16:55.342704+00:00,33.97401045
3131,8004135,2025-10-17 18:39:21.338030+00:00,4.001030266666667
3132,8004135,2025-10-23 05:54:09.300414+00:00,82.0835561
3134,8004135,2025-10-24 10:17:48.656650+00:00,13.986390666666667
3136,8004135,2025-10-28 19:17:19.015047+00:00,0.014532516666666667
3137,8004135,2025-10-29 13:17:03.329702+00:00,32.21327935
3141,8004135,2025-11-10 10:16:55.241544+00:00,50.00923065
3147,8004135,2025-11-11 20:12:14.341013+00:00,0.0025376500000000002
3150,8004135,2025-11-12 03:20:10.682182+00:00,0.02275668333333333
3152,8004135,2025-11-12 09:28:05.412288+00:00,84.00947843333333
3156,8004135,2025-11-12 22:42:28.160826+00:00,18.019980866666668
3158,8004135,2025-11-13 06:12:28.443241+00:00,0.0021356333333333332
3159,8004135,2025-11-13 15:16:36.953000+00:00,0.2515645166666667
3162,8004135,2025-11-14 01:17:20.751278+00:00,0.002661516666666667
3165,8004135,2025-11-14 17:36:45.793744+00:00,78.12693533333332
3168,8004135,2025-11-15 02:01:27.500638+00:00,0.00027006666666666665
3178,8004135,2025-11-17 05:16:07.479887+00:00,0.0006484333333333334
3183,8004135,2025-11-17 17:24:06.922658+00:00,22.0008663
3186,8004135,2025-11-18 00:16:49.663492+00:00,0.0055349833333333326
3192,8004135,2025-11-18 12:07:04.633513+00:00,10.20098165
3193,8004135,2025-11-18 16:16:41.594095+00:00,0.005374483333333333
3203,8004135,2025-11-19 16:17:32.226335+00:00,0.0013995666666666666
3204,8004135,2025-11-20 07:17:57.866849+00:00,15.963593466666667
3206,8004135,2025-11-20 22:16:25.827810+00:00,0.009862116666666667
3208,8004135,2025-11-21 13:41:32.688262+00:00,44.11042546666667
3209,8004135,2025-11-21 22:18:01.127477+00:00,4.1182666
3219,8004135,2025-11-24 08:08:49.559081+00:00,8.025021666666667
3221,8004135,2025-11-24 19:17:27.433317+00:00,0.06819391666666667
3224,8004135,2025-12-02 06:52:09.475149+00:00,94.05837691666667
3227,8004135,2025-12-05 07:05:21.065816+00:00,16.010151866666668
3228,8004135,2025-12-05 22:14:01.100154+00:00,26.0836769
3229,8004135,2025-12-06 19:16:33.319609+00:00,0.0027343999999999997
3230,8004135,2025-12-10 07:11:48.367469+00:00,23.99896065
3232,8004135,2025-12-10 12:17:50.372660+00:00,0.08326498333333333
3236,8004135,2025-12-11 21:53:26.793345+00:00,42.37921323333333
3237,8004135,2025-12-14 17:16:24.498420+00:00,15.988720783333333
3238,8004135,2025-12-16 08:16:54.894205+00:00,0.0005290333333333333
3239,8004135,2025-12-16 14:17:49.236699+00:00,0.0178848
3240,8004135,2025-12-17 08:17:00.581955+00:00,120.00590681666667
3241,8004135,2025-12-18 09:31:59.543471+00:00,11.994393383333334
3248,8004135,2025-12-20 19:47:28.169900+00:00,30.006491999999998
3249,8004135,2025-12-21 06:13:59.083518+00:00,94.00152723333333
3250,8004135,2025-12-27 16:17:24.572631+00:00,0.011325716666666668
3252,8004135,2025-12-29 08:07:18.022823+00:00,47.11083816666667
3258,8004135,2025-12-30 14:22:39.348874+00:00,24.002633566666667
3262,8004135,2025-12-30 21:16:44.306021+00:00,11.984357450000001
3263,8004135,2025-12-31 08:16:50.336629+00:00,12.005401216666666
3264,8004136,2025-01-05 15:17:56.298297+00:00,0.00019728333333333335
3266,8004136,2025-01-07 08:17:56.885513+00:00,5.9821416
3268,8004136,2025-01-09 19:27:33.492547+00:00,23.985186116666668
3270,8004136,2025-01-10 09:27:32.799152+00:00,45.995538
3273,8004136,2025-01-13 18:11:26.550015+00:00,0.0008084333333333334
3274,8004136,2025-01-15 05:07:28.942924+00:00,5.990593033333334
3282,8004136,2025-01-24 12:42:59.881187+00:00,66.00348816666666
3283,8004136,2025-01-24 22:30:59.950251+00:00,8.001561766666667
3285,8004136,2025-01-27 23:59:23.696106+00:00,46.0076233
3288,8004136,2025-02-04 09:16:43.502568+00:00,0.05166815
3291,8004136,2025-02-08 05:30:35.875925+00:00,3.9916369333333335
3296,8004136,2025-02-12 10:16:38.409827+00:00,0.18094093333333333
3297,8004136,2025-02-13 04:38:35.697103+00:00,10.00097315
3303,8004136,2025-02-14 10:01:18.348858+00:00,2.0016936000000003
3305,8004136,2025-02-14 22:45:18.354162+00:00,90.47470488333333
3306,8004136,2025-02-16 08:49:47.037797+00:00,16.00104178333333
3309,8004136,2025-02-18 21:17:47.115353+00:00,0.0001866833333333333
3311,8004136,2025-02-19 04:57:47.365438+00:00,217.9977524
3313,8004136,2025-02-20 15:17:47.644268+00:00,7.993802733333334
3314,8004136,2025-02-23 12:01:47.613227+00:00,28.0000936
3319,8004136,2025-03-04 09:36:14.510603+00:00,166.00136543333335
3321,8004136,2025-03-04 14:04:14.553013+00:00,22.00309136666667
3322,8004136,2025-03-05 08:16:14.589524+00:00,0.012586583333333333
3324,8004136,2025-03-06 12:02:48.765199+00:00,19.997510583333334
3326,8004136,2025-03-07 18:36:48.674062+00:00,8.001007733333333
3334,8004136,2025-03-19 14:53:23.655619+00:00,3.5666666666666667e-06
3335,8004136,2025-03-20 06:12:59.658588+00:00,7.669136716666667
3341,8004136,2025-03-26 19:41:46.764922+00:00,38.128334083333336
3344,8004136,2025-04-02 17:07:28.812094+00:00,15.943795216666667
3347,8004136,2025-04-10 12:54:59.697126+00:00,11.231838616666666
3351,8004136,2025-04-16 16:40:48.717821+00:00,6.359817383333334
3355,8004136,2025-04-17 14:17:41.283963+00:00,13.135289133333334
3356,8004136,2025-04-20 08:08:31.374115+00:00,59.075576416666664
3357,8004136,2025-04-22 13:16:15.524964+00:00,99.82766126666667
3358,8004136,2025-04-22 17:17:38.252861+00:00,0.0012582333333333335
3360,8004136,2025-04-27 06:17:50.029790+00:00,0.0011768833333333333
3362,8004136,2025-04-27 21:16:33.339660+00:00,160.48427251666666
3363,8004136,2025-04-28 13:17:22.968103+00:00,37.13559471666667
3365,8004136,2025-04-29 08:13:59.526013+00:00,108.65455553333332
3366,8004136,2025-04-29 21:18:06.754949+00:00,0.0022025499999999997
3369,8004136,2025-05-01 13:48:59.676385+00:00,28.10561918333333
3370,8004136,2025-05-02 13:44:35.211031+00:00,59.76277096666667
3371,8004136,2025-05-02 19:52:29.283226+00:00,86.92541433333334
3372,8004136,2025-05-04 12:36:19.642405+00:00,359.87515379999996
3373,8004136,2025-05-04 23:02:23.471394+00:00,0.00054575
3375,8004136,2025-05-05 09:37:09.070459+00:00,36.22541378333334
3376,8004136,2025-05-05 17:16:53.189307+00:00,12.380827033333333
3377,8004136,2025-05-09 03:37:39.240104+00:00,166.23778679999998
3378,8004136,2025-05-14 16:53:37.009913+00:00,13.98187135
3383,8004136,2025-05-21 16:03:24.740581+00:00,35.96511561666667
3386,8004136,2025-05-24 10:16:55.124117+00:00,49.929072766666664
3387,8004136,2025-05-26 04:10:19.988111+00:00,61.007855666666664
3392,8004136,2025-05-30 12:30:41.793433+00:00,21.647358383333334
3395,8004136,2025-05-31 17:15:31.380915+00:00,16.20245325
3397,8004136,2025-06-03 20:17:10.029535+00:00,0.001127
3400,8004136,2025-06-14 13:16:52.455144+00:00,6.42416725
3401,8004136,2025-06-16 04:58:55.730474+00:00,25.269621649999998
3404,8004136,2025-06-16 11:08:37.528618+00:00,25.95801435
3406,8004136,2025-06-18 22:41:33.798670+00:00,24.79577576666667
3411,8004136,2025-06-19 21:05:35.309663+00:00,31.923243866666667
3417,8004136,2025-06-20 18:52:55.861501+00:00,24.441887066666666
3418,8004136,2025-06-21 19:31:25.764674+00:00,12.9987391
3424,8004136,2025-06-24 14:17:57.751954+00:00,0.2586197333333333
3427,8004136,2025-06-25 16:17:15.505562+00:00,71.6074533
3429,8004136,2025-06-26 23:23:43.895052+00:00,0.029654066666666666
3432,8004136,2025-06-27 12:06:03.120355+00:00,12.162038583333333
3437,8004136,2025-06-27 19:38:30.432445+00:00,67.92207731666666
3452,8004136,2025-07-02 06:17:38.256075+00:00,103.73313750000001
3457,8004136,2025-07-02 13:42:27.273705+00:00,25.07119338333333
3458,8004136,2025-07-02 22:16:48.977085+00:00,0.010763783333333334
3461,8004136,2025-07-03 13:17:57.651243+00:00,0.0147273
3463,8004136,2025-07-03 23:16:47.356899+00:00,0.014393833333333333
3468,8004136,2025-07-07 05:41:16.043188+00:00,52.2393573
3473,8004136,2025-07-08 20:17:45.678369+00:00,0.027883683333333333
3478,8004136,2025-07-09 11:19:21.230193+00:00,39.08728668333333
3481,8004136,2025-07-10 06:32:54.445653+00:00,2.3145647666666664
3492,8004136,2025-07-12 14:31:19.821118+00:00,20.536266983333334
3500,8004136,2025-07-17 18:17:32.150127+00:00,10.131747566666666
3503,8004136,2025-07-18 15:18:53.300423+00:00,97.98759815
3507,8004136,2025-07-21 09:02:14.925555+00:00,111.56499088333334
3508,8004136,2025-07-21 13:16:29.393542+00:00,0.048587700000000004
3510,8004136,2025-07-23 08:17:25.769339+00:00,14.865119850000001
3511,8004136,2025-07-24 12:17:20.045639+00:00,0.010364633333333335
3512,8004136,2025-07-25 15:12:36.999340+00:00,35.44794413333333
3514,8004136,2025-07-28 09:07:20.152682+00:00,77.24375165
3523,8004136,2025-08-05 21:17:44.269997+00:00,0.0022738333333333334
3524,8004136,2025-08-06 07:17:19.455137+00:00,0.021660466666666666
3529,8004136,2025-08-11 08:35:15.936413+00:00,8.138566733333333
3531,8004136,2025-08-13 04:08:32.297599+00:00,51.807272766666664
3533,8004136,2025-08-15 18:01:56.687969+00:00,2.1399521833333335
3536,8004136,2025-08-16 08:02:51.055680+00:00,13.60674505
3538,8004136,2025-08-18 07:23:56.712811+00:00,71.65703426666667
3548,8004136,2025-08-21 14:01:21.317399+00:00,30.731486099999998
3559,8004136,2025-09-05 15:09:24.338655+00:00,27.0585939
3563,8004136,2025-09-07 11:51:27.314127+00:00,11.00045265
3565,8004136,2025-09-08 07:15:04.794840+00:00,25.93789136666667
3568,8004136,2025-09-08 15:17:41.429969+00:00,0.04310415
3569,8004136,2025-09-18 14:41:57.254222+00:00,26.430716166666667
3574,8004136,2025-09-29 20:18:01.133125+00:00,5.965467716666667
3577,8004136,2025-10-04 14:16:38.707321+00:00,13.9916669
3578,8004136,2025-10-06 12:17:51.411950+00:00,94.03617661666667
3582,8004136,2025-10-08 08:28:06.757370+00:00,60.00233265
3585,8004136,2025-10-10 14:17:12.799552+00:00,41.9795334
3587,8004136,2025-10-10 18:17:27.291779+00:00,69.991041
3588,8004136,2025-10-14 10:17:38.040766+00:00,0.07159705000000001
3592,8004136,2025-10-14 20:16:13.813015+00:00,41.9890527
3594,8004136,2025-10-15 09:29:35.109061+00:00,116.3025997
3596,8004136,2025-10-15 18:16:42.013190+00:00,96.13707763333333
3598,8004136,2025-10-16 15:16:55.175251+00:00,10.001956250000001
3602,8004136,2025-10-17 18:31:21.505809+00:00,14.015421916666666
3606,8004136,2025-10-24 10:17:48.753788+00:00,15.993965783333334
3608,8004136,2025-10-28 19:17:18.962997+00:00,0.016551783333333334
3609,8004136,2025-10-29 13:17:03.599538+00:00,28.20635875
3610,8004136,2025-11-09 13:18:04.913776+00:00,19.97975496666667
3614,8004136,2025-11-10 10:16:55.128680+00:00,46.01685956666667
3618,8004136,2025-11-11 09:03:21.833863+00:00,14.055334166666666
3622,8004136,2025-11-12 03:20:10.773910+00:00,0.0283318
3626,8004136,2025-11-12 09:28:04.896912+00:00,92.01142591666667
3632,8004136,2025-11-13 06:12:28.555143+00:00,0.0004689166666666667
3633,8004136,2025-11-13 15:16:36.731726+00:00,0.23357360000000002
3635,8004136,2025-11-14 01:17:20.776109+00:00,0.0015142166666666666
3639,8004136,2025-11-14 13:44:33.719145+00:00,18.004567633333334
3646,8004136,2025-11-15 02:01:27.628153+00:00,0.0028885499999999997
3648,8004136,2025-11-16 22:34:07.057468+00:00,0.0091873
3649,8004136,2025-11-17 17:18:10.760467+00:00,17.93580281666667
3658,8004136,2025-11-18 12:07:04.638565+00:00,10.201448916666667
3659,8004136,2025-11-18 16:16:41.314919+00:00,0.005307183333333334
3661,8004136,2025-11-18 23:17:15.957931+00:00,0.0028869666666666667
3668,8004136,2025-11-19 16:17:32.180953+00:00,0.0026129833333333333
3671,8004136,2025-11-20 22:16:25.929292+00:00,0.012977683333333333
3673,8004136,2025-11-21 13:47:33.800592+00:00,40.083938333333336
3674,8004136,2025-11-21 22:18:01.269220+00:00,4.12008835
3676,8004136,2025-11-22 05:16:08.250552+00:00,0.00145015
3682,8004136,2025-11-23 13:16:49.858297+00:00,45.99999023333333
3684,8004136,2025-11-24 08:14:49.754168+00:00,2.0253656833333333
3686,8004136,2025-11-24 19:17:27.182495+00:00,0.05530391666666667
3690,8004136,2025-12-02 08:28:13.015064+00:00,35.993448566666665
3692,8004136,2025-12-05 07:05:21.034700+00:00,21.996511033333334
3693,8004136,2025-12-05 22:20:05.381181+00:00,27.99572176666667
3694,8004136,2025-12-06 19:16:33.360619+00:00,1.9752689333333333
3695,8004136,2025-12-10 07:11:48.367764+00:00,31.98799365
3697,8004136,2025-12-10 12:17:50.372862+00:00,0.07355785000000001
3701,8004136,2025-12-11 21:49:27.687047+00:00,48.37015816666667
3702,8004136,2025-12-14 17:16:24.777124+00:00,5.982781366666667
3703,8004136,2025-12-15 22:08:25.277355+00:00,0.006070999999999999
3704,8004136,2025-12-16 08:16:54.934025+00:00,0.0008928333333333334
3705,8004136,2025-12-16 14:17:48.848230+00:00,0.0249823
3706,8004136,2025-12-17 08:17:00.996148+00:00,119.99684316666666
3707,8004136,2025-12-18 09:37:59.010017+00:00,8.002684583333332
3715,8004136,2025-12-20 20:17:28.655380+00:00,11.988969916666667
3716,8004136,2025-12-21 06:19:58.591023+00:00,88.00607371666666
3717,8004136,2025-12-27 16:17:24.395672+00:00,25.952770966666666
3719,8004136,2025-12-29 08:17:18.286849+00:00,27.993795883333334
3729,8004136,2025-12-30 21:16:44.329818+00:00,0.021492433333333335
3730,8004136,2025-12-31 08:16:50.504183+00:00,12.001741166666667
3265,8004136,2025-01-05 17:43:55.589537+00:00,127.98407354999999
3272,8004136,2025-01-10 14:15:21.036183+00:00,0.00043091666666666663
3276,8004136,2025-01-15 19:16:59.319865+00:00,9.999430866666668
3279,8004136,2025-01-22 06:17:00.127006+00:00,290.00016048333333
3280,8004136,2025-01-22 19:17:04.855443+00:00,0.0156554
3281,8004136,2025-01-23 10:20:59.927452+00:00,6.001513016666666
3284,8004136,2025-01-27 22:17:32.289056+00:00,85.85868536666666
3286,8004136,2025-01-30 12:16:23.197476+00:00,19.996576433333335
3287,8004136,2025-02-03 15:00:35.220753+00:00,15.997569966666667
3290,8004136,2025-02-07 12:50:35.367332+00:00,73.99784483333333
3293,8004136,2025-02-09 08:40:35.578986+00:00,15.997688083333333
3298,8004136,2025-02-13 16:05:18.257832+00:00,84.00263531666666
3300,8004136,2025-02-14 05:33:18.685519+00:00,7.998755733333334
3304,8004136,2025-02-14 22:17:18.818714+00:00,5.996920833333333
3307,8004136,2025-02-16 09:29:46.990396+00:00,320.0005404666666
3308,8004136,2025-02-18 16:21:47.149848+00:00,29.998966816666666
3310,8004136,2025-02-19 04:03:47.147384+00:00,14.005485433333332
3312,8004136,2025-02-20 10:41:47.300222+00:00,12.001923533333333
3315,8004136,2025-02-23 12:59:47.736133+00:00,23.998515750000003
3316,8004136,2025-02-23 22:17:48.023517+00:00,17.992727933333335
3317,8004136,2025-02-25 14:09:47.814681+00:00,50.011978666666664
3318,8004136,2025-02-26 08:43:47.741191+00:00,28.010053116666665
3320,8004136,2025-03-04 12:40:14.514806+00:00,35.999047000000004
3323,8004136,2025-03-05 22:16:20.684620+00:00,0.06285311666666667
3325,8004136,2025-03-07 18:16:48.676759+00:00,0.005482183333333333
3327,8004136,2025-03-08 18:24:49.363882+00:00,163.99127435
3328,8004136,2025-03-12 14:16:51.349955+00:00,0.024178433333333336
3332,8004136,2025-03-17 09:40:57.759626+00:00,0.050320833333333335
3336,8004136,2025-03-22 20:07:29.131734+00:00,21.818502466666665
3340,8004136,2025-03-25 05:47:25.921678+00:00,80.47925398333334
3342,8004136,2025-03-28 09:16:26.669948+00:00,73.95583491666666
3343,8004136,2025-03-31 10:17:13.744702+00:00,0.0011874333333333335
3345,8004136,2025-04-03 13:16:35.960359+00:00,0.0010614666666666666
3346,8004136,2025-04-08 04:08:03.560089+00:00,61.25444995
3348,8004136,2025-04-15 04:19:41.278101+00:00,27.20320686666667
3349,8004136,2025-04-16 13:16:24.986854+00:00,0.009617433333333333
3354,8004136,2025-04-17 13:16:05.105362+00:00,0.0036177
3359,8004136,2025-04-24 19:21:07.463417+00:00,16.5499923
3364,8004136,2025-04-28 14:13:15.958880+00:00,117.4115122
3367,8004136,2025-04-30 14:31:58.242034+00:00,16.336724533333335
3368,8004136,2025-05-01 11:30:11.777511+00:00,88.02139505
3374,8004136,2025-05-05 08:31:30.649007+00:00,42.91325776666667
3382,8004136,2025-05-21 06:57:37.840048+00:00,22.347168183333334
3384,8004136,2025-05-22 10:42:56.280981+00:00,24.872073383333333
3385,8004136,2025-05-23 18:17:37.282492+00:00,8.30157475
3390,8004136,2025-05-26 16:41:51.552097+00:00,0.0013327666666666665
3391,8004136,2025-05-28 08:20:49.614298+00:00,11.800488916666666
3393,8004136,2025-05-30 20:18:12.245487+00:00,29.655609883333334
3394,8004136,2025-05-31 14:17:20.839963+00:00,0.0011550500000000001
3396,8004136,2025-06-03 04:17:40.185199+00:00,109.11702515
3398,8004136,2025-06-04 07:36:43.761586+00:00,33.26784933333333
3399,8004136,2025-06-13 17:01:34.628695+00:00,17.564016050000003
3403,8004136,2025-06-16 10:04:06.898580+00:00,23.720909
3409,8004136,2025-06-19 11:59:27.059326+00:00,15.940672266666667
3413,8004136,2025-06-20 11:05:13.134258+00:00,12.030467083333333
3416,8004136,2025-06-20 18:18:00.942981+00:00,3.7225847333333335
3421,8004136,2025-06-22 14:09:41.311643+00:00,91.51706261666666
3423,8004136,2025-06-24 10:18:35.531372+00:00,7.398548566666666
3425,8004136,2025-06-24 20:16:11.741919+00:00,28.310399866666668
3428,8004136,2025-06-26 11:16:19.995525+00:00,6.132761533333333
3433,8004136,2025-06-27 12:45:15.504378+00:00,26.393056833333333
3436,8004136,2025-06-27 18:44:34.946483+00:00,34.87088335
3438,8004136,2025-06-28 08:17:41.544435+00:00,50.67682945
3447,8004136,2025-06-30 13:17:56.337842+00:00,0.0083898
3451,8004136,2025-07-01 14:43:20.256633+00:00,154.64277981666666
3456,8004136,2025-07-02 13:08:44.694430+00:00,7.195472499999999
3462,8004136,2025-07-03 15:25:49.348516+00:00,37.56507201666667
3465,8004136,2025-07-04 06:26:52.902564+00:00,0.04327628333333333
3466,8004136,2025-07-05 14:16:32.662568+00:00,9.8449622
3467,8004136,2025-07-07 04:09:42.191798+00:00,31.728929416666666
3469,8004136,2025-07-07 14:14:06.378235+00:00,39.45302065
3470,8004136,2025-07-08 05:48:28.317655+00:00,15.722230999999999
3475,8004136,2025-07-09 06:41:24.545580+00:00,30.002810933333333
3479,8004136,2025-07-09 12:24:46.296065+00:00,62.18145678333334
3480,8004136,2025-07-10 04:06:47.582243+00:00,81.46844875000001
3482,8004136,2025-07-10 09:45:28.607409+00:00,16.839994166666667
3483,8004136,2025-07-11 15:04:20.195072+00:00,4.205839316666666
3488,8004136,2025-07-12 09:13:24.049782+00:00,37.85302011666667
3491,8004136,2025-07-12 13:43:27.577338+00:00,10.815380566666667
3493,8004136,2025-07-14 08:40:47.145547+00:00,36.49073235
3494,8004136,2025-07-16 06:16:25.278803+00:00,0.02163575
3495,8004136,2025-07-17 07:16:36.937318+00:00,0.006729566666666667
3496,8004136,2025-07-17 11:49:22.480418+00:00,14.4076573
3502,8004136,2025-07-18 14:01:52.482867+00:00,31.890566333333332
3504,8004136,2025-07-18 18:07:21.892458+00:00,24.75058561666667
3505,8004136,2025-07-21 04:37:31.463434+00:00,31.760653516666665
3509,8004136,2025-07-21 16:52:09.624224+00:00,119.99254035
3513,8004136,2025-07-25 16:16:33.681861+00:00,71.89648543333332
3515,8004136,2025-08-01 16:18:20.507008+00:00,18.626158783333334
3518,8004136,2025-08-03 04:49:30.968664+00:00,8.347568
3519,8004136,2025-08-03 11:16:59.536228+00:00,77.70976646666666
3520,8004136,2025-08-03 15:35:20.688534+00:00,33.35787908333334
3521,8004136,2025-08-04 07:28:07.547667+00:00,9.464452633333334
3522,8004136,2025-08-05 08:02:22.034122+00:00,62.34090598333333
3526,8004136,2025-08-06 12:03:01.914370+00:00,58.76108083333334
3528,8004136,2025-08-08 09:18:04.517171+00:00,0.0088392
3530,8004136,2025-08-12 17:45:25.862657+00:00,40.84317386666667
3532,8004136,2025-08-15 16:57:46.379753+00:00,0.004561033333333334
3535,8004136,2025-08-16 05:38:59.738362+00:00,29.888579216666667
3541,8004136,2025-08-20 19:16:46.485104+00:00,140.03203043333332
3543,8004136,2025-08-21 05:53:45.206981+00:00,14.520968516666667
3549,8004136,2025-08-22 16:13:22.807507+00:00,28.08379495
3550,8004136,2025-08-27 10:07:58.516042+00:00,26.164420516666667
3552,8004136,2025-08-28 18:16:14.374680+00:00,12.689194149999999
3553,8004136,2025-08-29 10:27:36.169559+00:00,38.23225445
3554,8004136,2025-08-30 20:16:27.375853+00:00,0.013560833333333333
3555,8004136,2025-09-01 12:17:58.140428+00:00,0.009561666666666666
3557,8004136,2025-09-04 15:17:28.698119+00:00,49.738641316666666
3558,8004136,2025-09-05 11:14:48.854317+00:00,40.9972416
3560,8004136,2025-09-05 17:17:37.105568+00:00,7.659545633333334
3561,8004136,2025-09-06 16:17:24.666316+00:00,38.60043683333333
3562,8004136,2025-09-07 10:13:03.162359+00:00,34.6182639
3564,8004136,2025-09-08 03:40:50.310594+00:00,60.18450663333333
3567,8004136,2025-09-08 11:37:14.508768+00:00,26.9551078
3575,8004136,2025-09-29 20:39:58.992528+00:00,38.152634600000006
3583,8004136,2025-10-08 14:16:10.642697+00:00,17.969337866666667
3586,8004136,2025-10-10 16:11:16.967606+00:00,5.950743533333333
3595,8004136,2025-10-15 11:55:52.579922+00:00,70.04834174999999
3597,8004136,2025-10-15 20:16:51.195059+00:00,0.009197183333333333
3599,8004136,2025-10-17 08:17:49.942586+00:00,0.20958966666666665
3605,8004136,2025-10-23 07:48:18.017281+00:00,20.190532766666667
3607,8004136,2025-10-28 17:17:01.849222+00:00,56.23532961666667
3613,8004136,2025-11-10 08:16:53.502730+00:00,8.02598665
3616,8004136,2025-11-10 13:23:13.781995+00:00,0.018963300000000002
3617,8004136,2025-11-10 19:17:23.068006+00:00,168.00452945
3619,8004136,2025-11-11 18:22:12.678813+00:00,0.008532483333333334
3621,8004136,2025-11-12 00:16:27.619850+00:00,0.0036038666666666666
3623,8004136,2025-11-12 05:09:42.013680+00:00,8.0559981
3627,8004136,2025-11-12 12:14:09.972819+00:00,92.02668375
3631,8004136,2025-11-13 05:14:28.985571+00:00,2.02729445
3637,8004136,2025-11-14 04:17:21.415188+00:00,0.00122465
3638,8004136,2025-11-14 12:17:47.717399+00:00,70.77523901666667
3645,8004136,2025-11-14 23:01:18.416631+00:00,0.0247121
3647,8004136,2025-11-16 22:17:43.292970+00:00,0.07402065000000001
3653,8004136,2025-11-18 01:16:49.376372+00:00,0.0008201666666666666
3657,8004136,2025-11-18 09:22:57.570597+00:00,22.00418085
3663,8004136,2025-11-19 01:17:15.667391+00:00,0.0017468166666666667
3667,8004136,2025-11-19 15:17:24.010466+00:00,11.9822216
3670,8004136,2025-11-20 10:18:00.986615+00:00,19.9575315
3672,8004136,2025-11-21 07:28:52.314614+00:00,8.024565599999999
3675,8004136,2025-11-22 05:00:09.240236+00:00,0.01894105
3677,8004136,2025-11-22 22:16:30.093918+00:00,0.014947416666666666
3679,8004136,2025-11-23 09:16:49.496602+00:00,0.0037999500000000003
3683,8004136,2025-11-24 06:34:49.749114+00:00,42.0035821
3685,8004136,2025-11-24 14:16:57.820368+00:00,10.059882066666667
3691,8004136,2025-12-04 15:16:47.711688+00:00,0.012405566666666668
3696,8004136,2025-12-10 09:37:48.319634+00:00,87.98146676666667
3698,8004136,2025-12-10 17:17:58.929351+00:00,19.984606816666666
3700,8004136,2025-12-11 17:16:57.711785+00:00,0.017596149999999998
3708,8004136,2025-12-18 10:16:14.546314+00:00,34.12412856666666
3714,8004136,2025-12-20 11:39:27.410809+00:00,14.005521866666667
3718,8004136,2025-12-27 17:09:21.587438+00:00,19.994564566666668
3727,8004136,2025-12-30 18:08:43.850768+00:00,10.004855133333333
3731,8004151,2025-01-04 14:45:55.755058+00:00,23.997494983333336
3733,8004151,2025-01-05 18:05:56.077097+00:00,91.99297555
3734,8004151,2025-01-07 08:17:57.474989+00:00,8.838333333333334e-05
3737,8004151,2025-01-10 05:17:34.665648+00:00,39.989680916666664
3738,8004151,2025-01-10 10:43:34.087372+00:00,1.2716666666666666e-05
3744,8004151,2025-01-15 19:17:06.629615+00:00,37.92507735
3745,8004151,2025-01-18 09:17:01.076173+00:00,0.0005283833333333334
3751,8004151,2025-01-22 08:53:02.733365+00:00,147.98460948333334
3752,8004151,2025-01-22 19:17:24.192623+00:00,0.007484916666666667
3760,8004151,2025-01-30 12:16:33.534452+00:00,19.857367483333334
3761,8004151,2025-02-03 15:14:37.799256+00:00,2.0081806
3764,8004151,2025-02-07 13:02:37.820318+00:00,16.000677783333334
3776,8004151,2025-02-14 22:17:45.866343+00:00,3.5786166833333337
3780,8004151,2025-02-16 09:49:49.612941+00:00,313.9878675
3781,8004151,2025-02-18 16:37:49.462100+00:00,12.0385281
3782,8004151,2025-02-18 21:17:49.001749+00:00,0.0011566
3785,8004151,2025-02-19 05:47:50.728206+00:00,167.98414235
3786,8004151,2025-02-20 10:53:51.118424+00:00,13.967933033333333
3788,8004151,2025-02-23 12:03:49.932973+00:00,75.98535385
3790,8004151,2025-02-23 22:18:11.673827+00:00,7.633757916666666
3792,8004151,2025-02-25 15:05:49.627809+00:00,24.000360433333334
3793,8004151,2025-02-26 09:03:51.195385+00:00,33.98171701666667
3794,8004151,2025-02-27 18:39:50.677932+00:00,15.997839816666668
3798,8004151,2025-03-04 14:16:17.250605+00:00,3.9875108000000004
3800,8004151,2025-03-05 22:16:41.839934+00:00,0.016795916666666667
3803,8004151,2025-03-07 18:16:51.625678+00:00,0.0033518000000000003
3805,8004151,2025-03-08 18:40:52.232980+00:00,153.97699075
3807,8004151,2025-03-12 14:17:15.404344+00:00,0.0011553333333333335
3809,8004151,2025-03-17 09:41:24.638996+00:00,0.0149312
3810,8004151,2025-03-19 14:43:10.399427+00:00,10.227739266666667
3812,8004151,2025-03-23 13:53:53.678600+00:00,9.033333333333332e-06
3815,8004151,2025-03-25 06:05:53.922442+00:00,71.50288565000001
3816,8004151,2025-03-25 12:58:39.654667+00:00,27.6280976
3817,8004151,2025-03-26 19:57:59.479754+00:00,23.889615933333335
3819,8004151,2025-03-28 10:38:26.948501+00:00,13.973394466666667
3820,8004151,2025-03-31 10:17:15.048649+00:00,0.0006321333333333334
3822,8004151,2025-04-03 13:16:37.815537+00:00,0.0011428
3823,8004151,2025-04-08 04:21:59.061979+00:00,59.48933303333333
3826,8004151,2025-04-15 04:42:37.447984+00:00,13.321164533333333
3827,8004151,2025-04-16 13:16:28.168060+00:00,13.11849625
3834,8004151,2025-04-24 14:17:08.729522+00:00,0.00044290000000000003
3835,8004151,2025-04-24 19:23:38.845930+00:00,4.84932685
3837,8004151,2025-04-27 17:17:00.150594+00:00,12.808856983333333
3841,8004151,2025-04-28 16:08:15.087004+00:00,18.2749461
3844,8004151,2025-04-30 11:22:25.383291+00:00,22.311442133333333
3849,8004151,2025-05-02 14:13:11.687391+00:00,20.94232291666667
3850,8004151,2025-05-02 20:04:18.704166+00:00,85.10488205
3853,8004151,2025-05-05 08:31:31.725009+00:00,86.91729111666668
3856,8004151,2025-05-09 03:43:45.475889+00:00,163.07426949999999
3858,8004151,2025-05-20 16:17:18.154489+00:00,0.0345655
3859,8004151,2025-05-21 06:17:54.894321+00:00,0.6134005833333334
3861,8004151,2025-05-24 10:17:23.310032+00:00,48.12445295
3863,8004151,2025-05-26 10:13:11.185722+00:00,92.36509511666667
3866,8004151,2025-06-03 06:12:07.265728+00:00,20.363253016666665
3868,8004151,2025-06-14 01:04:46.664123+00:00,0.13036591666666666
3870,8004151,2025-06-18 21:08:02.521131+00:00,1.7949695833333335
3876,8004151,2025-06-19 11:33:38.797704+00:00,26.09772045
3878,8004151,2025-06-19 22:10:26.886192+00:00,24.148439833333335
3879,8004151,2025-06-20 09:04:28.916243+00:00,169.9850175
3883,8004151,2025-06-22 08:30:25.831631+00:00,197.17886296666666
3888,8004151,2025-06-24 13:16:39.868239+00:00,0.12276826666666667
3890,8004151,2025-06-24 20:16:32.393720+00:00,8.430642633333333
3891,8004151,2025-06-25 15:50:10.928915+00:00,105.49833770000001
3892,8004151,2025-06-26 11:16:38.231232+00:00,4.1489275999999995
3898,8004151,2025-06-27 11:17:41.962923+00:00,128.66050105
3902,8004151,2025-06-27 20:05:53.610860+00:00,58.82054078333333
3903,8004151,2025-06-28 10:17:03.940717+00:00,92.3833549
3909,8004151,2025-06-30 13:16:14.848202+00:00,9.363753733333334
3910,8004151,2025-07-01 09:16:05.954516+00:00,0.3529636333333333
3913,8004151,2025-07-01 15:48:08.410559+00:00,94.32414618333334
3914,8004151,2025-07-02 06:16:04.073459+00:00,187.36697778333334
3915,8004151,2025-07-02 12:14:31.674852+00:00,74.10556026666667
3921,8004151,2025-07-03 06:25:19.058766+00:00,13.02233635
3928,8004151,2025-07-04 06:27:16.635206+00:00,0.0272787
3929,8004151,2025-07-05 14:16:55.798493+00:00,45.43611458333333
3930,8004151,2025-07-07 04:31:10.133803+00:00,20.8558637
3933,8004151,2025-07-07 13:45:29.446708+00:00,95.60364431666667
3935,8004151,2025-07-08 06:04:28.339601+00:00,4.34593285
3936,8004151,2025-07-08 14:16:15.453019+00:00,11.116189216666667
3945,8004151,2025-07-09 12:03:01.093179+00:00,38.946608149999996
3948,8004151,2025-07-10 10:16:09.494313+00:00,0.0030305333333333333
3949,8004151,2025-07-11 15:06:49.596281+00:00,82.26513471666667
3954,8004151,2025-07-14 10:17:30.292304+00:00,12.3325188
3955,8004151,2025-07-16 06:16:43.602086+00:00,0.015085233333333333
3957,8004151,2025-07-17 07:49:34.164204+00:00,38.552049200000006
3959,8004151,2025-07-17 12:32:27.337402+00:00,2.2932181666666667
3963,8004151,2025-07-17 18:59:19.364426+00:00,22.21459816666667
3964,8004151,2025-07-18 11:12:48.921632+00:00,10.778262433333333
3967,8004151,2025-07-18 17:07:35.581165+00:00,8.585381683333333
3968,8004151,2025-07-21 04:57:15.851666+00:00,356.8628665833333
3970,8004151,2025-07-21 16:54:36.659123+00:00,82.7629428
3971,8004151,2025-07-23 08:19:44.718297+00:00,38.236082483333334
3973,8004151,2025-07-24 14:29:26.584407+00:00,21.398832966666664
3976,8004151,2025-07-25 16:16:59.309845+00:00,82.72523143333333
3977,8004151,2025-07-28 11:16:54.197005+00:00,0.16642358333333332
3978,8004151,2025-08-01 07:36:01.326338+00:00,25.255482283333333
3980,8004151,2025-08-01 16:34:02.209139+00:00,19.393624900000002
3989,8004151,2025-08-05 15:00:35.689276+00:00,21.202400133333335
3990,8004151,2025-08-05 20:01:14.936229+00:00,31.956913983333333
3991,8004151,2025-08-06 06:20:31.684225+00:00,10.116876266666667
3993,8004151,2025-08-06 10:30:40.872945+00:00,151.33246695
3994,8004151,2025-08-08 05:59:26.562430+00:00,77.20400855
3995,8004151,2025-08-08 17:23:37.763337+00:00,26.208462766666667
4000,8004151,2025-08-12 21:17:55.954371+00:00,0.0006010166666666668
4001,8004151,2025-08-13 04:17:35.904130+00:00,82.10806276666668
4002,8004151,2025-08-15 17:02:42.325437+00:00,22.553746983333333
4005,8004151,2025-08-18 04:45:35.882346+00:00,12.468976
4008,8004151,2025-08-20 20:16:47.039207+00:00,23.06033665
4010,8004151,2025-08-21 04:27:21.315936+00:00,36.74074193333333
4014,8004151,2025-08-21 12:21:46.045684+00:00,50.75615505
4018,8004151,2025-08-22 16:08:07.063907+00:00,63.78099413333334
4022,8004151,2025-08-28 18:16:14.541054+00:00,35.89933736666667
4024,8004151,2025-08-30 20:16:27.378327+00:00,0.005542366666666667
4025,8004151,2025-09-01 12:17:58.180421+00:00,4.001229400000001
4032,8004151,2025-09-05 17:17:37.306242+00:00,10.349353183333333
4034,8004151,2025-09-07 10:19:11.567879+00:00,44.98189128333333
4035,8004151,2025-09-08 03:24:42.545235+00:00,27.283564683333335
4040,8004151,2025-09-08 11:37:14.511728+00:00,69.04270453333334
4043,8004151,2025-09-29 15:48:00.235735+00:00,21.992001566666666
4045,8004151,2025-09-29 20:18:01.076236+00:00,21.965044133333333
4046,8004151,2025-10-04 10:40:38.246537+00:00,116.00808941666666
4048,8004151,2025-10-06 12:17:51.432618+00:00,32.03212135
4053,8004151,2025-10-08 09:02:08.317675+00:00,19.97848545
4054,8004151,2025-10-08 14:16:11.212374+00:00,0.002423733333333333
4059,8004151,2025-10-10 19:11:27.969551+00:00,29.984177316666667
4060,8004151,2025-10-14 10:17:37.496291+00:00,0.10652370000000001
4062,8004151,2025-10-14 18:51:58.836776+00:00,14.008198266666666
4069,8004151,2025-10-15 20:16:51.522924+00:00,15.9799662
4071,8004151,2025-10-17 08:17:50.594872+00:00,0.14359399999999997
4072,8004151,2025-10-17 17:17:21.422761+00:00,53.99373881666667
4075,8004151,2025-10-23 07:58:29.395952+00:00,13.990632316666668
4077,8004151,2025-10-28 17:17:03.442341+00:00,62.219717016666664
4086,8004151,2025-11-10 13:23:14.086174+00:00,0.010177133333333333
4090,8004151,2025-11-10 21:55:23.569490+00:00,7.9955746166666675
4091,8004151,2025-11-11 09:17:23.506711+00:00,13.978792566666668
4097,8004151,2025-11-12 05:17:45.538842+00:00,10.016530249999999
4103,8004151,2025-11-12 12:22:10.303895+00:00,68.03067031666667
4105,8004151,2025-11-12 22:16:15.194283+00:00,14.21973105
4107,8004151,2025-11-13 05:14:29.361857+00:00,2.021101183333333
4109,8004151,2025-11-13 15:16:36.512314+00:00,4.106446133333333
4116,8004151,2025-11-14 03:17:20.802621+00:00,0.00061485
4117,8004151,2025-11-14 10:41:38.738689+00:00,200.92585873333334
4122,8004151,2025-11-14 23:01:18.751210+00:00,0.024389383333333334
4130,8004151,2025-11-17 04:18:08.154372+00:00,0.0022043333333333333
4139,8004151,2025-11-18 01:16:49.436549+00:00,0.0012046666666666666
4142,8004151,2025-11-18 09:22:57.709610+00:00,22.00388836666667
4144,8004151,2025-11-18 16:16:41.835943+00:00,0.004285916666666667
4148,8004151,2025-11-19 01:17:15.764920+00:00,0.0032129333333333334
4152,8004151,2025-11-19 15:17:24.065187+00:00,11.98567985
4157,8004151,2025-11-20 10:18:03.082098+00:00,19.9266207
4159,8004151,2025-11-21 07:28:52.440777+00:00,8.018434883333333
4163,8004151,2025-11-22 22:16:30.083218+00:00,0.015926316666666666
4175,8004151,2025-12-02 08:28:13.031133+00:00,37.99818223333333
4176,8004151,2025-12-04 15:16:48.187615+00:00,9.952662416666668
4180,8004151,2025-12-10 09:53:47.878733+00:00,42.00137958333333
4182,8004151,2025-12-10 17:17:58.813762+00:00,9.980152949999999
4184,8004151,2025-12-11 17:16:57.817417+00:00,0.0220317
4187,8004151,2025-12-16 08:00:46.243361+00:00,16.16267425
4190,8004151,2025-12-18 10:16:14.646789+00:00,38.03820235
4198,8004151,2025-12-29 07:31:18.626144+00:00,5.9951718
4201,8004151,2025-12-30 08:12:39.835585+00:00,45.98594815
4204,8004151,2025-12-30 15:02:39.741500+00:00,21.996758433333333
3732,8004151,2025-01-05 15:17:56.901140+00:00,6.653333333333333e-05
3736,8004151,2025-01-09 19:11:33.985380+00:00,21.99026865
3739,8004151,2025-01-10 14:15:23.344503+00:00,0.00027613333333333334
3740,8004151,2025-01-12 23:04:00.724200+00:00,14.016486533333333
3741,8004151,2025-01-13 18:11:32.937614+00:00,0.003873866666666667
3742,8004151,2025-01-15 04:49:30.396506+00:00,22.012037866666667
3746,8004151,2025-01-20 10:49:03.250524+00:00,19.972771599999998
3747,8004151,2025-01-21 09:45:28.332361+00:00,21.56551838333333
3748,8004151,2025-01-22 06:17:06.006017+00:00,33.93833345
3757,8004151,2025-01-24 22:17:21.253253+00:00,23.674718733333336
3759,8004151,2025-01-27 23:21:25.378104+00:00,39.99287211666667
3762,8004151,2025-02-04 09:17:02.031568+00:00,0.0032913666666666663
3765,8004151,2025-02-07 13:38:37.195639+00:00,18.005586033333334
3766,8004151,2025-02-08 05:17:02.399479+00:00,13.628398316666667
3767,8004151,2025-02-09 09:16:40.958270+00:00,13.941771866666667
3768,8004151,2025-02-12 10:17:02.388113+00:00,0.007106383333333333
3769,8004151,2025-02-13 04:28:37.847188+00:00,6.003231816666667
3775,8004151,2025-02-14 09:47:20.974798+00:00,1.9885924666666668
3777,8004151,2025-02-14 22:49:20.052327+00:00,82.47954188333333
3779,8004151,2025-02-16 08:55:51.537196+00:00,31.971134683333332
3784,8004151,2025-02-19 04:43:50.038852+00:00,47.99666403333333
3787,8004151,2025-02-20 15:17:50.949895+00:00,0.005517933333333333
3791,8004151,2025-02-25 14:19:49.751289+00:00,24.007640816666665
3795,8004151,2025-03-04 10:32:16.629007+00:00,86.00044138333332
3799,8004151,2025-03-05 08:16:19.096310+00:00,0.010649166666666666
3801,8004151,2025-03-06 11:28:50.549035+00:00,40.11738195
3802,8004151,2025-03-06 15:58:50.753080+00:00,18.005018316666668
3804,8004151,2025-03-07 18:36:51.303680+00:00,13.988012566666667
3806,8004151,2025-03-09 17:26:50.584051+00:00,42.0015771
3808,8004151,2025-03-14 04:46:59.474850+00:00,96.00859388333333
3811,8004151,2025-03-20 06:06:11.521664+00:00,6.80818305
3821,8004151,2025-04-02 17:03:26.735557+00:00,18.031645066666666
3824,8004151,2025-04-10 12:55:02.280353+00:00,9.238663466666667
3825,8004151,2025-04-15 04:00:24.975928+00:00,21.27744035
3828,8004151,2025-04-16 14:52:12.853324+00:00,102.03906525000001
3829,8004151,2025-04-17 10:31:26.453230+00:00,72.26030625
3832,8004151,2025-04-22 13:03:17.229840+00:00,105.69186985
3833,8004151,2025-04-22 17:17:40.647248+00:00,2.6e-05
3836,8004151,2025-04-27 06:17:51.492533+00:00,0.0016171
3838,8004151,2025-04-27 21:12:11.808181+00:00,160.69273626666666
3842,8004151,2025-04-29 07:59:17.846079+00:00,96.70713353333333
3843,8004151,2025-04-29 21:18:09.208817+00:00,0.0006793833333333334
3845,8004151,2025-05-01 11:37:30.832277+00:00,51.0589825
3851,8004151,2025-05-04 12:31:38.214157+00:00,356.86034314999995
3852,8004151,2025-05-04 23:02:25.889572+00:00,8.316666666666666e-05
3855,8004151,2025-05-05 20:37:00.530973+00:00,13.5665548
3857,8004151,2025-05-15 12:17:10.422572+00:00,0.7932990666666666
3860,8004151,2025-05-21 16:11:16.777112+00:00,12.401702133333334
3862,8004151,2025-05-26 04:11:07.181033+00:00,58.875803133333335
3864,8004151,2025-05-30 12:23:18.367870+00:00,10.045178600000002
3865,8004151,2025-06-03 04:16:15.452264+00:00,96.47002665
3867,8004151,2025-06-03 17:01:38.263022+00:00,46.0211092
3869,8004151,2025-06-16 09:16:10.459467+00:00,36.20729711666667
3871,8004151,2025-06-18 22:20:43.388737+00:00,30.248325983333334
3882,8004151,2025-06-20 18:38:39.826925+00:00,39.09859253333333
3889,8004151,2025-06-24 17:16:17.736865+00:00,0.2870694
3895,8004151,2025-06-27 02:30:38.900615+00:00,0.10137285
3901,8004151,2025-06-27 18:51:28.191541+00:00,58.04537558333333
3912,8004151,2025-07-01 14:12:35.556661+00:00,19.174873616666666
3916,8004151,2025-07-02 13:47:10.773911+00:00,22.643323266666666
3918,8004151,2025-07-02 22:17:18.740803+00:00,0.0062465
3924,8004151,2025-07-03 15:18:07.791087+00:00,41.734557466666665
3939,8004151,2025-07-08 20:16:59.046546+00:00,0.0012944833333333333
3944,8004151,2025-07-09 10:00:05.981093+00:00,85.02545578333334
3947,8004151,2025-07-10 06:04:29.801471+00:00,20.078777966666667
3950,8004151,2025-07-12 07:16:52.990385+00:00,22.693056366666667
3956,8004151,2025-07-16 09:55:26.843672+00:00,12.421582883333334
3961,8004151,2025-07-17 14:07:39.887599+00:00,7.580064133333334
3962,8004151,2025-07-17 18:17:58.797619+00:00,4.9750819
3966,8004151,2025-07-18 15:48:01.984014+00:00,12.636293349999999
3969,8004151,2025-07-21 13:16:55.426198+00:00,0.048151033333333336
3972,8004151,2025-07-24 12:17:40.598501+00:00,111.61864298333333
3975,8004151,2025-07-25 15:15:18.287611+00:00,12.623975416666667
3982,8004151,2025-08-01 20:27:22.556101+00:00,61.320072683333336
3986,8004151,2025-08-04 07:28:19.801485+00:00,15.28406275
3987,8004151,2025-08-05 09:38:25.211456+00:00,12.227170766666667
3992,8004151,2025-08-06 07:07:26.535230+00:00,20.028178283333332
3996,8004151,2025-08-10 10:52:00.184209+00:00,10.291959433333334
3997,8004151,2025-08-11 08:20:33.493106+00:00,8.35022545
3999,8004151,2025-08-12 19:08:22.825485+00:00,24.0247933
4003,8004151,2025-08-15 17:48:36.722947+00:00,1.9050660000000001
4004,8004151,2025-08-16 11:17:50.735578+00:00,0.00730875
4006,8004151,2025-08-18 05:13:35.212350+00:00,223.45018373333332
4007,8004151,2025-08-19 04:16:45.955888+00:00,65.66796441666666
4009,8004151,2025-08-20 20:55:22.246920+00:00,44.885465733333334
4012,8004151,2025-08-21 08:21:52.010172+00:00,100.02552703333335
4015,8004151,2025-08-21 13:49:01.049591+00:00,43.376938366666664
4016,8004151,2025-08-21 20:09:05.973317+00:00,0.014464533333333333
4020,8004151,2025-08-27 14:12:41.526462+00:00,6.791250783333334
4023,8004151,2025-08-29 10:27:36.418075+00:00,12.100809783333334
4033,8004151,2025-09-06 16:17:24.485689+00:00,46.39779136666667
4039,8004151,2025-09-08 10:37:35.142113+00:00,30.346637183333332
4041,8004151,2025-09-08 15:17:41.860903+00:00,0.046088583333333336
4042,8004151,2025-09-18 14:41:57.244222+00:00,12.3529472
4044,8004151,2025-09-29 19:25:59.944760+00:00,0.02123093333333333
4047,8004151,2025-10-04 14:16:39.314945+00:00,13.9943773
4049,8004151,2025-10-06 13:07:53.536967+00:00,39.99761263333333
4052,8004151,2025-10-08 08:26:07.259115+00:00,15.995006216666667
4055,8004151,2025-10-10 13:03:05.115721+00:00,30.00190266666667
4058,8004151,2025-10-10 18:17:27.334054+00:00,37.984091033333335
4063,8004151,2025-10-14 20:16:13.710311+00:00,30.000136766666667
4065,8004151,2025-10-15 09:29:35.358652+00:00,118.29048653333332
4068,8004151,2025-10-15 18:16:42.008504+00:00,70.15033783333334
4070,8004151,2025-10-16 15:16:55.582868+00:00,13.983373883333334
4073,8004151,2025-10-17 18:29:21.331204+00:00,2.007450433333333
4074,8004151,2025-10-23 06:50:11.325982+00:00,26.050981983333333
4076,8004151,2025-10-24 10:05:48.894283+00:00,19.990258649999998
4078,8004151,2025-10-28 19:17:19.252337+00:00,0.0118373
4079,8004151,2025-10-29 13:17:03.760279+00:00,52.21575245
4084,8004151,2025-11-10 10:16:55.204268+00:00,74.01326653333334
4089,8004151,2025-11-10 21:25:27.866351+00:00,0.0035930666666666665
4096,8004151,2025-11-12 03:20:10.526188+00:00,0.020390516666666667
4100,8004151,2025-11-12 09:22:05.609971+00:00,11.998307016666667
4106,8004151,2025-11-12 23:00:28.461412+00:00,0.017751566666666666
4108,8004151,2025-11-13 06:12:28.653534+00:00,0.0010780999999999998
4114,8004151,2025-11-14 01:17:20.889857+00:00,0.0029747333333333334
4118,8004151,2025-11-14 16:54:37.778492+00:00,74.13578786666667
4121,8004151,2025-11-14 22:16:59.885323+00:00,6.29899075
4131,8004151,2025-11-17 05:16:07.618572+00:00,0.0015696166666666666
4132,8004151,2025-11-17 12:08:56.510502+00:00,0.011800966666666666
4135,8004151,2025-11-17 17:02:07.450010+00:00,19.996334666666666
4138,8004151,2025-11-18 00:16:49.533379+00:00,0.0020181
4143,8004151,2025-11-18 12:11:04.813178+00:00,6.2001978499999995
4146,8004151,2025-11-18 23:17:16.049051+00:00,0.0042380000000000004
4156,8004151,2025-11-20 07:17:58.199068+00:00,3.9610545166666666
4158,8004151,2025-11-20 22:16:25.957765+00:00,0.01451095
4160,8004151,2025-11-21 13:25:33.427318+00:00,42.10406006666666
4161,8004151,2025-11-21 22:18:01.197864+00:00,4.121994016666666
4162,8004151,2025-11-22 05:00:08.097928+00:00,16.00555075
4168,8004151,2025-11-23 13:16:50.052052+00:00,87.98826671666667
4169,8004151,2025-11-24 08:16:50.424667+00:00,0.013121433333333333
4170,8004151,2025-11-24 19:17:27.433838+00:00,0.04964335
4177,8004151,2025-12-05 06:53:21.147591+00:00,16.0013593
4178,8004151,2025-12-06 19:16:33.261275+00:00,0.0032055166666666666
4179,8004151,2025-12-10 07:01:49.890805+00:00,19.98089698333333
4181,8004151,2025-12-10 12:17:50.446743+00:00,7.964173883333333
4185,8004151,2025-12-11 21:49:26.927873+00:00,42.3752235
4186,8004151,2025-12-14 17:12:24.373596+00:00,7.995469533333333
4188,8004151,2025-12-16 14:17:49.172761+00:00,0.022320333333333334
4189,8004151,2025-12-17 08:17:01.082962+00:00,119.99798581666667
4193,8004151,2025-12-19 19:17:07.039336+00:00,21.984033483333334
4196,8004151,2025-12-21 06:23:58.794339+00:00,115.99786098333334
4197,8004151,2025-12-27 16:17:24.564184+00:00,17.942875116666666
4199,8004151,2025-12-29 08:17:18.595913+00:00,25.9924903
4200,8004151,2025-12-30 05:38:39.223328+00:00,108.00484091666667
4205,8004151,2025-12-30 17:16:44.231612+00:00,85.99068036666667
4206,8004151,2025-12-30 21:16:44.330286+00:00,11.986268733333333
4207,8004151,2025-12-31 08:16:50.466499+00:00,5.995742033333333
4208,8004158,2025-01-02 11:13:35.414609+00:00,21.970344516666668
4209,8004158,2025-01-04 14:09:33.882762+00:00,19.996176166666665
4211,8004158,2025-01-05 18:07:33.871137+00:00,93.99904636666666
4212,8004158,2025-01-07 08:17:34.029877+00:00,0.005528066666666666
4214,8004158,2025-01-10 10:43:11.418811+00:00,0.00087005
4217,8004158,2025-01-15 19:17:10.336552+00:00,37.880659466666664
4224,8004158,2025-01-22 10:27:03.380082+00:00,47.999945333333336
4225,8004158,2025-01-23 11:51:02.919885+00:00,19.990369283333333
4227,8004158,2025-01-24 10:55:03.368541+00:00,34.007939400000005
4230,8004158,2025-01-27 22:17:56.060395+00:00,23.508186016666667
4231,8004158,2025-01-30 12:16:39.155231+00:00,19.7774412
4232,8004158,2025-02-03 15:14:39.189470+00:00,2.0153538
4234,8004158,2025-02-07 13:02:39.163706+00:00,41.9897538
4236,8004158,2025-02-12 10:17:03.390896+00:00,0.0010606333333333334
4237,8004158,2025-02-13 16:25:22.065129+00:00,50.00180461666666
4240,8004158,2025-02-14 08:01:21.200967+00:00,28.0014109
4242,8004158,2025-02-14 22:45:21.357622+00:00,86.47139746666667
4245,8004158,2025-02-16 09:53:53.434643+00:00,279.9498092
4246,8004158,2025-02-16 14:53:49.959169+00:00,13.996579866666668
4249,8004158,2025-02-19 07:15:51.611772+00:00,59.98282961666666
4250,8004158,2025-02-20 10:53:52.154344+00:00,17.97914495
4251,8004158,2025-02-23 12:21:50.154344+00:00,61.997457116666666
4252,8004158,2025-02-23 21:03:50.725037+00:00,85.99199663333334
4254,8004158,2025-02-25 15:09:51.148933+00:00,18.002671933333332
4255,8004158,2025-02-26 09:07:51.440555+00:00,23.98083826666667
4257,8004158,2025-03-04 11:36:18.231350+00:00,117.98570886666667
4259,8004158,2025-03-05 11:14:17.345079+00:00,10.023377616666666
4261,8004158,2025-03-08 18:44:51.668776+00:00,164.00569756666667
4262,8004158,2025-03-09 17:42:52.650663+00:00,45.990350150000005
4265,8004158,2025-03-17 07:17:02.618509+00:00,75.96539863333334
4266,8004158,2025-03-19 14:43:11.029926+00:00,10.220130216666666
4269,8004158,2025-03-23 13:52:35.756481+00:00,0.0030383666666666666
4270,8004158,2025-03-25 06:08:48.510363+00:00,69.24846941666667
4271,8004158,2025-03-28 09:55:04.926623+00:00,57.97691856666667
4272,8004158,2025-03-31 10:17:53.142364+00:00,0.13092155
4273,8004158,2025-04-08 04:16:43.123466+00:00,32.64188996666667
4276,8004158,2025-04-16 15:57:23.968411+00:00,37.44342115
4279,8004158,2025-04-22 13:12:33.035602+00:00,90.22246828333333
4280,8004158,2025-04-27 06:16:46.678245+00:00,0.7388644666666667
4283,8004158,2025-04-27 23:08:05.679443+00:00,43.55123343333333
4286,8004158,2025-04-28 15:38:49.533181+00:00,19.1664175
4287,8004158,2025-04-29 08:05:05.236503+00:00,55.5913599
4289,8004158,2025-05-01 13:08:50.828771+00:00,43.99512798333333
4291,8004158,2025-05-02 21:03:02.042963+00:00,29.578375583333333
4292,8004158,2025-05-04 12:13:56.852765+00:00,359.062142
4294,8004158,2025-05-05 08:30:10.826078+00:00,42.91363663333333
4301,8004158,2025-05-20 16:17:28.416868+00:00,26.43620405
4302,8004158,2025-05-24 09:31:53.733249+00:00,99.69651315
4307,8004158,2025-05-26 16:40:23.503589+00:00,0.05559178333333333
4309,8004158,2025-06-03 04:44:06.075822+00:00,98.43312856666667
4311,8004158,2025-06-11 15:31:41.339209+00:00,0.0067858
4312,8004158,2025-06-13 17:17:53.131435+00:00,59.6515109
4313,8004158,2025-06-14 05:02:58.952551+00:00,55.758379633333334
4314,8004158,2025-06-16 05:00:01.296626+00:00,40.60705115
4315,8004158,2025-06-19 18:27:01.238050+00:00,181.8867175
4317,8004158,2025-06-20 11:17:56.079712+00:00,0.0040532499999999996
4318,8004158,2025-06-22 08:20:49.057709+00:00,183.12096866666667
4319,8004158,2025-06-22 14:03:58.847114+00:00,81.37446171666667
4320,8004158,2025-06-24 07:54:18.330391+00:00,57.84666853333333
4321,8004158,2025-06-24 13:17:04.975498+00:00,0.04263695
4323,8004158,2025-06-25 15:46:22.566229+00:00,109.45872639999999
4324,8004158,2025-06-27 02:30:57.730214+00:00,0.12125851666666666
4328,8004158,2025-06-27 13:14:03.077691+00:00,25.416523183333332
4329,8004158,2025-06-28 10:17:28.986621+00:00,78.33966435
4330,8004158,2025-06-30 05:19:15.055543+00:00,136.60199268333332
4331,8004158,2025-06-30 13:16:31.062638+00:00,5.459715383333333
4332,8004158,2025-07-01 09:16:54.040626+00:00,8.03583175
4335,8004158,2025-07-01 17:16:17.286804+00:00,8.175850716666666
4337,8004158,2025-07-02 12:44:14.826664+00:00,48.95365186666667
4342,8004158,2025-07-03 06:27:46.464209+00:00,10.834371633333335
4345,8004158,2025-07-03 22:17:53.951767+00:00,0.0015203666666666665
4349,8004158,2025-07-04 06:27:30.538069+00:00,0.018187233333333334
4352,8004158,2025-07-07 04:31:20.015290+00:00,20.81737085
4355,8004158,2025-07-07 13:56:16.601551+00:00,37.837737716666666
4357,8004158,2025-07-10 11:16:19.929898+00:00,0.022965016666666668
4364,8004158,2025-07-16 06:16:51.964684+00:00,0.007759433333333333
4365,8004158,2025-07-18 11:12:57.583165+00:00,11.989840333333332
4368,8004158,2025-07-18 18:07:47.457840+00:00,0.004713616666666667
4374,8004158,2025-07-21 16:54:51.213635+00:00,103.23818645
4376,8004158,2025-07-24 14:31:34.036927+00:00,26.188096583333333
4378,8004158,2025-07-25 16:31:13.858736+00:00,66.81228571666666
4379,8004158,2025-07-28 11:17:23.299661+00:00,0.11089566666666667
4384,8004158,2025-08-01 20:21:21.880763+00:00,70.53436865
4386,8004158,2025-08-06 12:24:29.073768+00:00,57.755017583333334
4387,8004158,2025-08-08 05:59:44.301286+00:00,70.1073652
4389,8004158,2025-08-11 19:43:51.475548+00:00,22.422271266666666
4390,8004158,2025-08-12 21:17:58.005373+00:00,9.436666666666668e-05
4396,8004158,2025-08-19 04:17:02.187539+00:00,75.69124964999999
4398,8004158,2025-08-20 21:00:39.233248+00:00,46.08597763333333
4399,8004158,2025-08-21 09:51:02.242544+00:00,190.86778306666665
4404,8004158,2025-08-27 13:03:44.490236+00:00,8.0378699
4405,8004158,2025-08-28 18:16:14.651519+00:00,39.408877849999996
4406,8004158,2025-08-30 20:16:27.462312+00:00,0.005402083333333333
4407,8004158,2025-09-04 13:39:12.536163+00:00,0.03771518333333333
4408,8004158,2025-09-05 11:28:43.589135+00:00,24.056032266666666
4409,8004158,2025-09-05 17:17:37.445254+00:00,14.370979166666666
4411,8004158,2025-09-06 16:38:53.108701+00:00,30.62717535
4413,8004158,2025-09-07 10:34:34.545604+00:00,31.598695183333334
4417,8004158,2025-09-08 05:35:59.009454+00:00,47.96441621666667
4421,8004158,2025-09-08 11:37:14.702894+00:00,28.961733016666667
4424,8004158,2025-09-29 15:56:00.980732+00:00,11.995094933333332
4425,8004158,2025-09-29 20:18:01.242068+00:00,21.962469199999997
4427,8004158,2025-10-04 14:16:39.739733+00:00,13.979909166666665
4428,8004158,2025-10-06 12:17:51.516555+00:00,8.034315683333334
4432,8004158,2025-10-08 09:12:08.510721+00:00,35.98241718333334
4433,8004158,2025-10-08 14:18:10.364092+00:00,0.004344483333333333
4434,8004158,2025-10-10 14:17:13.204473+00:00,85.97869326666667
4435,8004158,2025-10-10 18:17:27.493955+00:00,83.98415153333333
4436,8004158,2025-10-14 10:17:27.205117+00:00,0.061054616666666665
4437,8004158,2025-10-14 20:16:13.724383+00:00,32.00648685
4438,8004158,2025-10-15 10:09:37.061826+00:00,70.26238941666666
4440,8004158,2025-10-15 20:16:50.392005+00:00,19.99521155
4441,8004158,2025-10-17 23:33:58.823195+00:00,23.982162783333333
4443,8004158,2025-10-23 07:56:29.267145+00:00,13.994801050000001
4444,8004158,2025-10-28 17:23:05.391099+00:00,62.20191443333333
4448,8004158,2025-11-10 13:23:13.808531+00:00,0.015344
4452,8004158,2025-11-11 09:17:23.623421+00:00,13.98221415
4453,8004158,2025-11-11 18:22:12.622513+00:00,0.007258633333333334
4454,8004158,2025-11-11 23:00:28.001790+00:00,9.999045800000001
4462,8004158,2025-11-13 05:14:29.782365+00:00,2.0114080833333334
4464,8004158,2025-11-13 15:16:36.581451+00:00,8.112698700000001
4465,8004158,2025-11-13 22:16:51.673279+00:00,0.018722866666666668
4466,8004158,2025-11-14 02:17:20.766416+00:00,0.0005768333333333334
4467,8004158,2025-11-14 10:44:32.450236+00:00,190.03116826666667
4473,8004158,2025-11-16 22:17:42.948288+00:00,16.412291733333333
4474,8004158,2025-11-17 17:18:10.192352+00:00,11.943584666666668
4479,8004158,2025-11-18 01:16:50.071114+00:00,0.0020358166666666665
4484,8004158,2025-11-18 16:16:41.940168+00:00,0.0032982666666666665
4488,8004158,2025-11-19 01:17:15.743913+00:00,0.0027311333333333338
4489,8004158,2025-11-19 06:27:21.816745+00:00,2.0242913
4492,8004158,2025-11-19 15:17:24.241842+00:00,11.975376966666666
4494,8004158,2025-11-20 10:17:59.580069+00:00,19.987723633333335
4495,8004158,2025-11-20 22:16:25.974555+00:00,0.009218200000000001
4496,8004158,2025-11-21 07:28:52.602368+00:00,8.012080266666667
4497,8004158,2025-11-21 22:18:01.077852+00:00,0.006188083333333333
4498,8004158,2025-11-22 05:00:08.563534+00:00,0.017013249999999997
4499,8004158,2025-11-22 22:16:30.222454+00:00,0.007352083333333333
4502,8004158,2025-11-23 13:16:50.205768+00:00,0.0030736166666666667
4504,8004158,2025-11-24 19:17:27.030806+00:00,0.02705673333333333
4505,8004158,2025-12-02 07:04:09.703362+00:00,118.07146498333333
4506,8004158,2025-12-04 15:16:48.232682+00:00,13.958816033333333
4510,8004158,2025-12-10 09:53:48.518891+00:00,71.98094546666667
4512,8004158,2025-12-10 17:17:59.075406+00:00,8.0041149
4514,8004158,2025-12-11 17:16:58.294468+00:00,0.022810683333333335
4517,8004158,2025-12-17 08:17:00.628401+00:00,120.03453113333333
4522,8004158,2025-12-19 19:35:05.850226+00:00,9.994867316666667
4527,8004158,2025-12-21 07:23:59.061738+00:00,20.003643183333335
4528,8004158,2025-12-23 11:26:14.992202+00:00,20.00413563333333
4530,8004158,2025-12-27 17:27:21.021144+00:00,20.00751705
4531,8004158,2025-12-29 07:31:18.461526+00:00,0.0212825
4533,8004158,2025-12-30 05:36:39.313243+00:00,168.00888543333335
4210,8004158,2025-01-05 15:17:33.786927+00:00,0.004211183333333333
4213,8004158,2025-01-09 16:13:11.764959+00:00,4.005784483333334
4215,8004158,2025-01-13 18:11:36.575871+00:00,0.0008587666666666667
4218,8004158,2025-01-20 10:47:03.137902+00:00,36.00927181666667
4219,8004158,2025-01-21 09:45:32.233391+00:00,19.516963816666664
4220,8004158,2025-01-22 06:25:04.856738+00:00,11.9817123
4228,8004158,2025-01-24 12:27:03.401845+00:00,82.00248445000001
4229,8004158,2025-01-24 22:15:02.998549+00:00,24.00780325
4233,8004158,2025-02-07 11:08:42.876102+00:00,39.92206806666666
4235,8004158,2025-02-09 09:16:43.066799+00:00,1.9231170333333334
4239,8004158,2025-02-14 06:11:23.295392+00:00,93.97897841666666
4241,8004158,2025-02-14 22:17:50.322404+00:00,0.004921783333333333
4244,8004158,2025-02-16 09:05:50.783706+00:00,22.007832383333334
4248,8004158,2025-02-19 04:39:51.216336+00:00,138.00222226666668
4253,8004158,2025-02-25 14:17:50.872222+00:00,16.001766133333334
4256,8004158,2025-03-04 10:08:17.261747+00:00,50.0003639
4258,8004158,2025-03-05 08:16:21.920759+00:00,0.006448733333333333
4260,8004158,2025-03-06 11:24:52.462953+00:00,39.99001356666667
4263,8004158,2025-03-14 04:47:00.448962+00:00,77.99610320000001
4274,8004158,2025-04-15 04:12:15.611475+00:00,8.055056133333332
4281,8004158,2025-04-27 17:16:30.718193+00:00,0.0032019500000000003
4288,8004158,2025-05-01 11:31:10.112966+00:00,30.917289283333332
4290,8004158,2025-05-02 19:48:54.014683+00:00,21.516253116666668
4293,8004158,2025-05-04 23:01:04.667128+00:00,0.017446316666666666
4295,8004158,2025-05-05 16:00:00.017308+00:00,12.1163822
4299,8004158,2025-05-14 16:44:24.134248+00:00,21.950470916666667
4300,8004158,2025-05-15 12:18:05.916300+00:00,0.003928166666666667
4303,8004158,2025-05-26 04:11:24.268865+00:00,5.347858583333333
4308,8004158,2025-06-03 04:16:27.405844+00:00,3.97099255
4310,8004158,2025-06-10 10:39:59.225257+00:00,16.78643965
4322,8004158,2025-06-24 17:17:10.211274+00:00,0.007608666666666666
4336,8004158,2025-07-02 06:16:22.143825+00:00,195.6289926
4344,8004158,2025-07-03 14:17:52.025946+00:00,0.01583015
4346,8004158,2025-07-03 23:17:35.801186+00:00,0.009844283333333334
4351,8004158,2025-07-05 16:18:32.305515+00:00,15.260536666666667
4356,8004158,2025-07-08 20:16:59.835704+00:00,0.0010570833333333333
4358,8004158,2025-07-11 15:16:07.780885+00:00,69.6816646
4370,8004158,2025-07-21 06:18:06.875880+00:00,93.69543031666667
4377,8004158,2025-07-25 15:13:11.563326+00:00,52.07253625
4388,8004158,2025-08-11 08:02:32.185596+00:00,20.48761178333333
4393,8004158,2025-08-16 11:17:52.629788+00:00,0.00016146666666666667
4395,8004158,2025-08-18 08:11:55.447052+00:00,41.76779115
4400,8004158,2025-08-21 20:09:13.404080+00:00,0.005218166666666666
4401,8004158,2025-08-22 14:54:05.717820+00:00,57.4535555
4410,8004158,2025-09-06 16:17:47.468574+00:00,1.9388125833333334
4414,8004158,2025-09-07 11:28:05.894794+00:00,18.344237433333333
4419,8004158,2025-09-08 08:41:28.045688+00:00,50.93301066666667
4422,8004158,2025-09-08 15:17:41.913203+00:00,0.037920749999999996
4423,8004158,2025-09-18 14:41:57.492110+00:00,24.442917983333334
4429,8004158,2025-10-06 13:09:53.418928+00:00,44.00184455
4431,8004158,2025-10-08 08:26:07.294958+00:00,14.003116716666666
4439,8004158,2025-10-15 18:16:41.781636+00:00,64.14308883333334
4442,8004158,2025-10-23 05:54:08.925520+00:00,76.04083203333333
4445,8004158,2025-10-28 19:17:19.174902+00:00,0.008954916666666667
4446,8004158,2025-11-10 10:16:55.476730+00:00,74.00854671666666
4455,8004158,2025-11-12 03:20:10.762929+00:00,0.003504283333333333
4457,8004158,2025-11-12 12:18:12.093729+00:00,65.99866143333334
4463,8004158,2025-11-13 06:12:28.849125+00:00,0.00033736666666666666
4468,8004158,2025-11-14 16:46:39.027848+00:00,58.112998999999995
4475,8004158,2025-11-17 19:08:06.615418+00:00,26.266751583333335
4481,8004158,2025-11-18 08:20:57.600306+00:00,14.01148945
4491,8004158,2025-11-19 14:17:23.187114+00:00,0.004259783333333334
4493,8004158,2025-11-20 07:17:57.774683+00:00,11.98805975
4503,8004158,2025-11-24 07:56:49.850846+00:00,20.018596549999998
4507,8004158,2025-12-05 06:45:21.160362+00:00,21.997016533333333
4508,8004158,2025-12-05 22:12:01.200911+00:00,10.0702178
4509,8004158,2025-12-06 19:16:33.758196+00:00,0.005864449999999999
4511,8004158,2025-12-10 12:17:50.446527+00:00,1.9593778499999999
4515,8004158,2025-12-16 08:16:55.303317+00:00,0.0018360666666666667
4516,8004158,2025-12-16 14:17:49.234869+00:00,0.023126616666666665
4521,8004158,2025-12-19 19:17:06.998799+00:00,0.029265616666666664
4525,8004158,2025-12-20 19:35:27.745039+00:00,12.0070856
4526,8004158,2025-12-21 06:23:58.926586+00:00,40.003906300000004
4529,8004158,2025-12-27 16:17:24.888906+00:00,13.942609716666668
4532,8004158,2025-12-29 08:17:18.385792+00:00,28.002877183333332
4535,8004158,2025-12-30 13:44:39.867832+00:00,43.993316899999996
4536,8004158,2025-12-30 21:16:44.250980+00:00,5.9830539
4537,8004158,2025-12-31 08:16:50.753442+00:00,0.01287725
4538,8004179,2025-01-04 14:41:54.767217+00:00,22.00431545
4541,8004179,2025-01-05 19:31:54.002259+00:00,5.9920460166666665
4542,8004179,2025-01-07 08:17:56.356857+00:00,5.873333333333333e-05
4545,8004179,2025-01-10 10:43:31.877558+00:00,17.981483066666666
4551,8004179,2025-01-15 19:17:14.907071+00:00,19.834177483333335
4552,8004179,2025-01-18 09:17:04.267969+00:00,0.0008073833333333333
4558,8004179,2025-01-22 08:53:06.861724+00:00,135.97536078333331
4559,8004179,2025-01-22 19:17:27.516306+00:00,0.0017564333333333333
4560,8004179,2025-01-24 09:51:05.453216+00:00,42.02033386666667
4565,8004179,2025-01-27 23:25:27.207386+00:00,67.99723696666666
4566,8004179,2025-01-30 12:16:45.658825+00:00,19.7030225
4567,8004179,2025-02-03 15:12:40.932370+00:00,4.052074916666666
4576,8004179,2025-02-13 16:19:24.062514+00:00,74.0025982
4580,8004179,2025-02-14 08:17:32.977244+00:00,7.869213683333333
4582,8004179,2025-02-14 22:17:53.430042+00:00,3.500707583333333
4588,8004179,2025-02-18 16:47:54.175536+00:00,16.02120315
4589,8004179,2025-02-18 21:17:52.458317+00:00,0.0003180666666666667
4591,8004179,2025-02-19 05:23:53.311903+00:00,156.0234604833333
4593,8004179,2025-02-20 10:47:53.235023+00:00,18.003801783333333
4595,8004179,2025-02-23 12:03:53.024920+00:00,73.98255941666666
4596,8004179,2025-02-23 21:07:53.916681+00:00,75.97420115
4598,8004179,2025-02-25 15:03:53.552778+00:00,21.984388666666668
4599,8004179,2025-02-26 09:03:54.972926+00:00,29.97211863333333
4600,8004179,2025-02-27 18:39:54.858710+00:00,13.991129083333334
4604,8004179,2025-03-04 14:16:20.913682+00:00,3.974197316666667
4606,8004179,2025-03-05 14:08:19.639531+00:00,8.035939
4607,8004179,2025-03-05 22:16:51.245431+00:00,0.00769555
4609,8004179,2025-03-07 18:16:56.429331+00:00,35.95511943333334
4611,8004179,2025-03-08 19:48:55.702815+00:00,77.97398338333333
4612,8004179,2025-03-12 14:17:19.688810+00:00,0.00043231666666666667
4617,8004179,2025-03-17 08:05:02.536860+00:00,23.99040335
4621,8004179,2025-03-24 07:31:37.364992+00:00,18.062057283333335
4623,8004179,2025-03-25 05:46:30.952697+00:00,91.79581021666667
4624,8004179,2025-03-25 12:40:02.669492+00:00,47.428280066666666
4625,8004179,2025-03-26 19:58:50.396164+00:00,37.597549083333334
4626,8004179,2025-03-28 09:17:27.554244+00:00,95.85963533333333
4627,8004179,2025-03-31 08:18:15.378910+00:00,0.040231833333333335
4629,8004179,2025-04-08 04:18:54.754462+00:00,61.54732186666667
4631,8004179,2025-04-15 04:19:22.896631+00:00,35.518058249999996
4632,8004179,2025-04-16 13:17:41.890771+00:00,13.156856683333332
4636,8004179,2025-04-17 13:17:36.135779+00:00,0.014986533333333333
4640,8004179,2025-04-24 19:22:32.783772+00:00,29.578050466666664
4643,8004179,2025-04-27 17:16:45.606367+00:00,11.851886033333333
4646,8004179,2025-04-28 14:04:08.733641+00:00,103.45936945
4649,8004179,2025-05-01 11:48:31.049557+00:00,108.05212543333333
4651,8004179,2025-05-02 14:12:01.617004+00:00,18.757836066666666
4652,8004179,2025-05-02 20:03:12.911122+00:00,87.34648238333332
4655,8004179,2025-05-05 08:30:40.146832+00:00,69.98931883333333
4661,8004179,2025-05-09 06:16:56.376275+00:00,15.965999033333333
4663,8004179,2025-05-20 16:17:48.554441+00:00,8.271197066666666
4664,8004179,2025-05-21 06:41:48.972934+00:00,0.010505333333333334
4666,8004179,2025-05-22 10:09:52.481484+00:00,24.476000866666666
4667,8004179,2025-05-23 18:16:42.152443+00:00,14.052589316666666
4668,8004179,2025-05-24 09:30:32.482087+00:00,93.37332036666666
4670,8004179,2025-05-26 10:14:07.978326+00:00,66.31849436666667
4671,8004179,2025-05-26 16:41:08.570864+00:00,0.02963281666666667
4674,8004179,2025-05-30 20:17:09.436010+00:00,13.812874266666666
4675,8004179,2025-05-31 14:17:14.481535+00:00,0.07016918333333333
4678,8004179,2025-06-04 07:37:54.450818+00:00,43.69620533333333
4681,8004179,2025-06-11 15:31:53.962487+00:00,16.289058666666666
4682,8004179,2025-06-13 17:18:15.685834+00:00,51.33142935
4683,8004179,2025-06-14 12:17:45.746242+00:00,0.015408033333333333
4684,8004179,2025-06-16 04:11:25.862443+00:00,26.670331733333335
4687,8004179,2025-06-16 09:38:59.281911+00:00,53.015288250000005
4689,8004179,2025-06-19 03:53:44.036628+00:00,20.147530716666665
4695,8004179,2025-06-19 12:53:43.244568+00:00,14.7513664
4697,8004179,2025-06-19 22:08:52.716252+00:00,26.017892733333333
4698,8004179,2025-06-20 09:14:41.453028+00:00,156.35253436666665
4703,8004179,2025-06-21 18:53:18.796240+00:00,38.880456716666664
4704,8004179,2025-06-22 08:21:03.491595+00:00,139.37495625000003
4706,8004179,2025-06-22 14:10:50.660368+00:00,91.18905223333333
4709,8004179,2025-06-24 13:17:23.974334+00:00,0.018143066666666666
4712,8004179,2025-06-25 15:17:07.395354+00:00,136.86871896666668
4713,8004179,2025-06-26 11:13:10.093657+00:00,14.883129116666668
4723,8004179,2025-06-28 10:17:32.729806+00:00,72.16386793333332
4724,8004179,2025-06-30 05:19:33.172813+00:00,119.62650090000001
4726,8004179,2025-06-30 13:16:53.246155+00:00,0.009818833333333334
4727,8004179,2025-07-01 09:17:11.600059+00:00,8.007746233333332
4730,8004179,2025-07-01 15:48:38.226145+00:00,94.34231396666668
4732,8004179,2025-07-02 12:17:18.404659+00:00,73.84245941666667
4737,8004179,2025-07-03 06:17:16.032810+00:00,19.200647800000002
4742,8004179,2025-07-04 06:27:54.481440+00:00,0.0240569
4745,8004179,2025-07-07 04:29:41.180581+00:00,22.730900283333334
4748,8004179,2025-07-07 13:45:56.706418+00:00,93.37657956666666
4750,8004179,2025-07-08 06:01:39.418025+00:00,14.620619566666667
4752,8004179,2025-07-08 15:24:02.900569+00:00,57.88847663333333
4756,8004179,2025-07-09 08:47:21.977001+00:00,46.07852131666667
4759,8004179,2025-07-10 11:16:47.009833+00:00,0.05158321666666667
4765,8004179,2025-07-12 13:38:51.793862+00:00,53.1468612
4767,8004179,2025-07-14 10:09:27.444922+00:00,3.9235763833333333
4768,8004179,2025-07-16 06:17:13.883056+00:00,0.019810633333333334
4771,8004179,2025-07-17 12:32:51.554585+00:00,2.2612252500000003
4775,8004179,2025-07-17 18:54:25.058388+00:00,25.15536275
4776,8004179,2025-07-18 11:13:14.864118+00:00,10.591906616666668
4780,8004179,2025-07-18 18:08:06.799846+00:00,11.391888166666666
4781,8004179,2025-07-21 04:48:39.575516+00:00,354.49516873333334
4783,8004179,2025-07-21 16:51:13.162111+00:00,107.12616208333334
4787,8004179,2025-07-24 14:28:05.868948+00:00,23.17997946666667
4788,8004179,2025-07-25 16:17:31.858167+00:00,80.79687955
4790,8004179,2025-07-28 11:17:44.925925+00:00,0.01739981666666667
4791,8004179,2025-08-01 07:53:12.299876+00:00,17.6234212
4793,8004179,2025-08-01 15:10:30.315338+00:00,43.41272995
4801,8004179,2025-08-03 15:07:00.168761+00:00,45.3001706
4804,8004179,2025-08-05 12:17:36.590889+00:00,0.010527100000000001
4805,8004179,2025-08-05 19:34:34.128384+00:00,69.31237225
4807,8004179,2025-08-06 06:12:45.214640+00:00,83.25486743333333
4808,8004179,2025-08-06 10:31:06.354435+00:00,175.3881924833333
4810,8004179,2025-08-08 09:16:07.901274+00:00,0.013901216666666666
4811,8004179,2025-08-08 16:43:00.656203+00:00,55.3231358
4816,8004179,2025-08-12 21:18:00.623980+00:00,1.03e-05
4817,8004179,2025-08-13 03:13:49.018898+00:00,132.19718763333333
4822,8004179,2025-08-20 20:55:47.348413+00:00,41.0548221
4824,8004179,2025-08-21 13:49:04.441283+00:00,45.64275873333334
4826,8004179,2025-08-22 14:45:43.309898+00:00,143.20118716666667
4830,8004179,2025-08-28 18:16:14.680898+00:00,32.9297687
4832,8004179,2025-08-30 20:16:27.533283+00:00,0.004890149999999999
4833,8004179,2025-09-01 12:17:58.257049+00:00,0.010487366666666666
4839,8004179,2025-09-05 17:17:37.460247+00:00,12.162597633333332
4841,8004179,2025-09-06 16:45:42.829106+00:00,35.08922881666667
4842,8004179,2025-09-07 10:23:00.252185+00:00,37.16435356666667
4844,8004179,2025-09-08 06:00:05.384920+00:00,32.78668461666667
4847,8004179,2025-09-08 11:37:14.696392+00:00,55.043930950000004
4850,8004179,2025-09-29 15:44:00.166304+00:00,24.02952985
4852,8004179,2025-09-29 20:18:01.569900+00:00,21.9606154
4853,8004179,2025-10-04 10:40:38.308571+00:00,133.9953463
4855,8004179,2025-10-06 12:17:52.444768+00:00,28.022857466666668
4861,8004179,2025-10-08 09:02:08.945246+00:00,21.96909948333333
4862,8004179,2025-10-08 14:16:11.059179+00:00,0.00254835
4865,8004179,2025-10-10 16:05:11.760352+00:00,12.052365616666666
4867,8004179,2025-10-14 10:17:42.357028+00:00,0.13946933333333333
4870,8004179,2025-10-14 18:47:59.339927+00:00,15.99407825
4875,8004179,2025-10-15 12:57:55.349319+00:00,10.001893066666666
4878,8004179,2025-10-15 20:16:51.752278+00:00,13.973967316666666
4880,8004179,2025-10-17 08:17:50.867570+00:00,0.15048674999999997
4881,8004179,2025-10-17 17:17:21.752528+00:00,54.00162838333333
4884,8004179,2025-10-23 07:50:17.909610+00:00,18.197990816666668
4886,8004179,2025-10-28 17:17:03.702681+00:00,64.20806631666667
4889,8004179,2025-11-10 05:30:32.679360+00:00,8.0027677
4899,8004179,2025-11-10 21:55:23.762568+00:00,18.001307100000002
4900,8004179,2025-11-11 09:17:26.094301+00:00,0.05067331666666666
4901,8004179,2025-11-11 18:22:12.792691+00:00,0.0066282500000000005
4902,8004179,2025-11-11 23:00:27.939590+00:00,16.01231375
4905,8004179,2025-11-12 05:17:45.846810+00:00,6.01667905
4909,8004179,2025-11-12 12:22:12.018495+00:00,65.9989731
4911,8004179,2025-11-12 22:16:15.853572+00:00,0.00862575
4913,8004179,2025-11-13 05:14:29.394496+00:00,2.026941566666667
4920,8004179,2025-11-14 04:17:21.812306+00:00,0.0015527666666666667
4921,8004179,2025-11-14 10:50:15.773031+00:00,188.31100061666666
4922,8004179,2025-11-14 17:34:46.196737+00:00,86.14838976666667
4934,8004179,2025-11-17 04:16:07.436465+00:00,0.00144
4943,8004179,2025-11-18 01:16:49.774708+00:00,0.0004425
4946,8004179,2025-11-18 09:04:57.908199+00:00,40.00310325
4956,8004179,2025-11-19 15:17:24.526182+00:00,11.99238995
4961,8004179,2025-11-20 10:18:03.262672+00:00,19.930697633333335
4963,8004179,2025-11-21 07:28:53.013312+00:00,8.011409983333333
4967,8004179,2025-11-22 22:16:30.843242+00:00,0.01556505
4976,8004179,2025-11-26 13:18:08.118347+00:00,39.99262111666667
4977,8004179,2025-11-30 08:42:35.984936+00:00,13.993663433333333
4978,8004179,2025-12-02 07:04:09.362450+00:00,106.05997803333334
4979,8004179,2025-12-04 15:16:48.686339+00:00,7.960659183333333
4984,8004179,2025-12-10 09:51:47.850438+00:00,73.99411773333333
4986,8004179,2025-12-10 17:17:59.226394+00:00,19.976517349999998
4988,8004179,2025-12-11 17:16:58.031623+00:00,0.017940750000000002
4991,8004179,2025-12-16 08:02:46.420611+00:00,14.151211216666667
4994,8004179,2025-12-18 10:16:14.749446+00:00,36.034398450000005
4996,8004179,2025-12-18 16:06:24.490991+00:00,18.00511775
4999,8004179,2025-12-20 11:49:28.239054+00:00,5.997564016666667
5001,8004179,2025-12-21 06:33:59.163678+00:00,55.99713856666666
5004,8004179,2025-12-27 17:21:21.801139+00:00,17.996955866666667
5005,8004179,2025-12-29 07:31:20.776415+00:00,3.9598600333333334
5008,8004179,2025-12-30 08:02:40.516683+00:00,61.98816993333333
5010,8004179,2025-12-30 15:00:40.590703+00:00,21.991164533333333
4539,8004179,2025-01-05 15:17:54.182799+00:00,0.0037317166666666667
4544,8004179,2025-01-09 19:13:30.916591+00:00,19.995788116666667
4546,8004179,2025-01-10 14:15:16.390266+00:00,0.0103234
4547,8004179,2025-01-12 23:03:59.463576+00:00,9.999673616666666
4548,8004179,2025-01-13 18:11:42.233420+00:00,0.00020701666666666667
4549,8004179,2025-01-15 04:53:34.037365+00:00,5.983679716666667
4553,8004179,2025-01-20 10:53:04.955039+00:00,19.991576266666666
4554,8004179,2025-01-21 09:45:36.838220+00:00,23.50542805
4563,8004179,2025-01-24 22:21:04.688038+00:00,21.999580033333334
4564,8004179,2025-01-27 22:17:58.781014+00:00,23.48972985
4568,8004179,2025-02-04 09:17:04.305108+00:00,0.0006703666666666667
4569,8004179,2025-02-07 11:12:41.150912+00:00,22.010869566666667
4572,8004179,2025-02-08 05:17:04.909617+00:00,13.6399427
4573,8004179,2025-02-09 09:16:47.345461+00:00,15.875707116666666
4574,8004179,2025-02-12 10:17:04.457799+00:00,0.0056586
4575,8004179,2025-02-13 04:28:40.393524+00:00,6.0134576
4581,8004179,2025-02-14 09:49:23.649868+00:00,0.00228305
4583,8004179,2025-02-14 22:45:23.685139+00:00,80.45485743333333
4585,8004179,2025-02-16 08:55:56.649301+00:00,31.952864783333332
4592,8004179,2025-02-19 08:15:52.748793+00:00,20.008868866666667
4594,8004179,2025-02-20 15:17:55.515615+00:00,0.0064692
4597,8004179,2025-02-25 14:19:52.569276+00:00,7.9996184
4602,8004179,2025-03-04 11:24:19.577654+00:00,75.99262186666667
4605,8004179,2025-03-05 08:16:25.945971+00:00,0.008142266666666667
4608,8004179,2025-03-06 11:48:53.881342+00:00,22.126155083333334
4614,8004179,2025-03-14 06:11:03.272425+00:00,12.002958150000001
4615,8004179,2025-03-17 04:41:02.183285+00:00,42.070313283333334
4619,8004179,2025-03-19 14:43:12.361230+00:00,10.205405116666666
4620,8004179,2025-03-20 06:06:13.159584+00:00,14.4607435
4622,8004179,2025-03-24 08:40:49.400752+00:00,25.931609466666664
4628,8004179,2025-04-02 17:16:28.824320+00:00,0.009445
4630,8004179,2025-04-10 12:53:37.103820+00:00,13.686503016666668
4633,8004179,2025-04-16 15:18:04.848095+00:00,99.10919255
4637,8004179,2025-04-17 14:16:38.530103+00:00,0.0165963
4638,8004179,2025-04-22 12:59:57.280543+00:00,115.01355293333333
4639,8004179,2025-04-22 21:17:58.904768+00:00,0.005494916666666667
4641,8004179,2025-04-26 06:34:14.127409+00:00,12.0029093
4642,8004179,2025-04-27 06:17:47.979193+00:00,0.004613616666666666
4644,8004179,2025-04-27 21:13:14.027443+00:00,156.15141793333333
4645,8004179,2025-04-28 13:16:26.719043+00:00,11.414654899999999
4647,8004179,2025-04-29 07:53:13.214996+00:00,101.68324183333334
4648,8004179,2025-04-29 21:17:56.174087+00:00,0.04069045
4650,8004179,2025-05-01 13:57:46.825606+00:00,27.887068333333332
4653,8004179,2025-05-04 12:26:07.438549+00:00,358.8424384666667
4654,8004179,2025-05-04 23:01:22.690202+00:00,0.06702374999999999
4656,8004179,2025-05-05 16:10:22.029789+00:00,21.407337666666667
4657,8004179,2025-05-05 20:47:16.602148+00:00,30.191600783333335
4658,8004179,2025-05-08 04:45:41.758432+00:00,8.112681616666666
4660,8004179,2025-05-09 05:13:30.299420+00:00,39.65861471666666
4662,8004179,2025-05-19 12:32:27.521114+00:00,18.445841716666667
4665,8004179,2025-05-21 16:11:54.259747+00:00,34.62482883333333
4669,8004179,2025-05-26 04:09:22.659073+00:00,50.82330075
4672,8004179,2025-05-28 08:29:50.135832+00:00,22.376726066666667
4673,8004179,2025-05-30 12:22:00.500465+00:00,55.59186975
4676,8004179,2025-06-03 04:16:53.314570+00:00,104.26869
4677,8004179,2025-06-03 20:16:18.694058+00:00,0.15396859999999998
4679,8004179,2025-06-08 12:06:45.159518+00:00,21.048795700000003
4680,8004179,2025-06-10 10:44:22.474692+00:00,12.415595966666666
4685,8004179,2025-06-16 04:55:59.117148+00:00,27.205540783333333
4686,8004179,2025-06-16 09:16:49.470142+00:00,5.431339383333333
4688,8004179,2025-06-18 22:29:13.861866+00:00,23.704896299999998
4700,8004179,2025-06-20 17:26:00.622414+00:00,1.8091092666666666
4705,8004179,2025-06-22 10:59:16.934194+00:00,46.76874133333333
4711,8004179,2025-06-24 20:05:54.620939+00:00,17.760656583333333
4714,8004179,2025-06-26 12:12:01.325735+00:00,0.015978933333333334
4715,8004179,2025-06-27 02:31:36.261659+00:00,0.06694438333333334
4722,8004179,2025-06-27 18:52:00.865996+00:00,137.19785943333332
4725,8004179,2025-06-30 08:50:10.151172+00:00,35.55727428333333
4729,8004179,2025-07-01 14:13:13.038122+00:00,19.178799933333334
4731,8004179,2025-07-02 06:16:52.087189+00:00,195.420826
4734,8004179,2025-07-02 22:17:53.311976+00:00,0.004901266666666667
4739,8004179,2025-07-03 14:18:11.679997+00:00,0.004460583333333334
4740,8004179,2025-07-03 23:17:54.868068+00:00,0.004655266666666667
4744,8004179,2025-07-05 16:23:14.885367+00:00,13.692934933333333
4754,8004179,2025-07-08 20:17:00.558740+00:00,9.602166433333334
4757,8004179,2025-07-09 09:58:21.890258+00:00,77.49142833333333
4758,8004179,2025-07-10 03:35:44.378982+00:00,172.45541521666667
4760,8004179,2025-07-11 15:16:29.038191+00:00,74.83622173333333
4764,8004179,2025-07-12 12:51:05.699304+00:00,27.9387868
4773,8004179,2025-07-17 14:09:14.791434+00:00,15.7584608
4774,8004179,2025-07-17 18:16:04.922472+00:00,4.053856333333333
4778,8004179,2025-07-18 15:50:36.770920+00:00,6.533922483333333
4782,8004179,2025-07-21 13:17:31.920657+00:00,0.039300383333333334
4784,8004179,2025-07-23 09:16:51.934266+00:00,0.031073466666666667
4786,8004179,2025-07-24 13:21:33.706700+00:00,45.568046933333335
4789,8004179,2025-07-25 18:01:22.237638+00:00,20.5072303
4792,8004179,2025-08-01 08:35:04.635833+00:00,8.597133916666667
4797,8004179,2025-08-01 20:48:32.512388+00:00,30.345602166666666
4800,8004179,2025-08-03 12:39:05.930049+00:00,11.254417483333333
4802,8004179,2025-08-04 07:34:02.730821+00:00,14.199473566666667
4803,8004179,2025-08-05 09:38:46.480226+00:00,12.274563583333332
4806,8004179,2025-08-06 04:17:01.843895+00:00,9.974907816666667
4812,8004179,2025-08-10 10:52:21.438682+00:00,14.592105033333333
4813,8004179,2025-08-11 08:07:26.045728+00:00,23.804109966666665
4818,8004179,2025-08-15 17:48:57.173750+00:00,1.9130790833333333
4819,8004179,2025-08-16 11:17:54.260370+00:00,0.00022505
4820,8004179,2025-08-18 04:56:44.466492+00:00,242.86519088333336
4821,8004179,2025-08-19 04:17:20.249651+00:00,62.16615288333333
4825,8004179,2025-08-21 20:09:21.804583+00:00,0.0021027666666666666
4828,8004179,2025-08-27 14:17:08.939345+00:00,3.5491136
4831,8004179,2025-08-29 10:29:36.965453+00:00,12.095298733333333
4840,8004179,2025-09-06 16:17:24.873493+00:00,12.119465516666667
4843,8004179,2025-09-07 11:33:03.852846+00:00,18.398896933333333
4846,8004179,2025-09-08 10:39:25.172024+00:00,38.52189238333334
4848,8004179,2025-09-08 15:17:42.089385+00:00,0.04618638333333333
4849,8004179,2025-09-18 14:41:58.229745+00:00,18.344836466666667
4851,8004179,2025-09-29 20:02:00.516394+00:00,0.028130733333333335
4854,8004179,2025-10-04 14:16:39.230342+00:00,13.995816733333333
4856,8004179,2025-10-06 13:03:53.504803+00:00,40.017045700000004
4860,8004179,2025-10-08 08:26:07.337516+00:00,14.001086616666667
4863,8004179,2025-10-10 13:03:05.400645+00:00,30.000674383333333
4866,8004179,2025-10-10 18:17:27.530240+00:00,89.98502936666667
4874,8004179,2025-10-15 09:29:35.568566+00:00,118.2959168
4876,8004179,2025-10-15 18:16:42.416979+00:00,16.063272933333334
4879,8004179,2025-10-16 15:16:55.648001+00:00,29.986200450000002
4882,8004179,2025-10-17 18:29:21.543987+00:00,2.0163740833333335
4883,8004179,2025-10-23 06:50:11.894657+00:00,26.051755449999998
4885,8004179,2025-10-24 10:05:49.278041+00:00,15.990937866666666
4887,8004179,2025-10-28 19:17:20.330582+00:00,0.013712483333333332
4888,8004179,2025-10-29 13:17:04.004141+00:00,36.203747316666664
4893,8004179,2025-11-10 10:16:55.578129+00:00,52.015112916666666
4898,8004179,2025-11-10 21:25:28.016145+00:00,0.004894933333333334
4907,8004179,2025-11-12 09:16:05.734087+00:00,16.0165395
4912,8004179,2025-11-12 23:00:28.658492+00:00,0.023232816666666666
4914,8004179,2025-11-13 06:12:28.894204+00:00,0.0008885666666666667
4915,8004179,2025-11-13 15:16:37.565079+00:00,2.093570816666667
4917,8004179,2025-11-14 01:17:21.230884+00:00,0.0024817333333333334
4935,8004179,2025-11-17 05:16:07.872007+00:00,0.0007234
4936,8004179,2025-11-17 12:08:56.911915+00:00,0.014791233333333332
4939,8004179,2025-11-17 16:46:06.573435+00:00,82.01462496666666
4942,8004179,2025-11-18 00:16:49.825062+00:00,25.984644166666666
4947,8004179,2025-11-18 12:11:05.709371+00:00,6.19111675
4948,8004179,2025-11-18 16:16:42.126411+00:00,0.007663433333333333
4950,8004179,2025-11-18 23:17:17.023239+00:00,0.002477616666666667
4960,8004179,2025-11-20 07:17:58.170691+00:00,7.97070875
4962,8004179,2025-11-20 22:16:26.907459+00:00,0.01982301666666667
4964,8004179,2025-11-21 13:35:33.895547+00:00,28.093454416666667
4965,8004179,2025-11-21 22:18:01.944993+00:00,4.1142947
4966,8004179,2025-11-22 05:00:08.277954+00:00,16.006064233333333
4972,8004179,2025-11-23 13:16:50.374237+00:00,69.99347163333333
4973,8004179,2025-11-24 08:16:50.922724+00:00,0.01561225
4974,8004179,2025-11-24 19:17:27.659639+00:00,0.060750533333333336
4980,8004179,2025-12-05 06:53:21.431158+00:00,18.00224893333333
4981,8004179,2025-12-05 22:16:01.543039+00:00,20.063905183333336
4982,8004179,2025-12-06 19:16:33.453805+00:00,0.00285625
4983,8004179,2025-12-10 07:11:48.550083+00:00,11.994017483333332
4985,8004179,2025-12-10 12:17:50.714340+00:00,29.973033283333333
4989,8004179,2025-12-11 21:49:27.185241+00:00,40.37545048333333
4990,8004179,2025-12-14 17:12:25.000701+00:00,9.999761816666668
4992,8004179,2025-12-16 14:17:49.363329+00:00,0.02699895
4993,8004179,2025-12-17 08:17:01.159303+00:00,120.00731795
4997,8004179,2025-12-19 19:17:07.383378+00:00,25.982711816666665
4998,8004179,2025-12-20 11:27:28.225576+00:00,2.0137872333333333
5000,8004179,2025-12-20 20:13:28.256492+00:00,26.004074783333333
5002,8004179,2025-12-21 07:47:59.660728+00:00,29.997847133333334
5003,8004179,2025-12-27 16:17:24.882790+00:00,23.95052816666667
5006,8004179,2025-12-29 08:13:18.311205+00:00,32.003113066666664
5007,8004179,2025-12-30 05:38:40.006597+00:00,127.99802464999999
5009,8004179,2025-12-30 12:46:39.515698+00:00,82.00654745
5013,8004179,2025-12-30 21:16:44.896597+00:00,11.973606116666668
5014,8004179,2025-12-31 08:16:50.766634+00:00,8.00606125
5015,8098263,2025-01-04 14:55:52.520415+00:00,8.034577316666667
5017,8098263,2025-01-05 17:57:53.041790+00:00,106.00179419999999
5018,8098263,2025-01-07 08:17:55.862425+00:00,0.00215875
5023,8098263,2025-01-10 14:15:13.472143+00:00,5.1116038
5027,8098263,2025-01-15 19:17:31.029702+00:00,25.8779358
5033,8098263,2025-01-22 08:11:25.639892+00:00,179.97740936666665
5034,8098263,2025-01-22 19:17:30.781071+00:00,0.00027088333333333335
5035,8098263,2025-01-23 10:21:24.307985+00:00,26.009081233333333
5041,8098263,2025-01-30 12:16:58.393727+00:00,19.819885183333334
5042,8098263,2025-02-03 15:07:00.788492+00:00,14.0042239
5045,8098263,2025-02-07 13:31:01.183720+00:00,29.983913649999998
5050,8098263,2025-02-13 16:13:43.864338+00:00,68.05510996666666
5054,8098263,2025-02-14 08:17:47.107221+00:00,11.95012935
5056,8098263,2025-02-14 22:17:48.061214+00:00,110.34636098333334
5057,8098263,2025-02-15 08:16:11.758619+00:00,21.9876472
5059,8098263,2025-02-16 12:34:10.192954+00:00,142.02199844999998
5060,8098263,2025-02-18 16:32:17.313228+00:00,27.928366999999998
5061,8098263,2025-02-18 21:16:13.686702+00:00,7.8e-06
5063,8098263,2025-02-19 05:20:13.071426+00:00,195.99472876666667
5064,8098263,2025-02-20 10:46:11.768851+00:00,20.001816016666666
5066,8098263,2025-02-23 12:04:12.053636+00:00,67.99305131666667
5067,8098263,2025-02-23 22:16:13.887406+00:00,13.972036433333333
5069,8098263,2025-02-25 14:56:12.687728+00:00,2.00508475
5070,8098263,2025-02-26 08:58:13.502807+00:00,21.961273233333333
5074,8098263,2025-03-04 14:16:39.995100+00:00,7.990525533333334
5076,8098263,2025-03-05 22:16:46.775414+00:00,0.012742583333333333
5077,8098263,2025-03-07 18:17:17.638164+00:00,3.985e-05
5080,8098263,2025-03-08 19:45:13.259441+00:00,70.0009723
5081,8098263,2025-03-12 14:17:18.437301+00:00,0.0019539
5088,8098263,2025-03-17 09:01:22.624403+00:00,0.0004111166666666667
5092,8098263,2025-03-20 06:10:34.128823+00:00,8.853533466666667
5093,8098263,2025-03-22 20:06:53.633830+00:00,23.709430049999998
5095,8098263,2025-03-24 08:08:14.428685+00:00,35.4931431
5097,8098263,2025-03-25 05:46:43.048242+00:00,90.09454476666666
5098,8098263,2025-03-26 19:57:11.915932+00:00,17.967210566666665
5101,8098263,2025-03-31 10:17:11.280915+00:00,0.0157038
5103,8098263,2025-04-03 13:18:09.208656+00:00,0.34644648333333333
5104,8098263,2025-04-08 03:54:48.643392+00:00,88.10317393333334
5107,8098263,2025-04-15 04:36:47.725131+00:00,11.357500116666667
5108,8098263,2025-04-16 11:17:20.076169+00:00,3.9789180833333333
5113,8098263,2025-04-17 13:17:49.754002+00:00,0.0202987
5115,8098263,2025-04-20 08:15:18.260400+00:00,47.188439216666666
5118,8098263,2025-04-24 14:16:50.293992+00:00,0.14314915
5119,8098263,2025-04-24 19:22:47.039150+00:00,0.0097618
5124,8098263,2025-04-28 14:16:09.951443+00:00,119.58816458333334
5130,8098263,2025-05-01 15:03:27.175571+00:00,22.843278183333332
5131,8098263,2025-05-02 14:12:23.791521+00:00,7.38247965
5132,8098263,2025-05-02 20:03:22.973122+00:00,82.25679381666667
5135,8098263,2025-05-05 08:30:46.559183+00:00,97.37390158333332
5137,8098263,2025-05-09 03:48:58.879728+00:00,168.61297733333333
5140,8098263,2025-05-20 15:17:40.289597+00:00,29.717583166666667
5141,8098263,2025-05-21 06:57:13.055980+00:00,13.640493716666667
5145,8098263,2025-05-23 18:17:21.869053+00:00,14.021840200000002
5150,8098263,2025-05-26 16:41:47.181171+00:00,0.00425605
5154,8098263,2025-05-30 20:17:43.720163+00:00,31.641110333333334
5155,8098263,2025-05-31 14:16:46.315646+00:00,0.22355996666666667
5156,8098263,2025-06-03 04:17:10.330522+00:00,127.12226988333333
5158,8098263,2025-06-04 08:00:53.812292+00:00,10.589543966666668
5163,8098263,2025-06-11 15:24:48.911347+00:00,33.847751566666666
5167,8098263,2025-06-16 04:43:17.762194+00:00,46.9973514
5171,8098263,2025-06-19 03:48:25.303951+00:00,13.914558283333333
5176,8098263,2025-06-19 13:31:16.401281+00:00,11.767889283333334
5178,8098263,2025-06-19 21:57:31.831087+00:00,6.310074416666667
5179,8098263,2025-06-20 09:11:18.466015+00:00,168.23416594999998
5188,8098263,2025-06-22 14:10:49.970017+00:00,80.3256364
5191,8098263,2025-06-24 13:17:15.707720+00:00,0.053638333333333336
5193,8098263,2025-06-24 20:13:29.493361+00:00,5.718281533333334
5196,8098263,2025-06-26 11:06:46.179786+00:00,41.44548706666667
5202,8098263,2025-06-27 12:46:21.220555+00:00,32.4585781
5204,8098263,2025-06-28 10:17:19.113539+00:00,84.95665051666667
5205,8098263,2025-06-30 05:19:39.911933+00:00,119.95054578333334
5211,8098263,2025-06-30 13:17:02.722009+00:00,0.0009365333333333333
5212,8098263,2025-07-01 09:17:08.986507+00:00,8.385327016666666
5216,8098263,2025-07-01 17:17:02.406568+00:00,0.0018858333333333333
5218,8098263,2025-07-02 12:11:05.902123+00:00,68.09549895
5223,8098263,2025-07-03 06:26:18.743486+00:00,10.613565866666667
5224,8098263,2025-07-03 21:16:58.737868+00:00,0.005914366666666667
5228,8098263,2025-07-05 14:17:32.727593+00:00,18.97223895
5231,8098263,2025-07-07 04:19:36.518458+00:00,28.945490083333333
5234,8098263,2025-07-07 14:03:01.911264+00:00,57.77272451666667
5236,8098263,2025-07-08 05:54:43.211306+00:00,21.927591416666665
5238,8098263,2025-07-08 14:08:44.440632+00:00,47.73069791666667
5244,8098263,2025-07-09 12:31:08.408652+00:00,16.119888866666667
5247,8098263,2025-07-10 11:16:53.141815+00:00,0.04991036666666667
5253,8098263,2025-07-12 12:17:10.794588+00:00,4.305758549999999
5255,8098263,2025-07-14 08:59:18.442814+00:00,35.67402246666666
5256,8098263,2025-07-16 06:17:34.540758+00:00,0.0076586833333333335
5260,8098263,2025-07-17 11:57:46.212205+00:00,26.48056935
5264,8098263,2025-07-18 11:11:32.548368+00:00,7.503352783333333
5268,8098263,2025-07-18 18:17:50.513815+00:00,23.323784149999998
5269,8098263,2025-07-21 04:40:45.354802+00:00,358.85532573333336
5271,8098263,2025-07-21 16:49:23.986390+00:00,91.17808570000001
5277,8098263,2025-07-25 16:17:30.729319+00:00,74.2042873
5279,8098263,2025-07-28 11:17:34.555691+00:00,0.09298165
5280,8098263,2025-08-01 07:36:43.536722+00:00,25.28663763333333
5281,8098263,2025-08-01 15:06:39.833129+00:00,100.58438481666667
5289,8098263,2025-08-05 12:18:02.320077+00:00,0.005694333333333333
5291,8098263,2025-08-06 06:12:49.887300+00:00,16.79092705
5293,8098263,2025-08-06 10:37:29.816468+00:00,149.39605618333331
5296,8098263,2025-08-08 09:16:37.369807+00:00,0.0031935500000000003
5299,8098263,2025-08-12 21:17:58.009189+00:00,9.205e-05
5301,8098263,2025-08-13 04:41:47.456014+00:00,25.622497533333334
5302,8098263,2025-08-15 17:03:36.695496+00:00,20.444854433333333
5308,8098263,2025-08-21 04:59:20.425314+00:00,15.820751033333332
5309,8098263,2025-08-21 09:53:52.128806+00:00,173.26372881666666
5312,8098263,2025-08-22 15:24:18.559030+00:00,93.28695448333333
5316,8098263,2025-08-28 18:16:45.207953+00:00,5.17084135
5317,8098263,2025-08-30 20:16:58.294888+00:00,0.029451733333333334
5318,8098263,2025-09-01 12:16:44.766303+00:00,0.013984583333333333
5320,8098263,2025-09-04 15:18:06.047564+00:00,53.55138513333333
5322,8098263,2025-09-05 15:15:52.044697+00:00,140.55052983333331
5324,8098263,2025-09-07 10:15:39.571941+00:00,41.11688811666667
5329,8098263,2025-09-08 08:57:11.883153+00:00,193.5933086
5332,8098263,2025-09-29 15:46:36.962587+00:00,22.024627733333332
5334,8098263,2025-09-29 20:02:37.559397+00:00,37.9443999
5336,8098263,2025-10-04 14:17:15.572027+00:00,13.982028283333333
5341,8098263,2025-10-08 14:16:46.767780+00:00,7.953273266666667
5344,8098263,2025-10-10 16:13:47.982509+00:00,13.983029016666668
5349,8098263,2025-10-14 18:44:38.384390+00:00,28.17045016666667
5356,8098263,2025-10-15 20:17:30.939548+00:00,0.0161707
5358,8098263,2025-10-17 08:16:32.220159+00:00,0.23584068333333336
5362,8098263,2025-10-23 07:46:57.579193+00:00,22.178172333333336
5364,8098263,2025-10-28 17:17:47.131584+00:00,56.12114196666666
5372,8098263,2025-11-10 20:49:57.300848+00:00,82.02975995
5373,8098263,2025-11-11 09:18:00.509674+00:00,0.10354786666666667
5374,8098263,2025-11-11 18:22:49.197612+00:00,0.0137306
5383,8098263,2025-11-12 12:20:47.203797+00:00,68.00398821666667
5389,8098263,2025-11-13 05:15:05.534336+00:00,2.0377292166666665
5394,8098263,2025-11-14 04:17:58.087229+00:00,0.00041493333333333335
5395,8098263,2025-11-14 10:47:27.951312+00:00,187.71247993333333
5397,8098263,2025-11-14 19:17:30.902101+00:00,15.976768550000001
5400,8098263,2025-11-16 22:10:13.661978+00:00,0.02848733333333333
5409,8098263,2025-11-18 09:07:33.886168+00:00,38.00967481666667
5419,8098263,2025-11-19 15:18:02.422253+00:00,11.962679916666668
5424,8098263,2025-11-20 10:16:46.401796+00:00,21.84074298333333
5426,8098263,2025-11-21 07:29:29.403955+00:00,7.9981791666666675
5429,8098263,2025-11-22 04:58:43.517660+00:00,2.0497639
5431,8098263,2025-11-22 22:17:12.222701+00:00,0.05477956666666666
5433,8098263,2025-11-23 09:17:25.950647+00:00,0.006386016666666666
5438,8098263,2025-11-24 14:17:39.588306+00:00,9.979997983333334
5443,8098263,2025-12-02 08:46:48.760290+00:00,42.00220871666667
5444,8098263,2025-12-04 15:17:25.803866+00:00,3.9346554
5449,8098263,2025-12-10 09:46:23.808217+00:00,51.98884305
5451,8098263,2025-12-10 17:16:35.947857+00:00,9.966122516666667
5453,8098263,2025-12-11 17:17:35.455743+00:00,0.03891674999999999
5460,8098263,2025-12-18 10:16:51.061075+00:00,34.121248333333334
5465,8098263,2025-12-20 11:28:04.198048+00:00,27.9944358
5466,8098263,2025-12-21 06:22:34.421330+00:00,88.00352095
5468,8098263,2025-12-27 17:17:57.856128+00:00,37.9840379
5471,8098263,2025-12-30 08:49:14.898083+00:00,7.988986866666666
5016,8098263,2025-01-05 15:17:53.412838+00:00,0.0033092666666666667
5022,8098263,2025-01-10 05:27:31.334267+00:00,53.98984588333334
5024,8098263,2025-01-13 18:13:59.530069+00:00,0.00012746666666666668
5025,8098263,2025-01-15 04:57:52.763376+00:00,22.08575526666667
5028,8098263,2025-01-20 10:47:24.084983+00:00,28.005423466666667
5031,8098263,2025-01-21 09:55:24.943054+00:00,19.9946805
5037,8098263,2025-01-24 11:03:24.480607+00:00,176.01720875
5038,8098263,2025-01-24 22:25:24.288752+00:00,23.9896405
5043,8098263,2025-02-04 09:17:00.029925+00:00,0.0020476833333333334
5046,8098263,2025-02-08 05:18:59.672976+00:00,12.004304450000001
5047,8098263,2025-02-09 09:17:05.009541+00:00,19.9300579
5048,8098263,2025-02-12 10:17:00.510201+00:00,0.02358646666666667
5049,8098263,2025-02-13 04:32:59.994191+00:00,8.0245977
5055,8098263,2025-02-14 09:55:44.125733+00:00,2.2666666666666668e-05
5065,8098263,2025-02-20 15:16:14.047897+00:00,5.990712116666667
5068,8098263,2025-02-25 14:00:13.381529+00:00,29.993515600000002
5071,8098263,2025-03-04 10:38:39.914370+00:00,29.986727583333334
5075,8098263,2025-03-05 08:16:43.630480+00:00,6.515e-05
5078,8098263,2025-03-07 18:37:13.798701+00:00,4.003295866666667
5085,8098263,2025-03-17 04:47:22.329416+00:00,73.99955653333333
5096,8098263,2025-03-24 09:02:53.991439+00:00,3.95874865
5102,8098263,2025-04-02 17:12:47.625808+00:00,18.026152183333334
5105,8098263,2025-04-10 17:39:13.805796+00:00,0.030103783333333335
5106,8098263,2025-04-15 04:06:22.993802+00:00,14.532950133333333
5110,8098263,2025-04-16 15:24:59.793274+00:00,75.23286655
5114,8098263,2025-04-17 14:16:53.775789+00:00,0.011039016666666667
5116,8098263,2025-04-22 13:11:02.392623+00:00,99.26703291666666
5117,8098263,2025-04-22 17:17:04.886656+00:00,0.013381566666666667
5120,8098263,2025-04-27 06:17:01.508711+00:00,0.6575425333333332
5122,8098263,2025-04-27 21:11:26.832525+00:00,156.03683581666667
5123,8098263,2025-04-28 13:16:49.812476+00:00,32.07988278333333
5125,8098263,2025-04-29 08:08:45.776893+00:00,113.36669661666666
5126,8098263,2025-04-29 21:17:31.232404+00:00,14.44312425
5129,8098263,2025-05-01 14:16:26.526921+00:00,2.791301783333333
5133,8098263,2025-05-04 12:28:44.044458+00:00,359.02672015
5134,8098263,2025-05-04 23:01:32.205178+00:00,0.05842828333333334
5136,8098263,2025-05-05 17:16:11.155846+00:00,12.42959615
5138,8098263,2025-05-15 12:17:48.470186+00:00,0.25646118333333334
5139,8098263,2025-05-19 12:55:43.111999+00:00,20.25004691666667
5143,8098263,2025-05-21 17:12:26.868651+00:00,22.499027783333336
5144,8098263,2025-05-22 10:42:17.143833+00:00,12.514622416666667
5146,8098263,2025-05-24 10:16:23.368827+00:00,44.0282266
5147,8098263,2025-05-26 04:09:52.625371+00:00,59.03968705
5151,8098263,2025-05-28 08:28:27.548433+00:00,3.6564932333333333
5157,8098263,2025-06-03 20:17:05.846061+00:00,0.022585216666666668
5159,8098263,2025-06-07 05:35:51.041663+00:00,10.169960283333333
5160,8098263,2025-06-08 12:13:24.474577+00:00,17.4216791
5161,8098263,2025-06-10 10:51:45.685462+00:00,28.92394315
5166,8098263,2025-06-14 13:16:20.578913+00:00,0.03174506666666667
5168,8098263,2025-06-16 09:16:59.800583+00:00,75.63358476666667
5177,8098263,2025-06-19 19:16:29.641683+00:00,137.0404001
5185,8098263,2025-06-21 21:16:24.704197+00:00,24.280600916666668
5189,8098263,2025-06-24 07:43:34.771594+00:00,66.632649
5192,8098263,2025-06-24 17:17:06.084765+00:00,0.055761566666666665
5197,8098263,2025-06-26 12:12:24.343925+00:00,29.936720666666666
5198,8098263,2025-06-27 02:31:26.232778+00:00,0.09572536666666667
5203,8098263,2025-06-27 18:52:11.888758+00:00,39.3762845
5210,8098263,2025-06-30 11:34:28.426320+00:00,14.117479566666667
5214,8098263,2025-07-01 14:30:20.194924+00:00,6.221232866666667
5217,8098263,2025-07-02 07:18:06.056461+00:00,139.77290888333334
5220,8098263,2025-07-02 22:17:49.115259+00:00,0.007360083333333334
5225,8098263,2025-07-03 23:17:45.535830+00:00,0.0028683333333333334
5230,8098263,2025-07-05 16:30:06.641502+00:00,13.050323266666668
5232,8098263,2025-07-07 05:34:31.673049+00:00,104.6753321
5233,8098263,2025-07-07 13:38:18.675367+00:00,8.091587783333333
5237,8098263,2025-07-08 13:16:37.696854+00:00,31.619005533333333
5240,8098263,2025-07-08 20:17:21.970444+00:00,10.346307766666666
5242,8098263,2025-07-09 07:37:17.691943+00:00,16.76825175
5246,8098263,2025-07-10 06:12:02.087108+00:00,23.3163897
5248,8098263,2025-07-11 15:16:45.616010+00:00,73.04720028333332
5254,8098263,2025-07-12 13:12:00.258519+00:00,83.16188443333334
5257,8098263,2025-07-16 10:21:27.339703+00:00,14.38100375
5262,8098263,2025-07-17 14:09:41.108191+00:00,37.214077800000005
5263,8098263,2025-07-17 18:16:26.404801+00:00,4.58921325
5266,8098263,2025-07-18 15:55:16.630578+00:00,4.0888233
5270,8098263,2025-07-21 13:17:52.624278+00:00,6.36e-05
5272,8098263,2025-07-23 09:16:48.974622+00:00,0.09163134999999999
5278,8098263,2025-07-25 18:03:48.601038+00:00,24.741898616666667
5282,8098263,2025-08-01 20:16:29.451739+00:00,60.47947416666667
5285,8098263,2025-08-03 13:03:25.553696+00:00,14.027027333333333
5288,8098263,2025-08-05 09:45:47.726791+00:00,13.713190633333333
5290,8098263,2025-08-05 21:18:04.783907+00:00,14.257920366666667
5292,8098263,2025-08-06 07:16:13.286017+00:00,17.973424416666667
5294,8098263,2025-08-07 07:32:06.357162+00:00,6.656632916666666
5297,8098263,2025-08-11 08:29:37.995029+00:00,6.807391933333333
5298,8098263,2025-08-12 20:16:35.614590+00:00,0.08744758333333333
5300,8098263,2025-08-13 04:03:08.757667+00:00,21.011940550000002
5303,8098263,2025-08-15 17:56:32.532568+00:00,6.260762766666667
5304,8098263,2025-08-16 11:17:49.491613+00:00,0.0175615
5305,8098263,2025-08-18 05:04:35.850407+00:00,222.7586563
5306,8098263,2025-08-19 04:17:20.218797+00:00,48.99396251666667
5307,8098263,2025-08-20 21:17:13.635458+00:00,17.452599266666667
5310,8098263,2025-08-21 13:56:24.444166+00:00,32.27366311666667
5311,8098263,2025-08-21 20:08:55.624823+00:00,0.021747616666666667
5314,8098263,2025-08-27 14:21:18.886127+00:00,7.797637233333333
5323,8098263,2025-09-06 16:18:01.711956+00:00,18.963911916666667
5325,8098263,2025-09-07 11:39:39.500054+00:00,15.559234633333334
5328,8098263,2025-09-08 07:22:24.138118+00:00,27.742062266666668
5330,8098263,2025-09-08 15:16:10.262897+00:00,2.226426216666667
5331,8098263,2025-09-18 14:43:06.283385+00:00,0.05246296666666667
5333,8098263,2025-09-29 19:26:35.816515+00:00,0.031632766666666666
5335,8098263,2025-10-04 10:41:15.063618+00:00,131.97845491666666
5337,8098263,2025-10-06 12:16:25.036575+00:00,86.0706425
5340,8098263,2025-10-08 08:26:43.083589+00:00,69.97803954999999
5342,8098263,2025-10-10 13:03:41.176275+00:00,27.973567433333336
5345,8098263,2025-10-10 18:18:03.163349+00:00,75.97557093333333
5346,8098263,2025-10-14 10:18:31.022578+00:00,0.00073885
5350,8098263,2025-10-14 20:16:53.005370+00:00,33.98034155
5352,8098263,2025-10-15 09:46:13.906994+00:00,110.29420635
5355,8098263,2025-10-15 18:17:23.508067+00:00,64.09827181666667
5357,8098263,2025-10-16 15:17:34.763498+00:00,25.986436733333335
5360,8098263,2025-10-17 18:38:00.406943+00:00,1.98945925
5361,8098263,2025-10-23 05:52:48.103363+00:00,84.12203418333334
5363,8098263,2025-10-24 10:16:27.915279+00:00,15.989963683333334
5365,8098263,2025-10-28 19:17:59.360186+00:00,0.019556383333333333
5366,8098263,2025-10-29 13:17:43.933248+00:00,28.19695085
5369,8098263,2025-11-10 10:17:34.851084+00:00,51.96467148333333
5382,8098263,2025-11-12 09:20:41.351601+00:00,92.00735883333333
5386,8098263,2025-11-12 21:12:48.850582+00:00,31.999718366666666
5390,8098263,2025-11-13 06:13:05.119345+00:00,0.0008231833333333333
5391,8098263,2025-11-13 15:17:20.148594+00:00,0.27917623333333336
5399,8098263,2025-11-15 02:02:03.319594+00:00,0.00708565
5401,8098263,2025-11-16 22:32:42.267003+00:00,0.03511441666666667
5402,8098263,2025-11-17 17:16:44.729280+00:00,11.971456166666666
5410,8098263,2025-11-18 12:11:40.698517+00:00,6.220764366666667
5411,8098263,2025-11-18 16:17:20.370318+00:00,0.009575666666666668
5413,8098263,2025-11-18 23:17:52.718483+00:00,0.005966566666666667
5421,8098263,2025-11-19 17:22:06.683287+00:00,1.9963713833333334
5423,8098263,2025-11-20 07:16:32.571190+00:00,13.976943416666668
5425,8098263,2025-11-20 22:17:10.032959+00:00,0.0504426
5427,8098263,2025-11-21 13:54:09.908838+00:00,28.087135633333332
5428,8098263,2025-11-21 22:16:32.549301+00:00,6.1987042500000005
5430,8098263,2025-11-22 05:16:44.790481+00:00,0.0014015333333333333
5436,8098263,2025-11-23 13:17:25.921197+00:00,35.992308200000004
5437,8098263,2025-11-24 08:05:26.492574+00:00,12.0417095
5439,8098263,2025-11-24 19:18:07.389891+00:00,0.09012321666666666
5445,8098263,2025-12-05 06:59:56.518561+00:00,18.04946185
5446,8098263,2025-12-05 22:20:40.950316+00:00,13.989033933333333
5447,8098263,2025-12-06 19:17:09.585987+00:00,0.005288650000000001
5448,8098263,2025-12-10 07:10:24.011899+00:00,19.9932617
5450,8098263,2025-12-10 12:16:25.242423+00:00,33.97285098333334
5454,8098263,2025-12-11 21:50:02.247286+00:00,42.37893305
5455,8098263,2025-12-14 17:13:00.280177+00:00,18.003927949999998
5456,8098263,2025-12-16 08:17:34.784819+00:00,0.0031771499999999997
5457,8098263,2025-12-16 14:16:24.668503+00:00,0.06236548333333333
5458,8098263,2025-12-17 08:17:37.902190+00:00,119.98474653333332
5459,8098263,2025-12-18 09:24:34.946200+00:00,13.995126016666667
5467,8098263,2025-12-27 16:18:01.047910+00:00,0.010333249999999999
5469,8098263,2025-12-29 08:17:54.133086+00:00,29.984275500000003
5470,8098263,2025-12-30 05:25:14.835272+00:00,183.99813446666667
5476,8098263,2025-12-30 21:17:21.902896+00:00,0.0477788
5477,8098263,2025-12-31 08:17:26.096004+00:00,12.000488466666667
