episode_id,t_start,t_end,n_stationen,n_fahrten,dauer_min
0,2025-01-01 05:39:52.217505,2025-01-01 05:53:53.870494,11,2,14.027549816666667
1,2025-01-01 07:59:50.879303,2025-01-01 07:59:50.879303,1,1,0.0
2,2025-01-01 08:25:51.471959,2025-01-01 08:25:52.230072,1,2,0.012635216666666668
3,2025-01-01 08:43:51.514012,2025-01-01 08:43:51.514012,1,1,0.0
4,2025-01-01 09:33:33.451665,2025-01-01 09:35:52.601947,11,2,2.3191713666666667
5,2025-01-01 09:57:53.194207,2025-01-01 09:57:53.194207,1,1,0.0
6,2025-01-01 10:17:34.902411,2025-01-01 10:33:55.214016,12,49,16.33852675
7,2025-01-01 11:11:55.098460,2025-01-01 11:23:55.267267,6,1,12.00281345
8,2025-01-01 12:17:34.248619,2025-01-01 12:57:55.126489,12,10,40.347964499999996
9,2025-01-01 13:21:33.548280,2025-01-01 13:21:56.132404,6,3,0.37640206666666665
10,2025-01-01 13:37:52.766155,2025-01-01 13:55:33.471275,11,1,17.67841866666667
11,2025-01-01 15:43:51.670871,2025-01-01 15:43:51.670871,1,1,0.0
12,2025-01-01 15:59:52.144292,2025-01-01 15:59:52.144292,1,1,0.0
13,2025-01-01 19:57:51.874516,2025-01-01 20:27:55.604984,12,9,30.062174466666665
14,2025-01-02 05:03:54.155675,2025-01-02 05:03:54.155675,1,1,0.0
15,2025-01-02 06:05:52.620162,2025-01-02 06:59:56.005948,11,3,54.05642976666666
16,2025-01-02 08:17:52.264896,2025-01-02 09:29:54.023344,11,3,72.02930746666667
17,2025-01-02 11:09:55.001132,2025-01-02 12:33:55.481942,12,10,84.0080135
18,2025-01-02 12:53:55.236560,2025-01-02 13:05:53.159953,8,1,11.965389883333334
19,2025-01-02 14:09:55.765873,2025-01-02 14:47:55.008265,11,2,37.9873732
20,2025-01-02 15:27:50.998588,2025-01-02 16:25:33.775089,10,2,57.712941683333334
21,2025-01-02 16:43:51.346820,2025-01-02 17:29:54.735808,11,2,46.05648313333334
22,2025-01-02 18:45:52.476943,2025-01-02 19:03:53.804668,11,1,18.02212875
23,2025-01-02 19:39:51.760172,2025-01-02 20:33:33.533375,12,4,53.69622005
24,2025-01-03 03:19:52.972126,2025-01-03 03:27:52.490204,5,1,7.9919679666666665
25,2025-01-03 05:35:33.565240,2025-01-03 05:53:53.957229,11,1,18.33986648333333
26,2025-01-03 06:15:55.429263,2025-01-03 06:15:55.502488,2,1,0.0012204166666666667
27,2025-01-03 06:51:56.060172,2025-01-03 06:51:56.131446,2,1,0.0011879
28,2025-01-03 09:23:54.246414,2025-01-03 09:41:54.542957,10,1,18.004942383333333
29,2025-01-03 11:19:54.210132,2025-01-03 11:19:54.210132,1,1,0.0
30,2025-01-03 11:35:33.581657,2025-01-03 12:33:55.498931,12,3,58.3652879
31,2025-01-03 14:13:54.867255,2025-01-03 14:21:55.544492,4,1,8.011287283333333
32,2025-01-03 15:29:56.067425,2025-01-03 16:11:34.148261,12,6,41.6346806
33,2025-01-03 17:17:34.288462,2025-01-03 17:17:58.149023,12,5,0.3976760166666667
34,2025-01-03 17:55:51.682017,2025-01-03 19:01:33.632351,12,16,65.69917223333333
35,2025-01-03 19:53:53.349248,2025-01-03 20:55:34.066218,12,7,61.678616166666664
36,2025-01-03 21:17:34.222777,2025-01-03 21:17:56.733327,10,1,0.3751758333333333
37,2025-01-03 21:39:33.663232,2025-01-03 22:15:54.217244,12,2,36.342566866666665
38,2025-01-03 23:39:52.009391,2025-01-04 00:39:54.731929,11,2,60.045375633333336
39,2025-01-04 04:15:51.715400,2025-01-04 04:15:51.715400,1,1,0.0
40,2025-01-04 04:59:52.597366,2025-01-04 05:17:54.250024,11,2,18.0275443
41,2025-01-04 06:53:33.568887,2025-01-04 08:03:55.519563,11,5,70.3658446
42,2025-01-04 12:17:56.145270,2025-01-04 12:33:55.442382,11,1,15.9882852
43,2025-01-04 13:01:51.423872,2025-01-04 13:01:51.423872,1,1,0.0
44,2025-01-04 13:23:51.948380,2025-01-04 13:23:51.948380,1,1,0.0
45,2025-01-04 14:57:53.246224,2025-01-04 14:57:53.246224,1,1,0.0
46,2025-01-05 11:17:37.196689,2025-01-05 11:18:00.922102,12,1,0.39542355
47,2025-01-05 15:17:33.757792,2025-01-05 15:17:56.900195,11,1,0.38570671666666667
48,2025-01-05 15:37:53.035953,2025-01-05 15:37:53.035953,1,1,0.0
49,2025-01-05 15:53:33.685500,2025-01-05 16:53:55.110027,11,7,60.35707545
50,2025-01-05 17:37:56.376877,2025-01-05 19:45:55.362690,12,43,127.98309688333333
51,2025-01-05 20:33:55.282596,2025-01-05 21:05:33.670242,12,1,31.6397941
52,2025-01-06 10:15:51.770233,2025-01-06 10:15:54.721600,6,1,0.049189449999999996
53,2025-01-06 10:49:53.123545,2025-01-06 10:49:53.123545,1,1,0.0
54,2025-01-06 11:11:54.682259,2025-01-06 11:37:55.687532,12,3,26.016754549999998
55,2025-01-06 14:17:54.095317,2025-01-06 14:37:52.282893,10,13,19.969792933333334
56,2025-01-06 17:15:34.488953,2025-01-07 06:01:56.931714,12,328,766.3740460166666
57,2025-01-07 08:17:34.074067,2025-01-07 08:17:57.476193,11,5,0.3900354333333333
58,2025-01-07 08:59:51.673412,2025-01-07 10:13:55.109219,12,6,74.05726345
59,2025-01-07 11:21:33.844531,2025-01-07 11:21:56.177683,10,1,0.3722192
60,2025-01-07 12:49:54.691786,2025-01-07 12:49:56.391169,3,1,0.028323050000000002
61,2025-01-07 13:07:52.775352,2025-01-07 13:19:55.048380,7,1,12.0378838
62,2025-01-07 14:17:55.592606,2025-01-07 14:17:55.592606,1,1,0.0
63,2025-01-07 16:17:34.206428,2025-01-07 16:17:57.452400,12,1,0.38743286666666665
64,2025-01-07 16:43:34.047228,2025-01-07 16:53:51.904716,12,2,10.2976248
65,2025-01-07 17:25:52.456877,2025-01-07 17:25:52.456877,1,1,0.0
66,2025-01-07 17:51:55.805871,2025-01-07 18:05:52.746521,2,1,13.949010833333334
67,2025-01-07 20:01:52.377283,2025-01-07 20:55:55.440714,12,41,54.051057183333334
68,2025-01-07 21:13:51.832189,2025-01-07 21:27:55.842948,11,4,14.066845983333334
69,2025-01-07 23:57:52.422937,2025-01-07 23:57:55.559755,9,1,0.052280299999999995
70,2025-01-08 00:15:52.845283,2025-01-08 00:15:54.282540,5,2,0.023954283333333333
71,2025-01-08 09:03:34.271272,2025-01-08 09:07:33.883167,2,2,3.9935315833333336
72,2025-01-08 09:37:54.050420,2025-01-08 10:13:54.584881,12,3,36.008907683333334
73,2025-01-08 15:45:32.013098,2025-01-08 18:39:32.564694,12,40,174.00919326666664
74,2025-01-08 19:43:33.116077,2025-01-08 20:05:31.200373,11,1,21.9680716
75,2025-01-08 23:27:30.228636,2025-01-08 23:27:32.797188,8,1,0.0428092
76,2025-01-09 02:27:30.646399,2025-01-09 02:27:32.450881,2,1,0.0300747
77,2025-01-09 02:43:30.457149,2025-01-09 02:57:29.570156,9,1,13.985216783333334
78,2025-01-09 07:33:12.631076,2025-01-09 07:33:35.267484,10,1,0.37727346666666667
79,2025-01-09 08:01:33.750349,2025-01-09 08:45:32.954309,12,3,43.98673266666666
80,2025-01-09 09:05:32.848421,2025-01-09 09:29:11.362992,11,1,23.641909516666665
81,2025-01-09 10:03:28.765063,2025-01-09 10:03:33.587153,10,6,0.08036816666666667
82,2025-01-09 10:19:11.287242,2025-01-09 11:37:33.235453,12,5,78.36580351666666
83,2025-01-09 12:25:30.189355,2025-01-09 12:25:33.875830,9,1,0.06144125
84,2025-01-09 13:03:33.588714,2025-01-09 13:03:33.588714,1,1,0.0
85,2025-01-09 14:11:11.971717,2025-01-09 15:43:34.061537,12,6,92.36816366666667
86,2025-01-09 16:17:11.810000,2025-01-09 17:15:33.256440,12,10,58.35744066666667
87,2025-01-09 17:53:30.089069,2025-01-09 17:53:31.386983,3,1,0.0216319
88,2025-01-09 18:19:32.943023,2025-01-09 18:41:11.482498,11,1,21.642324583333334
89,2025-01-10 05:37:32.889093,2025-01-10 05:57:34.043794,11,1,20.019245016666666
90,2025-01-10 09:17:29.625074,2025-01-10 09:17:34.931312,11,1,0.0884373
91,2025-01-10 10:09:31.914600,2025-01-10 10:23:30.481422,11,2,13.9761137
92,2025-01-10 10:43:11.418998,2025-01-10 10:43:34.087879,10,2,0.3778146833333333
93,2025-01-10 14:14:24.837764,2025-01-10 14:20:20.166077,12,10,5.92213855
94,2025-01-10 14:49:31.836865,2025-01-10 15:09:11.227936,10,1,19.65651785
95,2025-01-10 15:57:31.777201,2025-01-10 16:21:33.135416,11,1,24.022636916666666
96,2025-01-10 19:11:31.691917,2025-01-10 19:35:11.262567,11,1,23.659510833333332
97,2025-01-10 20:23:32.148128,2025-01-10 20:39:32.985112,11,3,16.013949733333334
98,2025-01-10 21:31:28.864891,2025-01-10 21:31:32.819043,10,6,0.06590253333333333
99,2025-01-10 23:57:56.706367,2025-01-10 23:58:00.150630,3,2,0.05740438333333333
100,2025-01-11 07:21:27.486411,2025-01-11 07:21:27.486411,1,1,0.0
101,2025-01-11 07:56:01.489941,2025-01-11 07:56:01.489941,1,1,0.0
102,2025-01-11 08:45:58.337111,2025-01-11 08:45:58.337277,1,2,2.7666666666666667e-06
103,2025-01-11 09:09:59.233631,2025-01-11 09:09:59.233631,1,1,0.0
104,2025-01-11 09:31:59.488341,2025-01-11 09:31:59.488341,1,1,0.0
105,2025-01-11 11:39:59.577638,2025-01-11 11:39:59.577638,1,1,0.0
106,2025-01-11 20:55:38.961648,2025-01-11 20:55:38.961648,1,1,0.0
107,2025-01-11 23:41:59.982401,2025-01-11 23:51:56.702130,4,1,9.945328816666667
108,2025-01-12 00:13:59.775314,2025-01-12 00:13:59.775314,1,1,0.0
109,2025-01-12 07:11:39.229639,2025-01-12 07:11:39.229639,1,1,0.0
110,2025-01-12 10:11:39.032213,2025-01-12 10:11:39.032213,1,1,0.0
111,2025-01-12 13:41:57.563361,2025-01-12 13:51:57.392487,5,1,9.9971521
112,2025-01-12 19:18:04.097718,2025-01-12 19:18:08.353473,3,5,0.07092925
113,2025-01-12 20:15:57.030103,2025-01-12 20:16:00.375443,3,1,0.05575566666666667
114,2025-01-12 21:15:56.610257,2025-01-12 21:16:00.120383,3,1,0.0585021
115,2025-01-13 18:11:26.549608,2025-01-13 18:13:59.537272,12,7,2.5497944
116,2025-01-14 06:11:57.032345,2025-01-14 06:30:19.614421,10,3,18.37636793333333
117,2025-01-14 06:55:56.005251,2025-01-14 06:55:56.005251,1,1,0.0
118,2025-01-14 07:26:22.653143,2025-01-14 07:28:04.642191,11,5,1.6998174666666666
119,2025-01-14 07:54:22.306913,2025-01-14 07:54:22.306913,1,1,0.0
120,2025-01-14 08:10:40.827177,2025-01-14 08:10:40.827177,1,1,0.0
121,2025-01-14 08:33:53.006078,2025-01-14 08:55:56.676488,11,2,22.0611735
122,2025-01-14 11:01:57.826937,2025-01-14 11:16:40.785278,10,2,14.71597235
123,2025-01-14 11:33:05.092124,2025-01-14 11:33:05.092124,1,1,0.0
124,2025-01-14 11:51:54.806486,2025-01-14 12:24:19.643478,11,2,32.41394986666667
125,2025-01-14 12:41:55.412288,2025-01-14 12:58:58.058408,9,2,17.044102
126,2025-01-14 13:39:06.283228,2025-01-14 13:39:06.283228,1,1,0.0
127,2025-01-14 14:00:44.006315,2025-01-14 14:25:05.547354,12,1,24.359017316666666
128,2025-01-14 15:18:38.574364,2025-01-14 16:15:02.268515,12,3,56.39490251666667
129,2025-01-14 16:37:23.425108,2025-01-14 16:37:23.425108,1,1,0.0
130,2025-01-14 17:14:36.028102,2025-01-14 17:15:40.916202,10,1,1.0814683333333333
131,2025-01-14 17:31:38.616619,2025-01-14 17:31:38.616619,1,1,0.0
132,2025-01-14 17:48:39.208774,2025-01-14 17:48:39.208774,1,1,0.0
133,2025-01-14 20:16:22.354841,2025-01-14 20:17:54.210085,11,2,1.5309207333333332
134,2025-01-14 22:47:11.626176,2025-01-14 22:47:11.626176,1,1,0.0
135,2025-01-15 01:01:28.416214,2025-01-15 01:01:53.348514,2,1,0.41553833333333334
136,2025-01-15 04:53:58.072910,2025-01-15 04:56:18.165848,10,2,2.3348823
137,2025-01-15 05:15:34.310404,2025-01-15 05:17:32.378571,3,1,1.9678027833333334
138,2025-01-15 05:35:54.179527,2025-01-15 05:35:54.179527,1,1,0.0
139,2025-01-15 06:01:32.226457,2025-01-15 06:29:33.240196,12,2,28.01689565
140,2025-01-15 06:57:30.820822,2025-01-15 07:43:32.112646,12,2,46.021530399999996
141,2025-01-15 08:07:30.352082,2025-01-15 09:20:52.258663,12,3,73.36510968333333
142,2025-01-15 09:41:01.596277,2025-01-15 10:09:25.959802,12,4,28.40605875
143,2025-01-15 10:25:03.116195,2025-01-15 11:03:24.982152,12,5,38.36443261666667
144,2025-01-15 11:43:24.545526,2025-01-15 12:11:03.244274,12,1,27.644979133333333
145,2025-01-15 12:39:01.330482,2025-01-15 13:15:02.028704,12,2,36.011637033333336
146,2025-01-15 13:33:24.361267,2025-01-15 13:55:01.727768,11,1,21.622775016666665
147,2025-01-15 14:17:01.549476,2025-01-15 15:09:26.314505,12,3,52.41275048333333
148,2025-01-15 15:26:59.313271,2025-01-15 15:27:24.907792,9,1,0.42657535
149,2025-01-15 15:57:24.479998,2025-01-15 16:11:24.675437,7,2,14.003257316666666
150,2025-01-15 16:29:01.378419,2025-01-15 16:33:24.913924,4,1,4.3922584166666665
151,2025-01-15 17:31:00.225006,2025-01-15 18:19:09.283428,12,14,48.1509737
152,2025-01-15 19:16:59.546748,2025-01-15 20:09:25.336399,12,23,52.42982751666667
153,2025-01-15 20:59:25.022720,2025-01-15 21:21:01.825648,11,1,21.613382133333335
154,2025-01-16 09:17:07.174037,2025-01-16 12:21:24.650261,12,20,184.2912704
155,2025-01-16 13:12:59.274448,2025-01-16 13:31:01.283219,11,1,18.033479516666667
156,2025-01-16 13:53:04.922403,2025-01-16 13:53:04.922403,1,1,0.0
157,2025-01-16 14:16:59.426918,2025-01-16 14:17:29.817099,12,5,0.5065030166666666
158,2025-01-16 14:51:02.098005,2025-01-16 15:35:03.857089,12,2,44.02931806666666
159,2025-01-16 16:23:04.267629,2025-01-16 17:14:59.668351,11,2,51.923345366666666
160,2025-01-16 18:15:25.019920,2025-01-16 18:47:02.946881,12,1,31.632116016666664
161,2025-01-16 19:02:59.537715,2025-01-16 19:33:06.677719,12,5,30.11900006666667
162,2025-01-16 20:01:24.064617,2025-01-16 20:33:01.857202,12,14,31.629876416666665
163,2025-01-16 21:14:59.387441,2025-01-16 21:21:03.465215,12,2,6.0679628999999995
164,2025-01-17 04:23:01.199427,2025-01-17 04:43:24.533845,11,1,20.388906966666664
165,2025-01-17 10:53:04.502955,2025-01-17 11:29:24.089409,10,2,36.326440899999994
166,2025-01-17 11:47:24.150609,2025-01-17 11:57:24.085120,11,3,9.998908516666667
167,2025-01-17 12:29:24.738697,2025-01-17 15:05:03.126669,12,23,155.63979953333333
168,2025-01-17 15:28:59.512677,2025-01-17 16:55:03.820511,12,4,86.07179723333334
169,2025-01-17 17:15:25.841406,2025-01-17 18:32:59.590724,12,7,77.56248863333333
170,2025-01-17 19:01:02.567137,2025-01-17 21:05:25.493029,12,10,124.3820982
171,2025-01-17 22:01:01.521365,2025-01-17 22:17:36.734895,11,1,16.586892166666665
172,2025-01-18 06:27:24.508642,2025-01-18 06:27:24.508642,1,1,0.0
173,2025-01-18 10:35:24.459007,2025-01-18 10:47:00.804538,7,1,11.60575885
174,2025-01-18 15:57:23.946022,2025-01-18 15:59:07.520228,10,2,1.7262367666666667
175,2025-01-18 16:39:03.028549,2025-01-18 16:57:25.588916,12,1,18.376006116666666
176,2025-01-18 17:26:59.597081,2025-01-18 17:27:25.218589,9,2,0.4270251333333333
177,2025-01-18 17:49:25.279346,2025-01-18 18:07:04.636919,5,1,17.65595955
178,2025-01-18 20:30:59.683388,2025-01-18 20:31:25.415960,12,1,0.42887620000000004
179,2025-01-18 23:34:59.554089,2025-01-18 23:49:00.852454,9,1,14.021639416666666
180,2025-01-19 07:31:24.105871,2025-01-19 13:45:01.110123,12,40,373.6167375333333
181,2025-01-19 14:29:22.295749,2025-01-19 15:25:02.783874,12,5,55.67480208333333
182,2025-01-20 05:35:02.600200,2025-01-20 06:59:26.182818,12,14,84.39304363333333
183,2025-01-20 08:11:25.064697,2025-01-20 08:49:24.047568,10,2,37.983047850000005
184,2025-01-20 09:18:59.939717,2025-01-20 09:19:24.722458,8,1,0.41304568333333336
185,2025-01-20 10:17:02.218724,2025-01-20 10:29:24.730782,12,1,12.375200966666666
186,2025-01-20 13:01:24.944201,2025-01-20 13:01:24.944201,1,1,0.0
187,2025-01-20 13:35:25.767512,2025-01-20 13:53:01.978965,10,2,17.603524216666663
188,2025-01-20 14:41:02.635238,2025-01-20 15:05:24.916504,12,1,24.371354433333334
189,2025-01-20 15:21:24.386246,2025-01-20 16:25:26.254131,12,4,64.03113141666667
190,2025-01-20 16:42:59.782849,2025-01-20 19:29:24.940169,12,13,166.41928866666666
191,2025-01-20 20:04:59.615280,2025-01-20 20:21:01.844753,9,1,16.037157883333332
192,2025-01-20 22:40:59.719447,2025-01-20 22:41:25.310023,12,1,0.4265096
193,2025-01-21 04:55:23.910831,2025-01-21 05:09:24.883912,8,2,14.016218016666667
194,2025-01-21 06:55:24.832122,2025-01-21 09:19:43.578154,8,15,144.31243386666665
195,2025-01-21 09:45:00.405978,2025-01-21 10:07:24.992089,12,18,22.409768516666666
196,2025-01-21 11:37:01.734776,2025-01-21 11:37:03.014105,2,1,0.021322149999999998
197,2025-01-21 14:35:26.317226,2025-01-21 14:35:26.317226,1,1,0.0
198,2025-01-21 15:11:25.636522,2025-01-21 15:15:02.927262,4,1,3.6215123333333334
199,2025-01-21 15:35:25.606743,2025-01-21 18:23:02.600622,12,43,167.61656465
200,2025-01-21 20:14:59.767339,2025-01-21 20:15:24.867658,10,1,0.41833865
201,2025-01-21 20:33:24.185047,2025-01-21 20:51:25.373339,11,2,18.019804866666668
202,2025-01-22 06:00:59.949958,2025-01-22 06:01:25.596340,10,1,0.4274397
203,2025-01-22 06:30:59.957143,2025-01-22 06:35:06.464073,10,1,4.108448833333333
204,2025-01-22 07:17:00.155682,2025-01-22 07:17:29.768041,12,1,0.49353931666666667
205,2025-01-22 08:52:59.899141,2025-01-22 08:53:25.741440,12,1,0.43070498333333335
206,2025-01-22 09:11:24.859279,2025-01-22 11:15:03.376802,12,12,123.64195871666668
207,2025-01-22 19:17:01.292297,2025-01-22 19:17:30.798582,12,21,0.4917714166666666
208,2025-01-22 20:15:06.322571,2025-01-22 20:23:03.449558,3,1,7.95211645
209,2025-01-23 06:19:26.498877,2025-01-23 06:37:02.588859,10,1,17.601499699999998
210,2025-01-23 07:33:04.073100,2025-01-23 07:33:04.073100,1,1,0.0
211,2025-01-23 08:11:24.881735,2025-01-23 08:29:26.043099,10,1,18.019356066666667
212,2025-01-23 08:56:59.946016,2025-01-23 09:13:02.116342,9,1,16.0361721
213,2025-01-23 09:45:26.202825,2025-01-23 09:45:26.202825,1,1,0.0
214,2025-01-23 10:43:05.895231,2025-01-23 11:11:25.451543,11,1,28.325938533333332
215,2025-01-23 15:09:24.937308,2025-01-23 15:11:26.408930,10,1,2.0245270333333334
216,2025-01-23 15:37:25.205998,2025-01-23 16:11:26.384999,12,2,34.01965001666667
217,2025-01-23 18:23:03.213117,2025-01-23 19:03:01.998926,12,2,39.979763483333336
218,2025-01-24 06:13:26.023040,2025-01-24 06:25:24.516110,5,1,11.9748845
219,2025-01-24 06:49:25.599486,2025-01-24 07:01:25.264783,11,1,11.994421616666667
220,2025-01-24 07:49:24.128521,2025-01-24 07:51:05.534671,10,1,1.6901024999999998
221,2025-01-24 08:29:01.796188,2025-01-24 08:29:03.064994,2,1,0.021146766666666667
222,2025-01-24 10:03:25.044412,2025-01-24 10:03:25.044412,1,1,0.0
223,2025-01-24 11:29:00.012637,2025-01-24 11:29:26.077833,12,2,0.43441993333333334
224,2025-01-24 13:41:01.869400,2025-01-24 13:59:26.867994,10,1,18.416643233333332
225,2025-01-24 16:15:25.297485,2025-01-24 16:27:27.046881,12,5,12.0291566
226,2025-01-24 16:45:25.344498,2025-01-24 16:55:24.939768,9,1,9.9932545
227,2025-01-24 17:15:04.242226,2025-01-24 17:49:04.640298,12,2,34.00663453333333
228,2025-01-24 20:22:59.972956,2025-01-24 20:37:02.445522,9,1,14.041209433333334
229,2025-01-24 22:39:00.043957,2025-01-24 22:39:25.115824,10,1,0.41786445
230,2025-01-25 17:01:24.442278,2025-01-25 17:03:25.158387,1,2,2.0119351500000002
231,2025-01-25 19:03:25.009827,2025-01-25 19:17:32.744813,10,6,14.128916433333334
232,2025-01-25 21:59:02.984899,2025-01-25 22:21:24.575513,12,1,22.359843566666665
233,2025-01-26 05:53:00.084985,2025-01-26 05:53:24.382923,6,1,0.4049656333333333
234,2025-01-26 06:11:00.039266,2025-01-26 06:29:02.649690,10,2,18.043507066666667
235,2025-01-26 16:31:06.402221,2025-01-26 16:48:42.567022,10,2,17.602746683333333
236,2025-01-26 18:09:05.311363,2025-01-26 18:57:05.162899,12,6,47.9975256
237,2025-01-26 23:50:41.939660,2025-01-27 00:09:05.717974,11,1,18.396305233333333
238,2025-01-27 04:09:06.147809,2025-01-27 04:58:42.541275,11,2,49.60655776666667
239,2025-01-27 07:00:41.483927,2025-01-27 07:01:07.291544,11,1,0.43012695
240,2025-01-27 08:00:40.918217,2025-01-27 08:45:07.222082,12,9,44.43839775
241,2025-01-27 09:05:06.780296,2025-01-27 09:27:05.876592,11,2,21.984938266666667
242,2025-01-27 11:17:06.287889,2025-01-27 11:17:06.303952,1,2,0.0002677166666666667
243,2025-01-27 11:36:40.795278,2025-01-27 11:37:07.562109,12,1,0.44611385
244,2025-01-27 13:11:06.411834,2025-01-27 13:49:07.680479,12,2,38.02114408333333
245,2025-01-27 22:17:35.878505,2025-01-27 22:18:01.559432,11,1,0.42801545
246,2025-01-28 04:47:25.736515,2025-01-28 05:05:50.017530,11,2,18.404683583333334
247,2025-01-28 05:31:48.921130,2025-01-28 05:39:50.149683,5,1,8.020475883333333
248,2025-01-28 05:57:49.122683,2025-01-28 06:19:26.937509,12,1,21.630247100000002
249,2025-01-28 10:55:27.213859,2025-01-28 10:55:27.213859,1,1,0.0
250,2025-01-28 14:23:24.143191,2025-01-28 14:37:26.012901,4,1,14.031161833333334
251,2025-01-28 15:21:29.459801,2025-01-28 15:31:49.766149,10,1,10.338439133333333
252,2025-01-28 17:05:27.410540,2025-01-28 17:05:27.410540,1,1,0.0
253,2025-01-28 18:17:26.446998,2025-01-28 18:37:49.160804,5,1,20.378563433333333
254,2025-01-28 20:41:22.234978,2025-01-28 20:46:23.900633,8,2,5.027760916666667
255,2025-01-28 22:31:15.974438,2025-01-28 22:31:15.974438,1,1,0.0
256,2025-01-28 22:53:14.892807,2025-01-28 22:53:15.515049,2,1,0.0103707
257,2025-01-28 23:36:52.361931,2025-01-29 00:04:53.829498,10,3,28.02445945
258,2025-01-29 04:13:15.330494,2025-01-29 04:17:16.042707,1,2,4.011870216666667
259,2025-01-29 05:16:53.179716,2025-01-29 05:16:57.872189,2,10,0.07820788333333333
260,2025-01-29 07:17:16.602488,2025-01-29 07:17:16.605529,1,3,5.068333333333333e-05
261,2025-01-29 08:16:50.655059,2025-01-29 08:40:54.804612,12,27,24.069159216666666
262,2025-01-29 16:49:17.625237,2025-01-29 17:10:52.685697,9,1,21.584341
263,2025-01-29 18:31:15.665760,2025-01-29 18:33:15.578077,8,1,1.9985386166666668
264,2025-01-29 19:16:50.263639,2025-01-29 19:17:16.290016,10,1,0.43377295
265,2025-01-29 20:42:51.632846,2025-01-29 20:42:54.150550,2,1,0.041961733333333334
266,2025-01-29 21:35:14.725708,2025-01-29 22:58:22.863939,11,45,83.13563718333333
267,2025-01-30 06:30:23.174182,2025-01-30 06:58:27.570306,11,4,28.073268733333336
268,2025-01-30 07:20:26.290425,2025-01-30 07:20:26.290425,1,1,0.0
269,2025-01-30 08:16:23.294380,2025-01-30 08:16:51.064308,12,26,0.46283213333333334
270,2025-01-30 09:12:22.965856,2025-01-30 09:14:49.763917,10,3,2.4466343499999996
271,2025-01-30 09:36:48.286824,2025-01-30 09:38:28.213733,10,2,1.6654484833333332
272,2025-01-30 10:14:22.923065,2025-01-30 10:14:50.265384,10,1,0.45570531666666664
273,2025-01-30 10:34:23.000051,2025-01-30 10:40:50.284531,10,2,6.454741333333333
274,2025-01-30 12:16:23.729445,2025-01-30 12:30:49.913298,12,21,14.43639755
275,2025-01-31 10:26:34.976049,2025-01-31 10:27:01.946396,10,1,0.44950578333333335
276,2025-01-31 10:48:39.221964,2025-01-31 11:13:00.464123,11,3,24.354035983333333
277,2025-01-31 12:30:36.889472,2025-01-31 12:47:01.804722,11,1,16.415254166666667
278,2025-01-31 18:39:00.325939,2025-01-31 18:39:01.732958,2,1,0.02345031666666667
279,2025-01-31 21:24:38.693264,2025-01-31 21:44:34.880441,11,1,19.93645295
280,2025-02-01 02:16:34.859401,2025-02-01 02:17:03.173597,12,1,0.47190326666666665
281,2025-02-01 04:50:37.176652,2025-02-01 05:13:01.473445,11,1,22.40494655
282,2025-02-01 05:46:35.015330,2025-02-01 05:47:00.242133,10,1,0.42044671666666666
283,2025-02-01 06:08:37.560435,2025-02-01 06:24:38.436354,11,1,16.01459865
284,2025-02-01 09:36:37.587789,2025-02-01 09:36:37.587789,1,1,0.0
285,2025-02-01 12:43:00.323395,2025-02-01 13:02:37.080310,11,1,19.612615249999998
286,2025-02-01 15:30:34.836939,2025-02-01 15:49:01.253469,12,1,18.4402755
287,2025-02-02 21:14:34.946354,2025-02-02 23:08:59.514040,12,81,114.40946143333333
288,2025-02-03 08:12:38.547671,2025-02-03 08:12:38.547671,1,1,0.0
289,2025-02-03 11:54:35.043771,2025-02-03 12:23:01.126876,11,6,28.434718416666666
290,2025-02-03 14:43:00.354057,2025-02-03 14:43:00.354057,1,1,0.0
291,2025-02-03 15:17:00.295896,2025-02-03 15:17:00.295896,1,1,0.0
292,2025-02-03 15:53:01.701634,2025-02-03 16:16:38.920919,11,1,23.620321416666666
293,2025-02-03 20:56:34.971229,2025-02-03 21:02:37.839302,12,1,6.047801216666667
294,2025-02-04 09:16:36.770706,2025-02-04 09:17:04.935210,12,11,0.4694084
295,2025-02-04 16:36:37.861105,2025-02-04 17:05:00.883039,12,1,28.383698900000002
296,2025-02-04 18:16:35.298005,2025-02-04 18:17:03.707593,11,7,0.4734931333333333
297,2025-02-04 18:58:37.217787,2025-02-04 19:45:06.045912,12,3,46.48046875
298,2025-02-04 23:52:37.034955,2025-02-05 00:06:37.352862,1,2,14.00529845
299,2025-02-05 05:46:39.014071,2025-02-05 05:46:39.014071,1,1,0.0
300,2025-02-05 06:28:39.545051,2025-02-05 06:53:02.087332,10,1,24.375704683333332
301,2025-02-05 07:14:37.631252,2025-02-05 07:53:02.085299,12,3,38.40756745
302,2025-02-05 08:59:00.591674,2025-02-05 10:01:02.096040,12,5,62.02507276666667
303,2025-02-05 11:11:00.568926,2025-02-05 11:37:00.878259,11,2,26.005155549999998
304,2025-02-05 14:34:38.733564,2025-02-05 14:57:02.023670,11,1,22.38816843333333
305,2025-02-05 15:52:42.410185,2025-02-05 15:52:42.410185,1,1,0.0
306,2025-02-05 18:20:39.302349,2025-02-05 18:39:02.053211,11,1,18.379181033333335
307,2025-02-05 19:36:35.290325,2025-02-05 19:37:02.310340,11,1,0.45033358333333334
308,2025-02-05 21:00:38.133180,2025-02-05 21:00:38.133180,1,1,0.0
309,2025-02-05 22:16:35.472112,2025-02-05 22:17:15.183833,12,5,0.6618620166666667
310,2025-02-05 22:52:37.097975,2025-02-05 23:00:59.770696,3,1,8.377878683333334
311,2025-02-05 23:52:37.639658,2025-02-05 23:52:37.639658,1,1,0.0
312,2025-02-06 07:44:37.342873,2025-02-06 08:09:00.297410,12,2,24.382575616666667
313,2025-02-06 09:07:00.426447,2025-02-06 09:25:00.313986,1,3,17.998125650000002
314,2025-02-06 10:21:00.313467,2025-02-06 10:21:00.313467,1,1,0.0
315,2025-02-06 12:06:39.004922,2025-02-06 12:41:01.397303,12,1,34.373206350000004
316,2025-02-07 06:12:39.209605,2025-02-07 06:12:39.209605,1,1,0.0
317,2025-02-07 06:48:40.532526,2025-02-07 06:54:40.122048,1,2,5.9931586999999995
318,2025-02-07 10:57:00.855801,2025-02-07 10:57:00.855801,1,1,0.0
319,2025-02-07 11:16:35.734156,2025-02-07 12:08:38.511422,12,167,52.046287766666666
320,2025-02-07 12:49:02.321452,2025-02-07 13:23:00.520005,12,4,33.96997588333333
321,2025-02-07 14:35:00.699183,2025-02-07 14:48:38.537520,11,1,13.63063895
322,2025-02-07 16:40:35.664200,2025-02-07 16:41:02.440289,11,1,0.44626815
323,2025-02-07 19:44:41.019905,2025-02-07 20:05:02.112214,11,1,20.351538483333332
324,2025-02-07 22:13:00.931750,2025-02-07 22:28:39.203620,10,1,15.637864500000001
325,2025-02-08 05:17:02.425540,2025-02-08 05:35:00.313410,11,1,17.964797833333332
326,2025-02-08 06:20:35.332935,2025-02-08 10:31:00.406372,12,96,250.41789061666665
327,2025-02-08 16:32:35.787447,2025-02-08 16:52:37.656278,11,4,20.031147183333335
328,2025-02-08 17:15:00.513996,2025-02-08 17:41:01.803290,11,3,26.021488233333333
329,2025-02-08 18:09:01.849167,2025-02-08 18:58:38.138358,12,3,49.60481985
330,2025-02-09 07:20:38.529747,2025-02-09 07:20:38.529747,1,1,0.0
331,2025-02-09 08:40:35.607732,2025-02-09 08:41:01.648028,10,2,0.43400493333333334
332,2025-02-09 09:16:35.738962,2025-02-09 09:41:01.455770,12,6,24.428613466666665
333,2025-02-09 17:41:00.304156,2025-02-09 17:41:00.304156,1,1,0.0
334,2025-02-10 04:16:35.734627,2025-02-10 04:38:39.189520,12,3,22.057581550000002
335,2025-02-10 06:19:02.116059,2025-02-10 06:33:01.083572,10,1,13.982791883333334
336,2025-02-10 07:28:35.566153,2025-02-10 07:41:02.120580,11,2,12.442573783333334
337,2025-02-10 08:21:00.962039,2025-02-10 13:43:02.505937,12,43,322.02573163333335
338,2025-02-10 15:07:01.304424,2025-02-10 15:23:01.164512,11,2,15.997668133333333
339,2025-02-10 17:16:36.049344,2025-02-10 17:17:03.484349,11,2,0.45725008333333333
340,2025-02-10 17:37:00.817867,2025-02-10 17:37:00.819114,1,2,2.0783333333333335e-05
341,2025-02-10 18:04:38.266119,2025-02-10 18:47:01.973814,12,4,42.39512825
342,2025-02-10 19:09:01.135234,2025-02-10 20:03:01.393588,12,3,54.0043059
343,2025-02-10 21:16:38.003389,2025-02-10 21:16:38.003389,1,1,0.0
344,2025-02-11 05:25:01.088976,2025-02-11 05:58:39.798432,11,4,33.6451576
345,2025-02-11 06:14:38.373202,2025-02-11 06:16:39.612902,2,1,2.020661666666667
346,2025-02-11 06:52:40.249863,2025-02-11 07:27:02.205931,12,3,34.365934466666666
347,2025-02-11 08:35:00.870704,2025-02-11 08:46:39.079822,4,1,11.636818633333332
348,2025-02-11 09:30:39.652047,2025-02-11 09:53:02.502339,11,1,22.380838200000003
349,2025-02-11 10:21:00.663677,2025-02-11 10:45:02.910269,12,1,24.0374432
350,2025-02-12 10:16:36.389546,2025-02-12 10:17:05.459823,12,9,0.48450461666666667
351,2025-02-12 11:56:35.675678,2025-02-12 11:57:02.466778,11,1,0.44651833333333335
352,2025-02-12 12:14:35.805223,2025-02-12 12:51:01.622720,12,4,36.430291616666665
353,2025-02-12 15:54:35.858128,2025-02-12 15:55:02.628805,11,6,0.44617795
354,2025-02-12 16:34:39.778815,2025-02-12 17:03:03.087010,11,3,28.38846991666667
355,2025-02-12 17:21:01.195059,2025-02-12 17:22:41.665781,11,1,1.6745120333333332
356,2025-02-12 18:16:38.023992,2025-02-12 18:33:02.698098,10,1,16.411235100000003
357,2025-02-13 06:20:41.114944,2025-02-13 06:47:02.748693,11,1,26.360562483333336
358,2025-02-13 11:58:36.321252,2025-02-13 12:03:01.120331,3,1,4.413317983333333
359,2025-02-13 15:41:21.084847,2025-02-13 15:41:21.099515,1,2,0.0002444666666666667
360,2025-02-13 16:59:43.641932,2025-02-13 16:59:43.641932,1,1,0.0
361,2025-02-13 18:51:18.919755,2025-02-13 18:51:45.109228,12,8,0.4364912166666667
362,2025-02-13 19:15:44.678506,2025-02-13 19:15:44.678506,1,1,0.0
363,2025-02-14 05:35:18.885417,2025-02-14 05:35:44.639034,9,1,0.42922695
364,2025-02-14 06:23:44.517430,2025-02-14 06:23:45.169253,2,3,0.010863716666666667
365,2025-02-14 06:55:21.936870,2025-02-14 07:19:44.286874,12,1,24.372500066666664
366,2025-02-14 07:57:20.898610,2025-02-14 07:59:44.149001,7,1,2.387506516666667
367,2025-02-14 08:17:18.881920,2025-02-14 08:31:43.525750,11,4,14.4107305
368,2025-02-14 11:57:18.322486,2025-02-14 12:43:44.062407,12,9,46.42899868333333
369,2025-02-14 13:53:43.395746,2025-02-14 14:07:20.986655,9,1,13.62651515
370,2025-02-14 14:53:21.891000,2025-02-14 15:11:45.252462,12,1,18.3893577
371,2025-02-14 17:17:19.047938,2025-02-14 18:35:44.000255,12,4,78.41587195000001
372,2025-02-14 22:17:19.003448,2025-02-14 22:59:43.476788,12,148,42.407889
373,2025-02-14 23:31:20.299524,2025-02-15 00:12:11.881402,12,164,40.859697966666666
374,2025-02-15 00:30:11.520237,2025-02-15 00:30:11.520237,1,1,0.0
375,2025-02-15 01:06:11.340747,2025-02-15 01:06:11.340747,1,1,0.0
376,2025-02-15 01:23:48.544800,2025-02-15 01:52:11.367745,11,1,28.380382416666667
377,2025-02-15 05:28:10.190708,2025-02-15 05:41:52.331164,9,3,13.702340933333334
378,2025-02-15 05:58:12.522491,2025-02-15 06:08:13.078063,10,11,10.009259533333333
379,2025-02-15 06:31:46.832029,2025-02-15 07:11:51.193357,12,45,40.0726888
380,2025-02-15 07:32:11.851314,2025-02-15 07:53:48.819194,10,1,21.616131333333332
381,2025-02-15 11:45:47.240887,2025-02-15 12:51:49.719522,12,13,66.04131058333333
382,2025-02-15 14:24:12.259910,2025-02-15 14:47:49.942250,12,1,23.628039
383,2025-02-15 17:40:11.311914,2025-02-15 17:40:11.311914,1,1,0.0
384,2025-02-15 18:14:11.905681,2025-02-15 18:26:11.678850,1,2,11.996219483333334
385,2025-02-15 18:42:11.646520,2025-02-15 18:42:11.646520,1,1,0.0
386,2025-02-16 00:26:11.035302,2025-02-16 00:36:11.999036,9,1,10.016062233333335
387,2025-02-16 08:38:12.041623,2025-02-16 08:58:13.022325,11,10,20.016345033333334
388,2025-02-16 09:20:12.530775,2025-02-16 09:22:12.619260,7,6,2.0014747500000003
389,2025-02-16 09:47:47.287330,2025-02-16 09:48:13.305282,11,5,0.43363253333333335
390,2025-02-16 10:05:47.070986,2025-02-16 10:18:13.375064,11,24,12.4384013
391,2025-02-16 10:33:50.019949,2025-02-16 10:33:50.019949,1,1,0.0
392,2025-02-16 10:59:47.407497,2025-02-16 11:38:13.352310,12,40,38.43241355
393,2025-02-16 11:57:47.920805,2025-02-16 12:02:13.341358,12,24,4.423675883333333
394,2025-02-16 12:26:13.453499,2025-02-16 16:24:12.167053,12,191,237.97855923333333
395,2025-02-16 21:24:11.472715,2025-02-16 21:24:11.472715,1,1,0.0
396,2025-02-16 22:08:00.062695,2025-02-16 23:39:50.019443,12,26,91.83261246666666
397,2025-02-17 00:01:49.349439,2025-02-17 00:18:13.829287,11,1,16.407997466666664
398,2025-02-17 05:59:50.532810,2025-02-17 06:17:59.052258,11,3,18.1419908
399,2025-02-17 06:56:14.059188,2025-02-17 06:56:14.059188,1,1,0.0
400,2025-02-17 07:17:51.082948,2025-02-17 07:29:47.175726,11,1,11.934879633333333
401,2025-02-17 07:49:47.064902,2025-02-17 08:23:51.186451,12,1,34.06869248333333
402,2025-02-17 16:54:12.509965,2025-02-17 16:56:13.846726,3,1,2.02227935
403,2025-02-17 17:55:47.225178,2025-02-17 17:56:12.704412,10,3,0.42465390000000003
404,2025-02-17 18:16:11.952950,2025-02-17 18:18:12.568705,6,3,2.010262583333333
405,2025-02-17 18:55:47.116248,2025-02-17 20:03:48.904724,11,16,68.02980793333333
406,2025-02-17 21:29:49.505428,2025-02-17 21:29:49.505428,1,1,0.0
407,2025-02-17 22:51:49.112470,2025-02-17 23:04:12.260349,8,1,12.385797983333333
408,2025-02-18 00:23:48.563906,2025-02-18 00:28:11.513814,3,2,4.382498466666666
409,2025-02-18 03:16:10.806913,2025-02-18 03:39:50.214505,9,3,23.6567932
410,2025-02-18 06:16:12.324111,2025-02-18 06:18:08.164041,12,12,1.9306655
411,2025-02-18 07:09:47.549066,2025-02-18 07:30:12.892095,11,3,20.422383816666663
412,2025-02-18 10:16:12.436573,2025-02-18 11:48:12.453885,12,12,92.00028853333333
413,2025-02-18 12:33:47.300037,2025-02-18 12:57:51.266241,12,4,24.0661034
414,2025-02-18 13:57:50.465595,2025-02-18 14:24:12.760394,12,2,26.371579983333334
415,2025-02-18 15:02:13.508483,2025-02-18 15:02:13.508483,1,1,0.0
416,2025-02-18 18:16:12.769372,2025-02-18 18:33:49.213949,10,3,17.607409616666665
417,2025-02-18 18:58:13.463786,2025-02-18 19:08:12.284500,10,1,9.980345233333333
418,2025-02-18 22:06:11.606502,2025-02-18 22:11:48.940542,3,1,5.622234000000001
419,2025-02-19 00:29:49.636660,2025-02-19 00:42:11.452357,3,2,12.36359495
420,2025-02-19 04:59:49.908080,2025-02-19 05:26:12.455045,11,2,26.37578275
421,2025-02-19 05:53:51.859197,2025-02-19 06:20:12.885593,12,8,26.350439933333334
422,2025-02-19 07:03:47.423575,2025-02-19 07:18:13.672339,11,8,14.4374794
423,2025-02-19 08:34:12.672605,2025-02-19 09:01:50.652780,12,1,27.633002916666666
424,2025-02-19 09:31:50.341402,2025-02-19 09:58:14.117144,11,1,26.39626236666667
425,2025-02-19 11:06:11.120933,2025-02-19 12:15:50.939993,12,3,69.663651
426,2025-02-19 12:51:49.201273,2025-02-19 13:12:13.067571,11,2,20.39777163333333
427,2025-02-19 16:20:12.502555,2025-02-19 16:42:12.794978,12,1,22.00487371666667
428,2025-02-19 17:07:51.460117,2025-02-19 17:40:35.241674,11,4,32.72969261666667
429,2025-02-19 18:02:37.040192,2025-02-19 18:13:56.588252,6,1,11.325801
430,2025-02-19 18:59:47.444718,2025-02-19 20:49:48.935628,11,8,110.0248485
431,2025-02-19 21:07:51.319536,2025-02-19 21:10:12.021869,2,2,2.3450388833333333
432,2025-02-19 22:16:15.215644,2025-02-19 22:18:09.222597,2,1,1.9001158833333334
433,2025-02-20 04:16:13.666354,2025-02-20 04:16:14.318858,3,1,0.010875066666666666
434,2025-02-20 06:32:12.903110,2025-02-20 06:44:12.495600,11,1,11.993208166666667
435,2025-02-20 09:15:49.835988,2025-02-20 09:36:14.361793,12,1,20.408763416666666
436,2025-02-20 10:40:12.061655,2025-02-20 11:15:50.647546,11,2,35.643098183333336
437,2025-02-20 12:57:47.409291,2025-02-20 13:56:12.496118,12,8,58.41811378333333
438,2025-02-20 14:11:49.682020,2025-02-20 14:41:53.478696,12,5,30.06327793333333
439,2025-02-20 15:15:50.478596,2025-02-20 15:46:14.434792,12,3,30.399269933333336
440,2025-02-20 18:22:12.549588,2025-02-20 18:22:12.549862,1,2,4.5666666666666664e-06
441,2025-02-20 18:46:13.979161,2025-02-20 19:43:52.582135,11,3,57.6433829
442,2025-02-20 21:42:12.416566,2025-02-20 21:42:12.416566,1,1,0.0
443,2025-02-20 22:26:12.251324,2025-02-21 01:50:11.785256,8,30,203.99223220000002
444,2025-02-21 02:16:12.355356,2025-02-21 02:18:07.646476,6,1,1.9215186666666668
445,2025-02-21 03:16:12.097022,2025-02-21 03:32:12.905244,8,3,16.013470366666667
446,2025-02-21 03:56:13.084400,2025-02-21 04:06:12.287315,7,1,9.98671525
447,2025-02-21 04:54:12.401214,2025-02-21 05:08:12.877323,8,1,14.00793515
448,2025-02-21 05:34:13.838333,2025-02-21 06:06:13.776407,8,2,31.9989679
449,2025-02-21 06:26:17.705199,2025-02-21 06:44:12.788831,8,2,17.918060533333335
450,2025-02-21 07:12:12.851904,2025-02-21 07:12:12.851904,1,1,0.0
451,2025-02-21 07:32:12.176371,2025-02-21 07:50:12.825782,8,1,18.01082351666667
452,2025-02-21 08:16:12.842522,2025-02-21 08:58:14.007344,8,3,42.0194137
453,2025-02-21 09:20:12.687775,2025-02-21 09:44:24.718332,11,57,24.200509283333336
454,2025-02-21 10:07:47.431789,2025-02-21 10:26:13.826733,12,2,18.439915733333333
455,2025-02-21 10:58:12.330860,2025-02-21 11:32:12.399960,11,2,34.001151666666665
456,2025-02-21 11:56:13.716392,2025-02-21 12:22:13.935442,10,2,26.00365083333333
457,2025-02-21 12:42:12.313558,2025-02-21 13:18:12.864090,12,3,36.009175533333334
458,2025-02-21 13:40:13.873955,2025-02-21 15:50:12.751335,12,10,129.98128966666667
459,2025-02-21 16:15:51.016793,2025-02-21 17:22:14.228005,12,6,66.38685353333334
460,2025-02-21 18:04:12.750574,2025-02-21 18:28:13.996206,12,8,24.02076053333333
461,2025-02-21 18:51:50.541381,2025-02-21 19:26:13.716063,12,2,34.3862447
462,2025-02-21 22:01:47.479501,2025-02-21 22:18:16.009128,11,12,16.475493783333334
463,2025-02-22 08:08:12.534991,2025-02-22 08:15:50.244554,4,1,7.628492716666667
464,2025-02-22 08:57:49.922063,2025-02-22 09:28:13.538551,12,1,30.39360813333333
465,2025-02-22 11:05:49.148268,2025-02-22 11:32:12.288997,11,1,26.385678816666665
466,2025-02-22 14:57:49.777217,2025-02-22 14:57:49.777217,1,1,0.0
467,2025-02-22 19:16:12.343741,2025-02-22 20:30:12.796985,11,8,74.00755406666667
468,2025-02-22 20:54:12.581578,2025-02-22 21:26:12.345254,12,9,31.99606126666667
469,2025-02-23 10:22:13.035299,2025-02-23 10:47:50.043217,11,1,25.616798633333335
470,2025-02-23 12:01:47.613227,2025-02-23 13:10:12.888008,12,11,68.42124635
471,2025-02-23 19:11:50.608229,2025-02-23 19:31:49.129840,11,1,19.975360183333333
472,2025-02-23 21:21:59.207636,2025-02-23 21:43:52.348828,1,4,21.885686533333335
473,2025-02-23 22:16:13.856449,2025-02-23 22:18:11.839708,8,4,1.9663876500000002
474,2025-02-24 04:07:50.304590,2025-02-24 04:15:52.914221,2,2,8.043493849999999
475,2025-02-24 05:16:13.240573,2025-02-24 05:17:49.263640,8,2,1.60038445
476,2025-02-24 05:53:50.447001,2025-02-24 07:17:51.051229,11,4,84.01007046666668
477,2025-02-24 08:31:49.321951,2025-02-24 09:53:49.684393,11,4,82.0060407
478,2025-02-24 10:30:14.207879,2025-02-24 12:31:52.048485,12,5,121.63067676666667
479,2025-02-24 13:17:50.587357,2025-02-24 13:17:50.587418,1,2,1.0166666666666667e-06
480,2025-02-24 13:53:53.509521,2025-02-24 15:17:51.736889,12,10,83.97045613333333
481,2025-02-24 16:17:51.280789,2025-02-24 17:51:49.536278,12,5,93.97092481666667
482,2025-02-24 18:44:13.459207,2025-02-24 18:51:52.774744,9,3,7.65525895
483,2025-02-24 19:08:12.856891,2025-02-24 20:08:13.133331,11,7,60.00460733333333
484,2025-02-24 22:03:49.402138,2025-02-24 22:22:12.016408,4,4,18.376904500000002
485,2025-02-24 22:47:49.506744,2025-02-24 22:47:49.525951,1,2,0.00032011666666666665
486,2025-02-24 23:17:55.910604,2025-02-24 23:17:55.910714,1,2,1.8333333333333335e-06
487,2025-02-25 00:05:49.633623,2025-02-25 00:17:54.479622,4,5,12.08076665
488,2025-02-25 01:17:54.889188,2025-02-25 01:17:54.889188,1,1,0.0
489,2025-02-25 02:16:13.150969,2025-02-25 02:17:56.652501,3,5,1.7250255333333333
490,2025-02-25 03:05:49.340822,2025-02-25 03:05:49.340822,1,1,0.0
491,2025-02-25 05:34:12.664496,2025-02-25 05:36:14.126888,9,1,2.0243732
492,2025-02-25 06:59:47.599075,2025-02-25 07:28:17.400611,11,8,28.496692266666667
493,2025-02-25 08:03:57.573145,2025-02-25 08:43:49.882256,12,4,39.871818516666664
494,2025-02-25 09:26:12.652340,2025-02-25 09:27:53.313181,10,1,1.6776806833333333
495,2025-02-25 09:45:51.352560,2025-02-25 10:04:14.403474,11,1,18.384181899999998
496,2025-02-25 10:45:51.606385,2025-02-25 10:45:51.606385,1,1,0.0
497,2025-02-25 11:07:50.442874,2025-02-25 11:29:53.383308,12,30,22.049007233333334
498,2025-02-25 12:33:47.642591,2025-02-25 12:49:49.567296,11,1,16.032078416666668
499,2025-02-25 14:01:50.683809,2025-02-25 14:20:14.853247,10,1,18.402823966666666
500,2025-02-25 17:29:50.701406,2025-02-25 18:20:13.183092,12,3,50.37469476666667
501,2025-02-25 18:42:13.187216,2025-02-25 18:57:52.690858,10,1,15.658394033333334
502,2025-02-25 19:54:12.314780,2025-02-25 19:55:53.282277,12,1,1.6827916166666665
503,2025-02-25 20:54:13.599346,2025-02-25 20:54:13.599346,1,1,0.0
504,2025-02-26 04:37:52.728699,2025-02-26 04:43:50.683159,3,1,5.965907666666666
505,2025-02-26 05:16:13.282167,2025-02-26 05:17:50.636749,9,1,1.6225763666666666
506,2025-02-26 05:58:12.646336,2025-02-26 05:58:12.646336,1,1,0.0
507,2025-02-26 08:40:13.857681,2025-02-26 09:23:51.493352,11,5,43.62726118333333
508,2025-02-26 09:58:12.849181,2025-02-26 10:48:13.260467,12,3,50.00685476666667
509,2025-02-26 12:48:13.236716,2025-02-26 12:48:13.250868,1,2,0.00023586666666666666
510,2025-02-26 13:07:49.741033,2025-02-26 13:50:13.361228,11,5,42.39366991666667
511,2025-02-26 14:23:47.919266,2025-02-26 14:24:14.676558,11,1,0.44595486666666667
512,2025-02-26 14:59:50.710007,2025-02-26 15:32:14.969283,11,1,32.40432126666666
513,2025-02-26 16:39:47.753219,2025-02-26 16:40:15.898446,12,1,0.46908711666666664
514,2025-02-26 18:11:50.947288,2025-02-26 18:30:13.258789,5,1,18.37185835
515,2025-02-26 23:32:11.379042,2025-02-26 23:34:13.164777,11,19,2.02976225
516,2025-02-27 00:16:12.349840,2025-02-27 00:18:15.309665,11,5,2.0493304166666664
517,2025-02-27 01:16:10.249390,2025-02-27 01:17:59.990764,11,3,1.8290228999999998
518,2025-02-27 04:18:13.386046,2025-02-27 04:37:53.413957,12,1,19.667131849999997
519,2025-02-27 06:55:47.938361,2025-02-27 07:00:13.039266,11,1,4.4183484166666664
520,2025-02-27 07:40:14.592094,2025-02-27 07:40:14.592094,1,1,0.0
521,2025-02-27 08:14:13.061896,2025-02-27 08:24:13.117610,1,2,10.000928566666666
522,2025-02-27 08:40:12.781895,2025-02-27 09:38:14.580508,12,2,58.02997688333333
523,2025-02-27 16:20:13.200890,2025-02-27 16:39:50.554403,11,1,19.62255855
524,2025-02-27 17:34:14.472396,2025-02-27 19:32:13.492586,12,10,117.98366983333334
525,2025-02-27 23:37:49.941122,2025-02-27 23:37:49.941122,1,1,0.0
526,2025-02-28 00:09:49.772624,2025-02-28 00:09:49.772624,1,1,0.0
527,2025-02-28 05:27:51.687080,2025-02-28 05:27:51.687080,1,1,0.0
528,2025-02-28 05:55:50.849917,2025-02-28 06:14:13.402000,11,1,18.37586805
529,2025-02-28 08:51:48.029726,2025-02-28 09:32:13.275873,12,1,40.42076911666666
530,2025-02-28 10:42:13.034506,2025-02-28 11:05:51.039342,12,1,23.633413933333333
531,2025-02-28 14:28:14.248467,2025-02-28 14:28:14.248467,1,1,0.0
532,2025-02-28 17:49:49.865509,2025-02-28 18:11:50.870798,11,1,22.016754816666666
533,2025-02-28 18:32:13.228091,2025-02-28 19:05:51.861926,12,1,33.64389725
534,2025-03-01 05:43:48.141036,2025-03-01 05:43:48.141036,1,1,0.0
535,2025-03-01 15:16:13.241089,2025-03-01 15:17:53.782331,9,1,1.6756873666666665
536,2025-03-01 19:23:50.660675,2025-03-01 19:23:50.660675,1,1,0.0
537,2025-03-01 19:45:51.195554,2025-03-01 19:45:51.195554,1,1,0.0
538,2025-03-01 21:11:48.349683,2025-03-01 21:12:12.929717,10,1,0.4096672333333334
539,2025-03-02 01:45:49.979339,2025-03-02 01:46:12.348024,7,1,0.3728114166666667
540,2025-03-02 22:42:13.071901,2025-03-02 22:42:13.071901,1,1,0.0
541,2025-03-02 23:51:50.503985,2025-03-03 00:05:48.232953,10,1,13.962149466666666
542,2025-03-03 08:02:13.311685,2025-03-03 08:16:15.277662,2,21,14.032766283333332
543,2025-03-03 09:02:14.366759,2025-03-03 09:02:14.368265,1,6,2.51e-05
544,2025-03-03 09:35:49.662182,2025-03-03 09:40:13.490411,5,1,4.397137150000001
545,2025-03-03 10:37:50.416626,2025-03-03 10:39:08.093830,12,47,1.2946200666666667
546,2025-03-03 11:16:04.557908,2025-03-03 11:18:05.003314,11,2,2.0074234333333334
547,2025-03-03 16:55:37.345727,2025-03-03 16:55:43.083665,3,2,0.09563229999999999
548,2025-03-03 18:08:04.178472,2025-03-03 18:16:02.580936,9,1,7.9733744
549,2025-03-03 20:33:37.272813,2025-03-03 20:45:41.901672,5,1,12.07714765
550,2025-03-03 21:09:09.138370,2025-03-03 21:46:39.816110,12,8,37.51129566666667
551,2025-03-03 23:32:16.291591,2025-03-03 23:34:18.511320,3,1,2.0369954833333335
552,2025-03-04 00:16:41.743383,2025-03-04 00:44:16.560031,9,1,27.580277466666665
553,2025-03-04 03:36:14.622168,2025-03-04 03:36:39.502933,10,2,0.4146794166666667
554,2025-03-04 04:32:40.559415,2025-03-04 04:32:40.559415,1,1,0.0
555,2025-03-04 05:06:40.954536,2025-03-04 05:06:40.954536,1,1,0.0
556,2025-03-04 05:44:41.711477,2025-03-04 05:44:41.711477,1,1,0.0
557,2025-03-04 06:20:41.600606,2025-03-04 06:28:41.083120,1,2,7.991375233333333
558,2025-03-04 06:44:41.354047,2025-03-04 06:44:41.354047,1,1,0.0
559,2025-03-04 07:20:40.109945,2025-03-04 08:20:41.234352,12,4,60.01874011666666
560,2025-03-04 10:48:17.776816,2025-03-04 11:08:14.398176,10,1,19.943689333333335
561,2025-03-04 11:34:16.605870,2025-03-04 12:56:18.070507,12,7,82.02441061666667
562,2025-03-04 13:50:39.713943,2025-03-04 14:04:19.491406,6,1,13.662957716666666
563,2025-03-04 14:56:39.728155,2025-03-04 15:18:20.765643,10,1,21.68395813333333
564,2025-03-04 16:04:20.138981,2025-03-04 16:06:16.995097,2,1,1.9476019333333334
565,2025-03-04 17:07:00.380604,2025-03-04 17:07:00.380604,1,1,0.0
566,2025-03-04 17:54:40.127729,2025-03-04 17:54:41.619523,2,3,0.024863233333333335
567,2025-03-04 18:18:41.757672,2025-03-04 18:42:18.127114,11,1,23.606157366666665
568,2025-03-04 20:30:40.467971,2025-03-04 21:00:17.428448,11,1,29.61600795
569,2025-03-05 04:24:39.545537,2025-03-05 04:24:39.545537,1,1,0.0
570,2025-03-05 05:42:14.982102,2025-03-05 05:42:40.319238,10,1,0.42228560000000004
571,2025-03-05 06:38:14.978989,2025-03-05 06:38:41.158417,11,4,0.43632380000000004
572,2025-03-05 07:00:18.099743,2025-03-05 07:02:15.218103,11,2,1.9519726666666666
573,2025-03-05 08:16:14.589524,2025-03-05 08:16:43.634389,12,11,0.4840810833333334
574,2025-03-05 13:50:39.531434,2025-03-05 13:50:39.531434,1,1,0.0
575,2025-03-05 14:16:17.868363,2025-03-05 14:32:41.784345,11,2,16.3985997
576,2025-03-05 22:16:21.121381,2025-03-05 22:16:56.402915,12,11,0.5880255666666667
577,2025-03-06 11:25:14.007956,2025-03-06 11:32:54.501079,8,1,7.674885383333334
578,2025-03-06 12:26:51.724096,2025-03-06 12:49:15.654086,12,1,22.39883316666667
579,2025-03-06 14:43:14.463980,2025-03-06 14:43:14.463980,1,1,0.0
580,2025-03-06 15:51:13.996305,2025-03-06 16:01:14.139884,6,1,10.002392983333333
581,2025-03-06 17:08:51.002278,2025-03-06 20:04:51.461214,12,17,176.00764893333334
582,2025-03-06 20:22:49.028251,2025-03-06 20:46:50.238449,12,2,24.020169966666668
583,2025-03-06 21:52:50.132187,2025-03-06 21:52:53.284913,2,1,0.05254543333333333
584,2025-03-06 22:47:12.495582,2025-03-06 22:50:49.890600,3,1,3.6232503
585,2025-03-06 23:27:13.424219,2025-03-07 00:22:50.670172,4,5,55.620765883333334
586,2025-03-07 00:47:12.555494,2025-03-07 00:50:49.710497,3,1,3.6192500499999998
587,2025-03-07 02:34:52.465286,2025-03-07 14:49:14.525652,12,177,734.3676727666666
588,2025-03-07 15:41:14.098188,2025-03-07 15:41:14.098188,1,1,0.0
589,2025-03-07 16:02:51.580534,2025-03-07 16:52:48.678360,12,2,49.951630433333335
590,2025-03-07 17:20:48.634852,2025-03-07 17:36:51.107460,5,1,16.041210133333333
591,2025-03-07 18:04:51.888933,2025-03-07 21:04:51.907390,12,18,180.00030761666667
592,2025-03-08 08:33:13.664817,2025-03-08 08:33:13.664817,1,1,0.0
593,2025-03-08 13:57:13.192776,2025-03-08 13:57:13.192776,1,1,0.0
594,2025-03-08 18:00:54.269901,2025-03-08 19:53:14.061458,12,10,112.32985928333332
595,2025-03-08 20:10:51.375393,2025-03-08 20:35:14.085427,12,1,24.378500566666666
596,2025-03-08 21:44:54.916739,2025-03-08 22:05:14.677653,11,2,20.329348566666667
597,2025-03-09 07:58:48.762526,2025-03-09 08:27:13.926997,12,1,28.419407850000002
598,2025-03-09 12:24:50.998161,2025-03-09 12:26:50.847829,1,2,1.9974944666666665
599,2025-03-09 13:58:50.288520,2025-03-09 14:09:14.073753,8,1,10.396420549999998
600,2025-03-09 15:16:52.054702,2025-03-09 15:17:16.971240,7,2,0.41527563333333334
601,2025-03-09 18:32:49.182014,2025-03-09 18:33:14.859430,10,2,0.42795693333333334
602,2025-03-09 19:52:51.595749,2025-03-09 20:11:15.486349,10,1,18.398176666666664
603,2025-03-09 22:48:52.967438,2025-03-09 22:49:14.580352,10,4,0.36021523333333333
604,2025-03-10 04:50:51.020585,2025-03-10 05:07:15.709591,10,1,16.411483433333334
605,2025-03-10 05:30:51.097939,2025-03-10 05:59:14.343626,10,3,28.38742811666667
606,2025-03-10 06:15:15.504352,2025-03-10 06:15:15.504352,1,1,0.0
607,2025-03-10 09:18:49.431863,2025-03-10 09:18:53.054169,1,7,0.06037176666666667
608,2025-03-10 10:44:50.815517,2025-03-10 10:44:50.839763,1,2,0.0004041
609,2025-03-10 11:04:54.037096,2025-03-10 11:25:14.186692,10,2,20.3358266
610,2025-03-10 15:16:50.409754,2025-03-10 17:26:52.239464,12,12,130.03049516666667
611,2025-03-10 17:54:51.051134,2025-03-10 18:11:15.866426,7,1,16.4135882
612,2025-03-10 19:11:15.879960,2025-03-10 19:35:15.366077,11,2,23.99143528333333
613,2025-03-10 20:15:14.605080,2025-03-10 20:15:14.610776,1,3,9.493333333333333e-05
614,2025-03-11 03:12:48.975421,2025-03-11 03:30:50.927322,9,1,18.032531683333332
615,2025-03-11 03:53:14.188996,2025-03-11 04:55:14.652670,11,4,62.0077279
616,2025-03-11 08:16:49.102112,2025-03-11 08:28:51.771781,11,2,12.044494483333333
617,2025-03-11 08:45:14.422086,2025-03-11 10:00:52.911662,12,6,75.64149293333334
618,2025-03-11 10:16:49.302691,2025-03-11 10:20:52.966427,12,4,4.061062266666666
619,2025-03-11 10:37:15.820187,2025-03-11 11:21:14.477131,12,5,43.97761573333333
620,2025-03-11 11:42:49.524209,2025-03-11 11:43:15.895277,11,1,0.4395178
621,2025-03-11 11:59:15.110635,2025-03-11 12:03:15.446327,2,1,4.005594866666667
622,2025-03-11 14:06:49.082736,2025-03-11 15:05:12.907231,12,2,58.39707491666666
623,2025-03-11 16:29:13.346366,2025-03-11 16:51:14.515924,11,2,22.019492633333336
624,2025-03-11 17:48:54.065272,2025-03-11 17:56:52.171051,5,1,7.96842965
625,2025-03-11 22:47:13.520971,2025-03-11 22:50:50.214893,3,1,3.6115653666666665
626,2025-03-12 00:20:51.335559,2025-03-12 00:47:13.358610,12,1,26.36705085
627,2025-03-12 03:53:14.068279,2025-03-12 04:47:14.599303,12,3,54.0088504
628,2025-03-12 05:13:14.441754,2025-03-12 05:47:15.778442,11,2,34.02227813333334
629,2025-03-12 08:33:15.507241,2025-03-12 08:33:15.507241,1,1,0.0
630,2025-03-12 13:53:15.569437,2025-03-12 14:39:17.360582,12,14,46.02985241666667
631,2025-03-12 15:41:16.394768,2025-03-12 16:16:53.249949,12,2,35.614253016666666
632,2025-03-12 17:16:49.055417,2025-03-12 21:04:51.624334,12,20,228.04281528333334
633,2025-03-12 22:50:49.127702,2025-03-12 23:26:51.776427,12,1,36.044145416666666
634,2025-03-13 03:12:49.208658,2025-03-13 03:30:50.748699,9,1,18.02566735
635,2025-03-13 03:55:17.777426,2025-03-13 04:56:51.437671,11,5,61.56100408333334
636,2025-03-13 05:14:56.013631,2025-03-13 05:27:19.543441,10,1,12.3921635
637,2025-03-13 06:01:17.912851,2025-03-13 06:23:18.494675,9,18,22.009697066666668
638,2025-03-13 06:41:19.547323,2025-03-13 06:41:19.547323,1,1,0.0
639,2025-03-13 08:22:49.347535,2025-03-13 08:46:54.764784,11,1,24.090287483333334
640,2025-03-13 13:16:50.027464,2025-03-13 13:26:54.686550,6,2,10.077651433333333
641,2025-03-13 13:57:47.427281,2025-03-13 13:58:32.929975,6,1,0.7583782333333333
642,2025-03-13 14:29:23.267656,2025-03-13 22:15:21.548012,12,93,465.97133926666663
643,2025-03-13 22:30:58.136788,2025-03-13 23:25:00.052068,12,7,54.03192133333334
644,2025-03-14 05:15:21.914129,2025-03-14 05:17:06.422740,10,1,1.7418101833333333
645,2025-03-14 06:22:57.097946,2025-03-14 06:23:23.669410,11,1,0.44285773333333334
646,2025-03-14 09:45:23.672747,2025-03-14 10:04:59.904225,11,1,19.603857966666666
647,2025-03-14 13:30:58.378657,2025-03-14 13:31:24.179480,11,1,0.4300137166666667
648,2025-03-14 14:16:57.387001,2025-03-14 14:55:00.798095,12,64,38.056851566666666
649,2025-03-14 16:00:57.620430,2025-03-14 16:01:23.135342,9,1,0.4252485333333333
650,2025-03-14 19:16:57.044942,2025-03-14 19:17:26.633413,11,2,0.4931411833333333
651,2025-03-15 13:31:00.376223,2025-03-15 13:51:22.575523,12,1,20.369988333333332
652,2025-03-15 15:48:58.623539,2025-03-15 16:13:22.479287,11,1,24.397595799999998
653,2025-03-15 18:16:57.747820,2025-03-15 18:17:26.856850,12,3,0.4851505
654,2025-03-15 22:46:58.588935,2025-03-15 23:19:21.933265,11,2,32.389072166666665
655,2025-03-16 15:09:02.128387,2025-03-16 15:23:23.008345,4,2,14.3479993
656,2025-03-16 15:39:22.164571,2025-03-16 15:51:22.668579,7,2,12.008400133333334
657,2025-03-16 18:16:57.209273,2025-03-16 18:17:26.560632,12,3,0.48918931666666665
658,2025-03-17 03:19:22.119197,2025-03-17 17:09:23.527352,12,126,830.02346925
659,2025-03-17 17:45:00.298945,2025-03-17 18:11:22.866669,11,2,26.376128733333335
660,2025-03-17 18:27:23.128767,2025-03-17 18:48:59.430761,10,1,21.605033233333334
661,2025-03-17 20:16:57.577014,2025-03-17 20:17:24.618904,10,1,0.4506981666666666
662,2025-03-17 20:49:00.660736,2025-03-17 21:17:22.660913,12,1,28.366669616666666
663,2025-03-17 23:13:22.497050,2025-03-17 23:15:22.693736,2,1,2.0032781
664,2025-03-17 23:37:21.884842,2025-03-17 23:39:02.556739,10,1,1.67786495
665,2025-03-18 05:08:58.061567,2025-03-18 05:09:23.539397,11,2,0.4246305
666,2025-03-18 05:36:59.208566,2025-03-18 05:47:23.353943,11,1,10.40242295
667,2025-03-18 12:16:57.873019,2025-03-18 12:17:25.969412,12,10,0.46827321666666666
668,2025-03-18 12:45:00.700916,2025-03-18 13:17:07.912491,12,2,32.12019291666667
669,2025-03-18 15:43:22.966348,2025-03-18 16:18:59.432195,11,1,35.607764116666665
670,2025-03-18 18:44:57.345006,2025-03-18 18:59:22.784558,7,1,14.423992533333335
671,2025-03-18 19:50:59.726903,2025-03-18 20:09:23.341232,11,1,18.39357215
672,2025-03-18 20:51:02.537023,2025-03-18 20:59:22.971952,5,1,8.34058215
673,2025-03-18 22:43:22.457344,2025-03-18 22:43:22.457344,1,1,0.0
674,2025-03-18 22:59:01.659470,2025-03-18 23:01:22.302135,3,2,2.3440444166666667
675,2025-03-18 23:27:22.455375,2025-03-18 23:35:22.627521,10,3,8.0028691
676,2025-03-18 23:51:22.229165,2025-03-18 23:53:01.328106,3,1,1.6516490166666666
677,2025-03-19 04:30:40.500384,2025-03-19 04:30:42.312199,3,1,0.030196916666666667
678,2025-03-19 08:21:41.558828,2025-03-19 08:21:41.558828,1,1,0.0
679,2025-03-19 08:42:20.934738,2025-03-19 08:42:34.692998,9,1,0.22930433333333333
680,2025-03-19 09:25:52.253904,2025-03-19 09:27:14.334552,11,9,1.3680108
681,2025-03-19 09:52:36.085923,2025-03-19 09:53:59.438789,11,8,1.3892144333333334
682,2025-03-19 10:35:53.355623,2025-03-19 10:35:53.355623,1,1,0.0
683,2025-03-19 11:05:58.298085,2025-03-19 11:13:27.176149,3,1,7.481301066666666
684,2025-03-19 11:29:53.385822,2025-03-19 11:44:40.660948,8,2,14.787918766666667
685,2025-03-19 14:01:06.334765,2025-03-19 14:01:06.491949,3,2,0.002619733333333333
686,2025-03-19 14:43:09.210577,2025-03-19 14:53:24.063783,8,5,10.247553433333334
687,2025-03-19 15:59:27.942827,2025-03-19 16:00:24.587584,5,1,0.9440792833333334
688,2025-03-20 05:09:47.478526,2025-03-20 05:25:20.651385,8,4,15.552880983333333
689,2025-03-20 05:41:04.436483,2025-03-20 05:41:04.540421,3,1,0.0017323
690,2025-03-20 06:06:11.552325,2025-03-20 06:23:19.831264,11,2,17.13798231666667
691,2025-03-20 10:51:07.622067,2025-03-20 10:51:07.692538,2,1,0.0011745166666666668
692,2025-03-20 16:00:20.286556,2025-03-20 16:02:21.937882,12,5,2.0275221
693,2025-03-21 05:28:38.681740,2025-03-21 05:57:34.538285,12,2,28.930942416666667
694,2025-03-21 06:46:36.903672,2025-03-21 07:07:22.588497,11,1,20.76141375
695,2025-03-21 08:01:23.205609,2025-03-21 08:16:07.206692,10,1,14.733351383333334
696,2025-03-21 11:15:01.198574,2025-03-21 11:16:12.595927,9,1,1.1899558833333332
697,2025-03-21 13:40:46.977036,2025-03-21 14:03:31.165635,12,1,22.73647665
698,2025-03-21 14:34:56.466276,2025-03-21 14:34:56.466276,1,1,0.0
699,2025-03-21 15:33:39.952375,2025-03-21 15:44:25.648978,3,2,10.76161005
700,2025-03-21 16:03:34.925783,2025-03-21 16:18:25.984073,9,1,14.850971500000002
701,2025-03-21 17:27:51.808212,2025-03-21 17:49:16.705550,11,1,21.41495563333333
702,2025-03-21 19:39:22.096114,2025-03-21 19:58:31.647229,5,2,19.15918525
703,2025-03-21 20:34:48.878359,2025-03-21 20:58:05.186736,11,1,23.271806283333333
704,2025-03-22 10:16:46.492255,2025-03-22 10:18:10.970632,2,1,1.40797295
705,2025-03-22 11:30:38.895973,2025-03-22 11:47:25.226163,11,2,16.772169833333333
706,2025-03-22 16:05:13.259559,2025-03-22 16:06:40.726726,12,1,1.4577861166666668
707,2025-03-22 20:29:17.018015,2025-03-22 20:30:36.199633,11,1,1.3196936333333333
708,2025-03-23 14:33:03.329882,2025-03-23 15:15:15.104418,11,4,42.196242266666665
709,2025-03-23 15:32:49.464945,2025-03-23 16:34:45.329547,11,3,61.9310767
710,2025-03-23 18:30:25.100873,2025-03-23 18:45:38.635659,7,1,15.225579766666668
711,2025-03-23 19:23:38.133057,2025-03-23 19:35:36.874659,10,2,11.979026699999999
712,2025-03-24 06:38:44.221447,2025-03-24 07:04:45.583344,12,1,26.022698283333334
713,2025-03-24 07:21:25.581353,2025-03-24 07:41:33.010727,10,1,20.1238229
714,2025-03-24 09:33:07.667463,2025-03-24 09:33:07.667463,1,1,0.0
715,2025-03-24 10:17:13.824547,2025-03-24 11:04:26.935601,12,2,47.21851756666667
716,2025-03-24 11:44:51.547315,2025-03-24 12:09:50.259254,11,1,24.978532316666666
717,2025-03-24 12:25:07.890008,2025-03-24 12:25:07.890008,1,1,0.0
718,2025-03-24 17:59:17.601243,2025-03-24 17:59:17.601243,1,1,0.0
719,2025-03-24 18:38:22.755338,2025-03-24 18:59:17.685794,12,1,20.9155076
720,2025-03-25 05:30:40.249490,2025-03-25 05:39:41.494132,5,1,9.020744033333333
721,2025-03-25 06:51:14.565508,2025-03-25 06:52:59.630002,6,1,1.7510748999999999
722,2025-03-25 07:11:18.580805,2025-03-25 07:11:18.580805,1,1,0.0
723,2025-03-25 08:28:32.725051,2025-03-25 09:13:30.597055,10,2,44.9645334
724,2025-03-25 10:04:49.677711,2025-03-25 10:17:26.681808,11,4,12.61673495
725,2025-03-25 13:28:22.396385,2025-03-25 13:28:22.396385,1,1,0.0
726,2025-03-25 14:45:02.738309,2025-03-25 14:45:02.738309,1,1,0.0
727,2025-03-25 16:15:25.415394,2025-03-25 16:40:53.008668,11,1,25.459887900000002
728,2025-03-25 17:31:15.118494,2025-03-25 17:52:02.527228,11,1,20.79014556666667
729,2025-03-25 21:38:58.113726,2025-03-25 21:38:58.113726,1,1,0.0
730,2025-03-25 22:00:37.531215,2025-03-25 22:34:48.320743,11,2,34.179825466666664
731,2025-03-26 08:04:58.237695,2025-03-26 08:31:49.578573,11,3,26.8556813
732,2025-03-26 11:11:19.954317,2025-03-26 11:37:22.566077,12,2,26.043529333333332
733,2025-03-26 12:12:32.962660,2025-03-26 12:12:32.962660,1,1,0.0
734,2025-03-26 12:59:08.633377,2025-03-26 13:41:27.999725,12,2,42.32277246666667
735,2025-03-26 15:12:24.999580,2025-03-26 15:12:25.018127,1,2,0.0003091166666666667
736,2025-03-26 15:37:11.782504,2025-03-26 15:55:58.593524,9,2,18.78018366666667
737,2025-03-26 16:22:46.906220,2025-03-26 16:31:18.042539,3,1,8.51893865
738,2025-03-26 16:46:22.944662,2025-03-26 16:46:22.944662,1,1,0.0
739,2025-03-26 17:30:25.342194,2025-03-26 17:50:23.651849,11,1,19.971827583333333
740,2025-03-26 18:16:01.027803,2025-03-26 18:33:16.271955,10,1,17.2540692
741,2025-03-26 19:04:03.158576,2025-03-26 19:15:17.168402,11,2,11.2334971
742,2025-03-26 20:13:36.523877,2025-03-26 22:19:21.337497,11,23,125.74689366666667
743,2025-03-26 22:35:24.621779,2025-03-26 22:55:27.135025,3,5,20.041887433333333
744,2025-03-27 00:49:54.140619,2025-03-27 00:51:44.335072,11,1,1.8365742166666665
745,2025-03-27 04:05:52.993405,2025-03-27 04:05:52.993405,1,1,0.0
746,2025-03-27 06:16:40.181703,2025-03-27 06:17:57.576182,11,1,1.2899079833333333
747,2025-03-27 09:19:09.880107,2025-03-27 09:25:04.616606,2,2,5.912274983333333
748,2025-03-27 09:48:16.682981,2025-03-27 11:15:33.681530,12,11,87.28330915
749,2025-03-27 11:57:26.722323,2025-03-27 12:38:43.968459,12,3,41.2874356
750,2025-03-27 16:33:22.353996,2025-03-27 16:39:09.702308,2,1,5.789138533333333
751,2025-03-27 18:35:12.106725,2025-03-27 18:54:38.086574,12,4,19.432997483333335
752,2025-03-27 19:16:40.685387,2025-03-27 20:09:43.168770,11,25,53.041389716666664
753,2025-03-27 21:08:46.888299,2025-03-27 22:58:15.416487,9,28,109.4754698
754,2025-03-27 23:30:21.726913,2025-03-27 23:32:18.966831,10,1,1.9539986333333335
755,2025-03-28 00:15:56.963433,2025-03-28 00:16:47.109097,4,1,0.8357610666666666
756,2025-03-28 01:17:59.730888,2025-03-28 01:17:59.730888,1,1,0.0
757,2025-03-28 02:16:11.355289,2025-03-28 02:18:08.024902,11,2,1.94449355
758,2025-03-28 02:53:01.651690,2025-03-28 03:13:20.665350,12,1,20.316894333333334
759,2025-03-28 05:38:18.813756,2025-03-28 05:38:18.831093,1,2,0.00028895
760,2025-03-28 06:16:11.107129,2025-03-28 06:18:11.452742,9,2,2.005760216666667
761,2025-03-28 09:16:17.940751,2025-03-28 09:28:22.234262,11,3,12.071558516666666
762,2025-03-28 09:45:17.962262,2025-03-28 10:10:26.949379,11,2,25.149785283333333
763,2025-03-28 10:41:11.976383,2025-03-28 10:59:02.339421,11,1,17.839383966666666
764,2025-03-28 11:17:22.821886,2025-03-28 12:09:50.732723,12,2,52.465180616666665
765,2025-03-28 14:02:58.362385,2025-03-28 14:04:43.141766,11,1,1.7463230166666668
766,2025-03-28 14:33:50.230149,2025-03-28 14:52:28.030243,12,2,18.630001566666667
767,2025-03-28 16:28:49.384311,2025-03-28 16:28:49.384311,1,1,0.0
768,2025-03-28 17:32:51.161244,2025-03-28 17:52:47.640880,10,2,19.94132726666667
769,2025-03-28 18:43:36.768160,2025-03-28 18:45:12.066830,11,1,1.5883111666666667
770,2025-03-28 22:20:59.159487,2025-03-28 22:41:03.521051,11,1,20.072692733333334
771,2025-03-28 23:50:20.041992,2025-03-29 00:18:17.614331,11,1,27.959538983333335
772,2025-03-29 11:48:58.140200,2025-03-29 12:09:45.594297,10,1,20.790901616666666
773,2025-03-29 15:48:04.756486,2025-03-29 15:48:04.756486,1,1,0.0
774,2025-03-29 19:58:49.139010,2025-03-29 19:58:49.139010,1,1,0.0
775,2025-03-29 20:16:31.379618,2025-03-29 20:18:17.619761,10,1,1.77066905
776,2025-03-30 07:06:01.302705,2025-03-30 07:55:57.998686,12,3,49.94493301666667
777,2025-03-30 09:10:02.478435,2025-03-30 09:11:23.683314,2,1,1.3534146500000002
778,2025-03-30 09:29:41.096442,2025-03-30 09:47:28.928268,11,1,17.7971971
779,2025-03-30 11:16:08.967645,2025-03-30 12:17:21.104945,12,30,61.20228833333333
780,2025-03-30 12:42:21.477855,2025-03-30 12:43:26.386394,9,1,1.0818089833333333
781,2025-03-30 15:07:22.518041,2025-03-30 15:44:07.521345,12,1,36.75005506666666
782,2025-03-30 18:59:05.535536,2025-03-30 18:59:05.535536,1,1,0.0
783,2025-03-31 02:57:53.676043,2025-03-31 02:59:14.059119,12,4,1.3397179333333333
784,2025-03-31 03:45:50.705099,2025-03-31 13:13:39.959676,12,80,567.8209096166667
785,2025-03-31 15:07:42.215868,2025-03-31 15:11:18.544977,9,2,3.60548515
786,2025-03-31 17:31:24.458464,2025-03-31 17:39:41.778222,1,3,8.288662633333333
787,2025-04-01 05:57:58.436387,2025-04-01 07:41:58.283979,11,8,103.99745986666667
788,2025-04-01 07:57:12.848579,2025-04-01 08:17:14.434986,11,1,20.026440116666667
789,2025-04-01 12:46:28.312966,2025-04-01 13:04:59.410361,8,4,18.518289916666667
790,2025-04-01 13:21:03.778141,2025-04-01 14:34:19.330617,11,3,73.25920793333333
791,2025-04-01 17:03:00.614591,2025-04-01 17:50:42.052364,12,3,47.690629550000004
792,2025-04-01 18:09:38.456560,2025-04-01 18:15:03.392862,4,1,5.415605033333334
793,2025-04-02 05:12:07.899218,2025-04-02 05:24:16.427777,9,2,12.14214265
794,2025-04-02 08:09:48.161509,2025-04-02 08:37:00.936045,11,7,27.21290893333333
795,2025-04-02 09:13:04.196853,2025-04-02 09:28:55.825803,11,1,15.8604825
796,2025-04-02 10:12:01.162492,2025-04-02 10:46:10.703624,11,3,34.15901886666666
797,2025-04-02 11:16:06.026703,2025-04-02 11:47:03.912225,12,4,30.9647587
798,2025-04-02 13:24:55.514362,2025-04-02 13:24:55.514362,1,1,0.0
799,2025-04-02 13:59:12.974583,2025-04-02 15:30:13.316707,12,6,91.00570206666666
800,2025-04-02 17:16:23.250719,2025-04-02 17:21:28.634261,11,2,5.0897257
801,2025-04-02 19:47:15.549728,2025-04-02 20:07:22.626294,11,1,20.117942766666665
802,2025-04-02 20:49:36.743433,2025-04-02 21:08:37.698468,6,1,19.015917249999998
803,2025-04-02 22:35:51.878718,2025-04-02 23:00:14.084157,12,1,24.37009065
804,2025-04-02 23:27:34.878457,2025-04-02 23:45:34.584842,11,1,17.995106416666665
805,2025-04-03 00:29:52.847130,2025-04-03 00:51:40.224895,11,2,21.789629416666667
806,2025-04-03 01:10:44.810096,2025-04-03 01:22:39.329379,9,1,11.908654716666666
807,2025-04-03 04:49:22.509110,2025-04-03 04:51:00.221189,12,1,1.62853465
808,2025-04-03 05:10:54.566176,2025-04-03 05:12:01.740030,10,1,1.1195642333333333
809,2025-04-03 05:28:57.981976,2025-04-03 05:30:49.658015,2,2,1.8612673166666667
810,2025-04-03 06:00:46.180062,2025-04-03 06:00:46.180062,1,1,0.0
811,2025-04-03 06:53:39.290002,2025-04-03 06:53:39.366001,1,2,0.00126665
812,2025-04-03 07:45:41.899653,2025-04-03 07:45:41.899653,1,1,0.0
813,2025-04-03 09:36:09.032442,2025-04-03 09:36:09.032442,1,1,0.0
814,2025-04-03 10:45:25.625230,2025-04-03 10:45:25.625230,1,1,0.0
815,2025-04-03 12:05:23.335850,2025-04-03 12:05:23.335850,1,1,0.0
816,2025-04-03 13:16:32.369796,2025-04-03 13:20:30.169586,11,8,3.9633298333333333
817,2025-04-03 13:40:21.216300,2025-04-03 14:03:31.902868,11,2,23.17810946666667
818,2025-04-03 14:19:13.652541,2025-04-03 15:15:24.028838,12,2,56.17293828333333
819,2025-04-03 17:31:20.319802,2025-04-03 17:33:12.708772,9,2,1.8731495
820,2025-04-03 18:40:10.013943,2025-04-03 19:38:19.256081,11,5,58.154035633333336
821,2025-04-03 22:20:35.618389,2025-04-03 22:26:31.250603,3,1,5.927203566666666
822,2025-04-04 05:04:52.323390,2025-04-04 05:06:10.809033,11,1,1.30809405
823,2025-04-04 05:22:09.854129,2025-04-04 05:30:58.612408,2,2,8.812637983333333
824,2025-04-04 14:16:38.033314,2025-04-04 14:37:35.159514,12,133,20.952103333333334
825,2025-04-04 15:16:53.786184,2025-04-04 15:18:50.286628,12,1,1.9416740666666668
826,2025-04-04 17:40:04.562875,2025-04-04 17:40:04.562875,1,1,0.0
827,2025-04-04 18:40:15.570153,2025-04-04 18:40:15.570153,1,1,0.0
828,2025-04-04 19:28:07.892772,2025-04-04 19:52:35.640301,11,2,24.462458816666665
829,2025-04-04 22:09:36.804326,2025-04-04 22:14:05.269079,11,2,4.474412549999999
830,2025-04-04 22:29:19.635090,2025-04-04 22:30:00.360401,2,2,0.6787551833333333
831,2025-04-04 22:53:51.773580,2025-04-04 22:53:51.773580,1,1,0.0
832,2025-04-05 09:35:39.440442,2025-04-05 09:55:14.595660,12,5,19.5859203
833,2025-04-05 10:16:02.825394,2025-04-05 10:18:55.135700,10,2,2.871838433333333
834,2025-04-05 12:18:49.810995,2025-04-05 12:19:15.030099,2,2,0.42031840000000004
835,2025-04-05 13:16:56.334567,2025-04-05 14:58:27.470849,11,33,101.51893803333334
836,2025-04-05 18:41:51.421651,2025-04-05 18:41:51.421651,1,1,0.0
837,2025-04-05 19:16:35.209906,2025-04-05 19:17:52.179910,11,2,1.2828334000000001
838,2025-04-06 07:17:37.455831,2025-04-06 07:17:37.455831,1,1,0.0
839,2025-04-06 07:46:49.740235,2025-04-06 07:46:49.740235,1,1,0.0
840,2025-04-06 08:14:55.998691,2025-04-06 08:14:55.998691,1,1,0.0
841,2025-04-06 08:44:27.267879,2025-04-06 08:44:27.267879,1,1,0.0
842,2025-04-06 15:16:43.854583,2025-04-06 15:18:17.034922,10,4,1.55300565
843,2025-04-07 05:31:06.256621,2025-04-07 05:32:17.112380,2,1,1.1809293166666668
844,2025-04-07 06:17:00.176748,2025-04-07 06:46:42.731734,12,9,29.70924976666667
845,2025-04-07 07:11:00.026928,2025-04-07 07:37:00.255826,12,1,26.003814966666667
846,2025-04-07 08:49:01.535092,2025-04-07 09:05:56.021885,12,1,16.908113216666667
847,2025-04-07 10:14:10.545246,2025-04-07 10:59:48.123603,12,8,45.626305949999995
848,2025-04-07 12:32:56.760920,2025-04-07 12:51:49.095399,11,1,18.872241316666667
849,2025-04-07 13:11:45.715576,2025-04-07 13:57:20.831512,11,2,45.5852656
850,2025-04-07 17:34:59.517292,2025-04-07 17:59:18.648358,10,1,24.3188511
851,2025-04-07 19:17:10.034185,2025-04-07 21:41:27.271186,12,25,144.28728335
852,2025-04-07 22:02:31.746429,2025-04-07 22:23:57.729541,12,3,21.433051866666666
853,2025-04-07 22:44:00.950159,2025-04-07 22:56:06.941916,9,1,12.099862616666666
854,2025-04-08 04:07:51.118442,2025-04-08 04:08:05.714345,3,1,0.24326505
855,2025-04-08 07:03:32.930786,2025-04-08 07:21:25.806634,10,1,17.88126413333333
856,2025-04-08 08:29:28.449553,2025-04-08 08:47:28.835895,11,2,18.006439033333333
857,2025-04-08 11:03:09.120110,2025-04-08 11:27:46.172288,11,1,24.617536299999998
858,2025-04-08 12:02:55.852921,2025-04-08 12:02:55.852921,1,1,0.0
859,2025-04-08 12:39:23.455467,2025-04-08 12:56:10.402244,9,1,16.782446283333332
860,2025-04-08 13:36:23.455606,2025-04-08 13:40:31.974774,9,1,4.141986133333334
861,2025-04-08 13:56:18.066966,2025-04-08 14:08:42.854824,3,2,12.413130966666667
862,2025-04-08 14:24:32.431275,2025-04-08 14:52:44.154268,10,1,28.195383216666666
863,2025-04-08 15:53:47.180553,2025-04-08 16:12:17.885207,11,1,18.51174423333333
864,2025-04-08 16:27:31.107831,2025-04-08 16:29:30.509003,2,2,1.9900195333333335
865,2025-04-08 16:53:59.850230,2025-04-08 16:58:11.785879,11,3,4.198927483333334
866,2025-04-08 17:18:58.916492,2025-04-08 17:18:58.916492,1,1,0.0
867,2025-04-10 08:19:14.436616,2025-04-10 09:05:55.758734,11,2,46.68870196666667
868,2025-04-10 09:33:23.969612,2025-04-10 09:34:30.417463,2,1,1.1074641833333334
869,2025-04-10 10:29:15.042415,2025-04-10 10:47:30.916824,6,1,18.264573483333333
870,2025-04-10 12:53:40.617232,2025-04-10 12:55:02.350434,7,4,1.3622200333333334
871,2025-04-10 14:08:55.202264,2025-04-10 14:25:21.161568,10,3,16.432655066666666
872,2025-04-10 14:50:03.293367,2025-04-10 16:16:47.069155,12,8,86.72959646666666
873,2025-04-10 16:35:43.327396,2025-04-10 16:53:33.275907,8,1,17.832475183333333
874,2025-04-10 17:37:59.468362,2025-04-10 18:27:41.791247,12,36,49.70538141666667
875,2025-04-10 21:10:17.416629,2025-04-10 21:43:38.271264,12,2,33.34757725
876,2025-04-11 02:23:40.849495,2025-04-11 02:23:40.849495,1,1,0.0
877,2025-04-11 02:52:34.827949,2025-04-11 03:15:49.968264,11,2,23.252338583333334
878,2025-04-11 04:41:18.856888,2025-04-11 04:59:15.028273,8,1,17.93618975
879,2025-04-11 08:03:30.147740,2025-04-11 08:32:31.787689,12,2,29.027332483333332
880,2025-04-11 11:09:11.238680,2025-04-11 11:44:16.424975,12,2,35.08643825
881,2025-04-11 14:49:05.163958,2025-04-11 14:49:05.163958,1,1,0.0
882,2025-04-11 15:06:36.525922,2025-04-11 15:39:06.289986,11,6,32.496067733333334
883,2025-04-11 16:01:53.657326,2025-04-11 16:07:44.223408,11,2,5.842768033333333
884,2025-04-11 16:23:20.436206,2025-04-11 16:52:01.780233,12,1,28.689067116666667
885,2025-04-11 17:18:22.520991,2025-04-11 17:41:39.221881,11,3,23.278348166666667
886,2025-04-11 17:58:17.626699,2025-04-11 17:59:40.982567,10,1,1.3892644666666667
887,2025-04-11 18:17:09.760885,2025-04-11 18:31:18.536297,4,1,14.146256866666667
888,2025-04-11 19:21:42.870094,2025-04-11 19:35:18.736797,10,1,13.597778383333333
889,2025-04-11 21:10:13.876418,2025-04-11 21:29:25.522428,8,1,19.194100166666665
890,2025-04-12 09:35:04.373294,2025-04-12 09:35:04.575609,1,2,0.0033719166666666667
891,2025-04-12 15:16:12.788325,2025-04-12 15:18:28.075077,10,2,2.2547792
892,2025-04-12 17:33:05.085749,2025-04-12 18:10:30.692578,12,13,37.42678048333333
893,2025-04-12 19:09:17.329598,2025-04-12 19:23:54.410790,10,1,14.618019866666666
894,2025-04-13 06:30:19.906196,2025-04-13 06:46:43.557383,11,1,16.39418645
895,2025-04-13 12:37:17.041188,2025-04-13 13:17:43.835219,11,4,40.44656718333333
896,2025-04-13 22:06:59.428532,2025-04-13 22:08:11.379600,7,1,1.1991844666666667
897,2025-04-14 03:57:37.669088,2025-04-14 04:18:00.164547,11,2,20.374924316666668
898,2025-04-14 04:36:41.826323,2025-04-14 04:58:31.470529,11,1,21.827403433333334
899,2025-04-14 05:29:41.590455,2025-04-14 05:29:41.590455,1,1,0.0
900,2025-04-14 09:30:55.793514,2025-04-14 09:32:41.971989,7,2,1.76964125
901,2025-04-14 10:45:34.990989,2025-04-14 10:58:02.296522,1,2,12.455092216666666
902,2025-04-14 13:41:15.182956,2025-04-14 14:03:20.765524,10,1,22.0930428
903,2025-04-14 14:33:54.014386,2025-04-14 14:54:25.188147,10,2,20.519562683333334
904,2025-04-14 15:24:31.966868,2025-04-14 15:54:48.770446,1,5,30.280059633333334
905,2025-04-14 16:16:06.109176,2025-04-14 16:29:55.848016,10,2,13.828980666666666
906,2025-04-14 16:45:57.787312,2025-04-14 18:19:16.328816,11,9,93.30902506666666
907,2025-04-14 19:42:21.161101,2025-04-14 19:57:30.266901,9,1,15.151763333333333
908,2025-04-14 21:33:28.372887,2025-04-14 21:33:28.372887,1,1,0.0
909,2025-04-14 22:05:47.584411,2025-04-14 22:30:43.121746,10,1,24.92562225
910,2025-04-15 04:41:22.972438,2025-04-15 04:55:56.717856,10,1,14.562423633333333
911,2025-04-15 07:16:26.679834,2025-04-15 07:47:57.810266,11,1,31.518840533333332
912,2025-04-15 09:01:00.831218,2025-04-15 09:19:48.253545,10,1,18.790372116666667
913,2025-04-15 12:38:10.077822,2025-04-15 12:39:17.991560,3,1,1.1318956333333332
914,2025-04-15 13:36:01.276023,2025-04-15 13:39:24.073779,3,1,3.3799626
915,2025-04-15 15:50:09.917665,2025-04-15 16:11:33.091423,11,1,21.3862293
916,2025-04-15 18:11:36.259100,2025-04-15 18:28:00.464666,11,1,16.4034261
917,2025-04-15 19:20:45.188200,2025-04-15 19:37:00.109728,10,1,16.248692133333332
918,2025-04-15 21:33:12.571324,2025-04-15 21:33:12.571324,1,1,0.0
919,2025-04-16 03:14:06.532292,2025-04-16 03:14:06.532292,1,1,0.0
920,2025-04-16 05:28:02.936953,2025-04-16 05:29:39.896209,5,1,1.6159876
921,2025-04-16 09:15:35.336626,2025-04-16 09:15:35.336626,1,1,0.0
922,2025-04-16 11:21:18.811254,2025-04-16 11:21:18.811254,1,1,0.0
923,2025-04-16 11:56:38.204835,2025-04-16 11:56:38.204835,1,1,0.0
924,2025-04-16 12:31:23.018055,2025-04-16 13:17:43.230377,11,6,46.33687203333333
925,2025-04-16 13:46:07.028909,2025-04-16 14:05:14.410662,11,1,19.123029216666666
926,2025-04-16 18:55:21.557975,2025-04-16 21:17:46.360727,12,21,142.41337919999998
927,2025-04-17 05:25:30.684243,2025-04-17 05:25:30.684243,1,1,0.0
928,2025-04-17 06:44:54.886592,2025-04-17 07:07:57.901287,10,1,23.050244916666667
929,2025-04-17 07:34:05.987889,2025-04-17 08:04:48.821301,9,1,30.713890199999998
930,2025-04-17 08:43:30.098038,2025-04-17 08:43:42.705437,1,16,0.21012331666666664
931,2025-04-17 10:26:38.226589,2025-04-17 10:32:11.103659,2,2,5.5479511666666665
932,2025-04-17 11:53:55.831412,2025-04-17 11:53:55.831412,1,1,0.0
933,2025-04-17 12:23:37.762166,2025-04-17 12:25:00.701719,6,1,1.3823258833333334
934,2025-04-17 13:16:05.105362,2025-04-17 13:17:49.754002,5,1,1.744144
935,2025-04-17 14:16:14.018878,2025-04-17 14:17:44.640607,11,1,1.51036215
936,2025-04-17 15:51:56.185276,2025-04-17 16:11:43.324216,11,1,19.785649
937,2025-04-17 17:04:49.469777,2025-04-17 17:45:56.131332,12,2,41.11102591666667
938,2025-04-17 20:33:16.999486,2025-04-17 20:50:57.634891,11,11,17.67725675
939,2025-04-17 21:07:01.343403,2025-04-17 21:23:48.090317,3,12,16.779115233333332
940,2025-04-17 21:39:15.930369,2025-04-17 21:40:03.143930,2,2,0.7868926833333333
941,2025-04-17 22:50:32.109400,2025-04-17 22:56:28.991987,3,1,5.948043116666667
942,2025-04-18 07:52:37.385119,2025-04-18 07:52:37.385119,1,1,0.0
943,2025-04-18 08:07:53.774987,2025-04-18 08:20:56.840318,7,1,13.051088850000001
944,2025-04-18 19:38:23.628535,2025-04-18 19:57:15.290424,10,1,18.86103148333333
945,2025-04-19 06:53:05.633873,2025-04-19 07:06:46.877492,3,1,13.687393649999999
946,2025-04-19 17:46:49.894868,2025-04-19 18:00:58.416697,4,1,14.142030483333334
947,2025-04-20 08:07:44.202363,2025-04-20 08:28:30.611939,8,2,20.773492933333333
948,2025-04-20 09:48:44.485042,2025-04-20 09:48:44.485042,1,1,0.0
949,2025-04-22 03:58:45.042505,2025-04-22 03:58:45.042505,1,1,0.0
950,2025-04-22 04:29:31.374437,2025-04-22 04:31:20.685946,10,1,1.8218584833333333
951,2025-04-22 05:35:24.779640,2025-04-22 05:35:24.779640,1,1,0.0
952,2025-04-22 05:57:46.099577,2025-04-22 05:57:46.099577,1,1,0.0
953,2025-04-22 06:29:14.204697,2025-04-22 06:29:14.204697,1,1,0.0
954,2025-04-22 07:16:34.508174,2025-04-22 07:16:34.508174,1,1,0.0
955,2025-04-22 12:16:16.271362,2025-04-22 12:18:03.082192,10,1,1.7801805
956,2025-04-22 12:46:43.108289,2025-04-22 14:22:30.263542,12,21,95.78592088333333
957,2025-04-22 17:17:05.315470,2025-04-22 17:17:40.648808,7,3,0.5888889666666667
958,2025-04-22 20:16:30.116210,2025-04-22 21:34:09.747744,11,7,77.66052556666666
959,2025-04-22 22:08:27.100307,2025-04-22 22:08:27.100307,1,1,0.0
960,2025-04-23 05:10:39.772788,2025-04-23 05:10:39.772788,1,1,0.0
961,2025-04-23 07:09:13.227110,2025-04-23 07:09:54.047684,2,1,0.6803429
962,2025-04-23 09:06:59.154886,2025-04-23 09:17:57.652489,2,1,10.97496005
963,2025-04-23 09:43:56.021891,2025-04-23 10:18:13.130748,11,3,34.28514761666667
964,2025-04-23 11:02:31.592978,2025-04-23 11:22:15.435920,12,1,19.7307157
965,2025-04-23 12:54:29.694094,2025-04-23 13:17:32.301180,12,1,23.043451433333335
966,2025-04-23 14:22:49.039983,2025-04-23 14:25:43.156439,1,2,2.9019409333333335
967,2025-04-23 15:02:19.213612,2025-04-23 15:28:54.188121,11,1,26.58290848333333
968,2025-04-23 16:18:03.964639,2025-04-23 16:18:03.964639,1,1,0.0
969,2025-04-23 16:56:14.479996,2025-04-23 17:09:33.750508,6,2,13.3211752
970,2025-04-23 17:26:25.097074,2025-04-23 17:27:50.571875,11,1,1.4245800166666667
971,2025-04-23 17:45:12.581606,2025-04-23 18:01:43.169505,10,2,16.509798316666668
972,2025-04-23 18:25:07.345011,2025-04-23 18:38:51.537485,8,1,13.736541233333332
973,2025-04-23 18:55:31.497582,2025-04-23 19:06:07.152952,10,1,10.594256166666666
974,2025-04-23 19:22:25.931562,2025-04-23 19:27:59.056822,5,1,5.552087666666667
975,2025-04-23 19:51:12.021000,2025-04-23 20:06:24.938918,11,1,15.215298633333333
976,2025-04-24 06:47:00.312606,2025-04-24 06:48:31.245669,10,1,1.51555105
977,2025-04-24 07:28:20.053460,2025-04-24 07:28:20.053460,1,1,0.0
978,2025-04-24 08:15:35.364739,2025-04-24 08:15:46.231876,1,2,0.18111895
979,2025-04-24 09:09:23.228795,2025-04-24 09:09:45.489475,2,1,0.37101133333333336
980,2025-04-24 09:47:37.525270,2025-04-24 09:58:19.018554,2,1,10.691554733333334
981,2025-04-24 10:22:58.930885,2025-04-24 10:22:58.930885,1,1,0.0
982,2025-04-24 11:57:16.289597,2025-04-24 12:01:41.679869,1,2,4.4231712
983,2025-04-24 12:18:03.146521,2025-04-24 12:18:03.146521,1,1,0.0
984,2025-04-24 12:55:49.234232,2025-04-24 12:58:51.254126,2,1,3.0336648999999998
985,2025-04-24 14:16:18.792596,2025-04-24 14:19:10.271715,10,6,2.8579853166666664
986,2025-04-24 14:36:37.322008,2025-04-24 17:11:39.813021,12,12,155.04151688333334
987,2025-04-24 17:34:46.165461,2025-04-24 17:36:03.702491,10,1,1.2922838333333333
988,2025-04-24 19:01:10.547553,2025-04-24 21:25:37.623365,12,53,144.45126353333333
989,2025-04-25 07:36:38.441735,2025-04-25 07:53:46.540786,12,1,17.134984183333334
990,2025-04-25 08:56:45.736705,2025-04-25 08:56:47.164280,2,2,0.023792916666666667
991,2025-04-25 09:12:39.560311,2025-04-25 09:19:17.760813,12,6,6.636675033333333
992,2025-04-25 09:58:25.774593,2025-04-25 09:58:41.087111,8,1,0.2552086333333333
993,2025-04-25 10:19:21.567937,2025-04-25 10:45:58.008628,11,1,26.60734485
994,2025-04-25 11:28:01.583409,2025-04-25 11:28:01.583409,1,1,0.0
995,2025-04-25 11:56:58.933515,2025-04-25 12:18:44.455327,10,1,21.758696866666664
996,2025-04-25 14:34:37.351752,2025-04-25 15:07:58.145435,11,8,33.34656138333334
997,2025-04-25 15:40:32.281258,2025-04-25 15:41:56.564487,11,2,1.4047204833333333
998,2025-04-25 16:00:45.595747,2025-04-25 16:00:45.595747,1,1,0.0
999,2025-04-25 17:17:55.077160,2025-04-25 17:34:03.792869,11,1,16.145261816666665
1000,2025-04-25 18:05:08.740788,2025-04-25 18:05:08.740788,1,1,0.0
1001,2025-04-25 18:35:55.129929,2025-04-25 18:53:30.017188,9,1,17.58145431666667
1002,2025-04-25 19:14:51.704661,2025-04-25 19:26:49.969519,9,2,11.971080966666667
1003,2025-04-25 19:46:35.158567,2025-04-25 19:46:35.158567,1,1,0.0
1004,2025-04-26 00:11:39.591907,2025-04-26 00:29:09.134668,11,1,17.49237935
1005,2025-04-26 02:58:43.276082,2025-04-26 03:16:27.486510,12,1,17.736840466666667
1006,2025-04-26 05:16:07.587740,2025-04-26 05:18:03.939384,11,1,1.9391940666666665
1007,2025-04-26 06:06:05.687280,2025-04-26 06:18:27.844295,7,1,12.369283583333333
1008,2025-04-26 12:05:22.393073,2025-04-26 12:05:33.923238,5,1,0.19216941666666668
1009,2025-04-26 12:36:07.098881,2025-04-26 12:37:09.445733,6,3,1.0391142
1010,2025-04-26 13:16:03.681494,2025-04-26 13:18:07.401461,8,2,2.06199945
1011,2025-04-26 14:02:41.617885,2025-04-26 14:02:41.617885,1,1,0.0
1012,2025-04-27 06:17:30.149215,2025-04-27 06:17:51.588963,11,3,0.3573291333333334
1013,2025-04-27 10:06:57.580707,2025-04-27 10:06:57.580707,1,1,0.0
1014,2025-04-27 11:25:46.401637,2025-04-27 11:47:48.375134,12,1,22.032891616666667
1015,2025-04-27 12:15:07.148841,2025-04-27 12:35:33.767147,12,1,20.443638433333334
1016,2025-04-27 16:51:31.191923,2025-04-27 16:53:06.581820,9,1,1.5898316166666668
1017,2025-04-27 21:27:26.373023,2025-04-27 21:28:13.848366,9,2,0.7912557166666667
1018,2025-04-27 21:45:36.372314,2025-04-27 21:46:23.666465,9,2,0.78823585
1019,2025-04-27 22:07:19.401972,2025-04-27 23:09:05.683002,10,6,61.771350500000004
1020,2025-04-28 03:53:48.973233,2025-04-28 04:40:08.790112,11,4,46.330281316666664
1021,2025-04-28 05:10:41.895643,2025-04-28 05:30:08.469101,10,1,19.442890966666667
1022,2025-04-28 05:49:42.520134,2025-04-28 06:09:38.649675,11,1,19.93549235
1023,2025-04-28 06:55:12.060298,2025-04-28 07:30:38.806149,11,2,35.44576418333334
1024,2025-04-28 07:50:56.115228,2025-04-28 08:00:30.930228,11,1,9.580250000000001
1025,2025-04-28 08:34:40.636835,2025-04-28 08:53:47.164049,11,2,19.1087869
1026,2025-04-28 10:05:20.339094,2025-04-28 10:58:42.338469,12,22,53.36665625
1027,2025-04-28 12:48:18.999525,2025-04-28 15:24:28.095031,12,11,156.15159176666666
1028,2025-04-28 15:50:12.491239,2025-04-28 16:10:39.503342,11,2,20.450201716666665
1029,2025-04-28 18:06:21.973695,2025-04-28 18:06:23.701162,2,1,0.02879111666666667
1030,2025-04-28 18:29:44.563550,2025-04-28 18:50:06.314665,9,1,20.362518583333333
1031,2025-04-28 19:55:39.572427,2025-04-28 20:20:05.203212,12,1,24.42717975
1032,2025-04-29 04:18:55.891438,2025-04-29 04:33:20.586129,9,1,14.411578183333335
1033,2025-04-29 07:44:02.985976,2025-04-29 07:54:11.033640,11,1,10.134127733333335
1034,2025-04-29 08:14:05.183762,2025-04-29 09:04:47.679556,12,25,50.708263233333334
1035,2025-04-29 12:21:09.500370,2025-04-29 12:54:56.074792,11,3,33.77624036666666
1036,2025-04-29 15:48:52.196630,2025-04-29 15:48:52.196630,1,1,0.0
1037,2025-04-29 20:36:35.885022,2025-04-29 20:48:05.335764,1,2,11.4908457
1038,2025-04-29 21:06:47.487855,2025-04-29 21:18:09.249928,12,8,11.362701216666666
1039,2025-04-29 21:40:22.941501,2025-04-29 21:50:17.188789,2,2,9.904121466666668
1040,2025-04-29 22:14:56.767197,2025-04-29 22:18:14.419799,2,2,3.2942100333333335
1041,2025-04-30 03:53:24.266609,2025-04-30 05:43:24.633978,12,14,110.00612281666666
1042,2025-04-30 11:02:19.956076,2025-04-30 11:19:53.657415,6,1,17.561688983333333
1043,2025-04-30 14:02:58.070073,2025-04-30 14:57:49.807025,12,4,54.862282533333335
1044,2025-04-30 17:18:16.322396,2025-04-30 18:17:58.670681,12,8,59.70580475
1045,2025-04-30 18:40:24.750804,2025-04-30 21:55:22.944097,12,40,194.96988821666667
1046,2025-05-01 00:59:56.895998,2025-05-01 00:59:56.895998,1,1,0.0
1047,2025-05-01 09:16:20.889332,2025-05-01 09:16:20.889332,1,1,0.0
1048,2025-05-01 10:09:03.796609,2025-05-01 10:09:03.796729,1,2,2e-06
1049,2025-05-01 11:36:15.863376,2025-05-01 12:01:17.839336,12,1,25.032932666666667
1050,2025-05-01 13:04:06.825874,2025-05-01 15:30:26.582936,12,11,146.32928436666668
1051,2025-05-01 15:48:36.268924,2025-05-01 15:50:36.901329,6,2,2.0105400833333333
1052,2025-05-01 16:14:56.745751,2025-05-01 17:29:17.275326,11,8,74.34215958333333
1053,2025-05-01 18:07:42.999741,2025-05-01 18:40:58.667300,12,2,33.261125983333336
1054,2025-05-01 19:44:05.838360,2025-05-01 19:44:05.838360,1,1,0.0
1055,2025-05-01 21:36:17.162332,2025-05-01 21:36:17.162332,1,1,0.0
1056,2025-05-01 22:25:39.130643,2025-05-01 22:25:39.130643,1,1,0.0
1057,2025-05-02 03:17:36.686378,2025-05-02 03:36:22.969150,10,1,18.771379533333334
1058,2025-05-02 04:58:21.272201,2025-05-02 05:21:48.270048,11,1,23.449964116666667
1059,2025-05-02 05:56:00.453823,2025-05-02 06:17:29.411213,11,2,21.482623166666666
1060,2025-05-02 07:29:16.404837,2025-05-02 07:30:57.869508,12,1,1.6910778499999999
1061,2025-05-02 07:50:07.707189,2025-05-02 08:08:51.149971,11,2,18.724046366666666
1062,2025-05-02 08:36:59.796040,2025-05-02 08:52:15.431598,9,1,15.260592633333333
1063,2025-05-02 09:44:37.933860,2025-05-02 09:46:03.743206,10,2,1.4301557666666667
1064,2025-05-02 10:18:34.297751,2025-05-02 10:49:15.624322,11,2,30.688776183333335
1065,2025-05-02 11:25:30.025766,2025-05-02 11:40:50.040164,10,1,15.333573300000001
1066,2025-05-02 13:13:25.146257,2025-05-02 13:35:19.601353,11,1,21.907584933333332
1067,2025-05-02 13:57:06.333726,2025-05-02 14:15:27.749228,10,3,18.356925033333333
1068,2025-05-02 15:19:28.726581,2025-05-02 15:39:48.464971,11,1,20.328973166666668
1069,2025-05-02 16:03:29.326780,2025-05-02 16:19:35.295329,11,1,16.09947581666667
1070,2025-05-02 16:58:02.655498,2025-05-02 17:08:49.222856,2,14,10.776122633333333
1071,2025-05-02 18:15:02.442457,2025-05-02 22:35:58.574318,12,25,260.9355310166667
1072,2025-05-02 23:05:19.883268,2025-05-02 23:21:02.178078,11,1,15.7049135
1073,2025-05-03 20:59:16.509878,2025-05-03 21:08:49.169209,7,1,9.544322183333332
1074,2025-05-04 15:29:50.925285,2025-05-04 15:47:54.010666,11,2,18.051423016666668
1075,2025-05-04 23:01:22.756100,2025-05-04 23:02:25.889852,9,1,1.0522292
1076,2025-05-05 04:41:49.205495,2025-05-05 04:41:49.205495,1,1,0.0
1077,2025-05-05 08:29:20.671556,2025-05-05 10:34:26.995084,12,24,125.10539213333332
1078,2025-05-05 12:17:21.706373,2025-05-05 12:50:02.891780,12,3,32.68642345
1079,2025-05-05 13:54:54.742421,2025-05-05 14:20:37.495287,12,3,25.712547766666667
1080,2025-05-05 14:50:35.657921,2025-05-05 14:51:49.887485,3,1,1.2371594
1081,2025-05-05 15:10:48.265933,2025-05-05 15:31:03.341786,12,2,20.251264216666666
1082,2025-05-05 15:58:06.266027,2025-05-05 16:29:11.201883,4,7,31.082264266666666
1083,2025-05-05 16:48:01.141659,2025-05-05 16:48:01.141659,1,1,0.0
1084,2025-05-05 17:16:08.556234,2025-05-05 17:42:40.926806,12,16,26.539509533333334
1085,2025-05-05 18:17:56.913121,2025-05-05 18:59:47.820221,12,3,41.84845166666666
1086,2025-05-05 21:05:13.616406,2025-05-05 21:12:51.914115,3,3,7.63829515
1087,2025-05-06 04:48:27.546160,2025-05-06 05:13:23.297012,12,1,24.929180866666666
1088,2025-05-06 05:36:56.130435,2025-05-06 05:36:56.130435,1,1,0.0
1089,2025-05-06 07:16:50.721344,2025-05-06 08:35:18.840555,8,5,78.46865351666666
1090,2025-05-06 09:17:34.946450,2025-05-06 09:18:03.193837,3,5,0.4707897833333333
1091,2025-05-06 12:51:35.450153,2025-05-06 13:04:39.336851,1,14,13.0647783
1092,2025-05-06 17:12:37.425041,2025-05-06 17:22:51.072409,1,2,10.227456133333334
1093,2025-05-06 21:37:55.540297,2025-05-06 21:39:05.330999,3,1,1.1631783666666666
1094,2025-05-06 22:21:05.449885,2025-05-06 22:26:46.715263,3,2,5.6877563
1095,2025-05-07 04:32:54.023750,2025-05-07 04:32:54.059304,1,2,0.0005925666666666667
1096,2025-05-07 06:00:39.906888,2025-05-07 06:33:26.737756,12,6,32.780514466666666
1097,2025-05-07 07:54:30.512437,2025-05-07 07:54:30.512437,1,1,0.0
1098,2025-05-07 08:24:04.508032,2025-05-07 08:45:06.143404,11,1,21.0272562
1099,2025-05-07 09:55:54.152263,2025-05-07 10:18:41.273151,12,3,22.785348133333333
1100,2025-05-07 10:50:58.400836,2025-05-07 10:50:58.400836,1,1,0.0
1101,2025-05-07 11:24:44.652688,2025-05-07 11:55:29.970355,10,1,30.75529445
1102,2025-05-07 12:56:19.153875,2025-05-07 13:18:57.250861,12,5,22.63494976666667
1103,2025-05-07 13:52:04.728494,2025-05-07 13:52:04.728494,1,1,0.0
1104,2025-05-07 14:07:48.058131,2025-05-07 14:25:52.372771,10,1,18.071910666666668
1105,2025-05-07 14:42:14.168163,2025-05-07 14:42:14.168163,1,1,0.0
1106,2025-05-07 14:59:51.001745,2025-05-07 15:06:46.094031,2,1,6.918204766666666
1107,2025-05-07 15:38:37.104424,2025-05-07 16:19:30.021478,12,5,40.8819509
1108,2025-05-07 16:43:58.944909,2025-05-07 17:07:12.161484,12,1,23.220276249999998
1109,2025-05-07 17:45:57.723174,2025-05-07 18:04:22.346935,11,1,18.410396016666667
1110,2025-05-07 19:56:10.498755,2025-05-07 20:17:55.900578,11,6,21.75669705
1111,2025-05-07 21:01:11.445901,2025-05-07 21:09:54.443212,2,1,8.71662185
1112,2025-05-07 21:54:37.466143,2025-05-07 21:55:53.427990,10,1,1.2660307833333335
1113,2025-05-07 23:08:54.990856,2025-05-07 23:29:13.780633,10,1,20.31316295
1114,2025-05-08 03:47:13.701642,2025-05-08 05:48:12.095558,11,16,120.97323193333334
1115,2025-05-08 06:09:18.656155,2025-05-08 06:36:18.634389,6,1,26.99963723333333
1116,2025-05-08 08:19:23.449101,2025-05-08 08:19:28.971467,1,4,0.09203943333333334
1117,2025-05-08 09:15:37.361227,2025-05-08 09:25:08.525509,3,1,9.519404699999999
1118,2025-05-08 10:18:44.923631,2025-05-08 10:19:04.677245,1,15,0.3292269
1119,2025-05-08 13:39:08.799019,2025-05-08 13:58:07.261711,9,1,18.9743782
1120,2025-05-08 14:19:47.321871,2025-05-08 14:19:49.098189,2,1,0.0296053
1121,2025-05-08 14:49:21.502927,2025-05-08 15:11:02.882910,11,2,21.689666383333336
1122,2025-05-08 15:56:08.558441,2025-05-08 16:30:56.049999,10,2,34.79152596666667
1123,2025-05-08 16:58:35.121028,2025-05-08 17:16:41.697761,10,2,18.10961221666667
1124,2025-05-08 22:45:25.795710,2025-05-08 22:45:25.795710,1,1,0.0
1125,2025-05-09 01:38:03.423399,2025-05-09 01:51:35.094518,9,1,13.527851983333333
1126,2025-05-09 02:47:21.688938,2025-05-09 03:01:46.803145,9,2,14.418570116666666
1127,2025-05-09 03:45:34.235111,2025-05-09 04:35:52.877120,11,3,50.31070015
1128,2025-05-09 06:16:46.024596,2025-05-09 06:46:57.835350,11,11,30.196845900000003
1129,2025-05-09 07:05:53.251253,2025-05-09 07:19:42.117143,12,2,13.814431500000001
1130,2025-05-09 07:46:52.790813,2025-05-09 08:09:19.536043,11,1,22.445753833333335
1131,2025-05-09 09:43:41.242929,2025-05-09 09:43:41.242929,1,1,0.0
1132,2025-05-09 11:04:26.665363,2025-05-09 11:04:26.665363,1,1,0.0
1133,2025-05-09 14:04:43.225127,2025-05-09 14:04:43.225127,1,1,0.0
1134,2025-05-09 16:41:08.435571,2025-05-09 16:42:22.372483,11,5,1.2322818666666668
1135,2025-05-09 17:26:41.768215,2025-05-09 17:34:01.846406,11,2,7.3346365166666665
1136,2025-05-09 17:54:43.300349,2025-05-09 18:04:48.597326,7,3,10.08828295
1137,2025-05-09 18:50:38.633571,2025-05-09 20:34:53.754366,12,14,104.25201324999999
1138,2025-05-09 21:15:51.541481,2025-05-09 21:15:51.541481,1,1,0.0
1139,2025-05-10 01:40:15.504949,2025-05-10 01:40:15.504949,1,1,0.0
1140,2025-05-10 05:17:21.333574,2025-05-10 05:17:21.333574,1,1,0.0
1141,2025-05-10 18:32:33.214631,2025-05-10 18:38:40.272938,2,3,6.11763845
1142,2025-05-11 05:52:25.701502,2025-05-11 05:52:25.701502,1,1,0.0
1143,2025-05-11 15:15:45.047664,2025-05-11 15:28:18.651515,2,1,12.560064183333333
1144,2025-05-11 20:16:57.770583,2025-05-11 20:16:57.770583,1,1,0.0
1145,2025-05-12 05:19:33.995781,2025-05-12 05:38:39.607535,11,1,19.093529233333335
1146,2025-05-12 10:11:28.523283,2025-05-12 10:54:13.864886,12,2,42.75569338333333
1147,2025-05-12 11:40:02.252458,2025-05-12 12:29:14.283854,12,3,49.200523266666664
1148,2025-05-12 14:16:28.791866,2025-05-12 15:20:23.557342,12,4,63.91275793333333
1149,2025-05-12 16:59:10.981288,2025-05-12 17:14:07.597065,8,2,14.943596283333333
1150,2025-05-12 19:16:09.137410,2025-05-12 19:16:21.696626,4,1,0.20932026666666664
1151,2025-05-12 20:19:25.038924,2025-05-12 20:46:26.821626,12,1,27.0297117
1152,2025-05-13 05:28:15.622695,2025-05-13 05:41:13.129470,10,1,12.95844625
1153,2025-05-13 07:11:42.547225,2025-05-13 07:29:06.638806,11,1,17.401526349999997
1154,2025-05-13 08:02:07.977927,2025-05-13 08:31:53.915106,11,1,29.76561965
1155,2025-05-13 08:53:53.669913,2025-05-13 09:09:06.349353,10,1,15.211324
1156,2025-05-13 10:16:40.649534,2025-05-13 10:18:15.009211,10,2,1.5726612833333333
1157,2025-05-13 14:19:51.664861,2025-05-13 14:32:13.879854,6,1,12.370249883333335
1158,2025-05-13 14:56:15.257061,2025-05-13 15:03:09.239182,12,2,6.899702016666667
1159,2025-05-13 15:30:11.925577,2025-05-13 15:31:29.472268,8,1,1.2924448499999999
1160,2025-05-13 16:17:48.907151,2025-05-13 16:17:48.907151,1,1,0.0
1161,2025-05-13 17:11:49.185459,2025-05-13 17:28:01.575001,11,1,16.206492366666666
1162,2025-05-13 18:05:48.732734,2025-05-13 19:10:01.889771,12,10,64.21928395
1163,2025-05-13 19:47:08.436876,2025-05-13 20:26:39.937031,12,2,39.52500258333334
1164,2025-05-13 22:02:06.885780,2025-05-13 22:02:06.885780,1,1,0.0
1165,2025-05-14 02:58:13.725564,2025-05-14 02:59:35.265711,11,1,1.35900245
1166,2025-05-14 04:36:04.694596,2025-05-14 04:36:04.694596,1,1,0.0
1167,2025-05-14 04:53:03.650672,2025-05-14 04:58:39.652231,3,1,5.6000259833333335
1168,2025-05-14 05:14:46.647232,2025-05-14 05:28:46.999229,7,1,14.005866616666667
1169,2025-05-14 06:00:45.280575,2025-05-14 06:19:23.415660,11,1,18.63558475
1170,2025-05-14 07:55:23.180475,2025-05-14 08:13:41.888321,11,1,18.311797433333332
1171,2025-05-14 10:33:22.235525,2025-05-14 10:46:46.607848,11,1,13.406205383333335
1172,2025-05-14 12:11:32.027804,2025-05-14 12:22:36.524555,11,2,11.07494585
1173,2025-05-14 13:03:33.033567,2025-05-14 13:31:36.558824,11,1,28.058754283333332
1174,2025-05-14 15:07:36.013849,2025-05-14 15:40:32.746571,12,3,32.945545366666664
1175,2025-05-14 16:07:35.956115,2025-05-14 16:23:36.693306,11,2,16.012286516666666
1176,2025-05-14 17:01:36.239804,2025-05-14 17:03:37.694982,4,1,2.024252966666667
1177,2025-05-14 18:10:14.626232,2025-05-14 19:07:38.892498,11,3,57.40443776666667
1178,2025-05-14 19:43:34.066183,2025-05-14 19:56:11.306694,9,1,12.620675183333333
1179,2025-05-15 02:42:14.020514,2025-05-15 03:11:13.927683,10,2,28.998452816666667
1180,2025-05-15 03:34:23.494294,2025-05-15 04:12:29.088609,11,3,38.09323858333333
1181,2025-05-15 04:58:31.955194,2025-05-15 04:59:26.002295,6,2,0.9007850166666667
1182,2025-05-15 05:16:33.257784,2025-05-15 07:47:36.094108,2,13,151.04727206666666
1183,2025-05-15 08:08:33.551881,2025-05-15 09:24:17.521139,2,20,75.73282096666667
1184,2025-05-15 09:40:56.027190,2025-05-15 11:04:06.487566,2,10,83.1743396
1185,2025-05-15 11:28:05.795235,2025-05-15 12:18:08.049875,12,47,50.03757733333334
1186,2025-05-15 13:00:13.691694,2025-05-15 13:54:12.670239,12,4,53.98297575
1187,2025-05-15 14:19:08.274233,2025-05-15 15:04:18.150781,11,3,45.164609133333336
1188,2025-05-15 15:52:21.667607,2025-05-15 18:25:36.475376,12,18,153.24679615
1189,2025-05-15 18:49:00.707315,2025-05-15 19:06:23.397680,11,1,17.378172749999997
1190,2025-05-15 20:25:36.447473,2025-05-15 20:25:36.447473,1,1,0.0
1191,2025-05-16 06:37:52.088024,2025-05-16 07:59:32.416695,12,5,81.67214451666668
1192,2025-05-16 08:55:04.299751,2025-05-16 09:50:21.009064,12,3,55.27848855
1193,2025-05-16 14:07:42.357280,2025-05-16 14:09:15.367356,9,1,1.5501679333333334
1194,2025-05-16 15:12:29.812691,2025-05-16 15:33:36.291433,8,2,21.107979033333333
1195,2025-05-16 17:32:18.058362,2025-05-16 17:46:06.503998,8,1,13.807427266666668
1196,2025-05-16 19:06:08.824175,2025-05-16 19:20:04.111950,9,1,13.921462916666666
1197,2025-05-17 07:04:16.962008,2025-05-17 07:04:16.962008,1,1,0.0
1198,2025-05-17 09:29:11.686297,2025-05-17 09:39:41.033730,9,1,10.489123883333333
1199,2025-05-17 19:17:00.769037,2025-05-17 19:17:53.183302,7,1,0.8735710833333333
1200,2025-05-17 20:45:36.646716,2025-05-17 20:47:02.423744,9,2,1.4296171333333334
1201,2025-05-18 07:30:54.521750,2025-05-18 07:34:13.278311,3,2,3.3126093500000002
1202,2025-05-18 12:18:04.932586,2025-05-18 12:18:05.067734,1,29,0.0022524666666666666
1203,2025-05-18 18:07:56.732432,2025-05-18 18:07:56.732432,1,1,0.0
1204,2025-05-19 03:37:48.713437,2025-05-19 06:45:57.601180,12,161,188.14812905
1205,2025-05-19 13:20:48.391207,2025-05-19 13:20:48.391207,1,1,0.0
1206,2025-05-19 16:39:59.365304,2025-05-19 16:39:59.365304,1,1,0.0
1207,2025-05-19 18:44:58.642065,2025-05-19 18:44:58.642065,1,1,0.0
1208,2025-05-19 19:51:37.216247,2025-05-20 00:07:07.574768,12,87,255.50597535
1209,2025-05-20 00:22:11.102750,2025-05-20 01:10:30.911904,8,3,48.33015256666667
1210,2025-05-20 01:31:18.304255,2025-05-20 01:41:58.349292,7,1,10.667417283333332
1211,2025-05-20 02:09:57.345268,2025-05-20 02:26:41.651012,7,2,16.738429066666665
1212,2025-05-20 03:09:52.806676,2025-05-20 03:26:37.397094,11,1,16.743173633333335
1213,2025-05-20 07:17:17.490908,2025-05-20 07:17:32.956494,2,1,0.25775976666666667
1214,2025-05-20 08:08:55.469595,2025-05-20 08:18:17.047416,5,1,9.35963035
1215,2025-05-20 12:22:45.169934,2025-05-20 12:44:30.397308,8,1,21.75378956666667
1216,2025-05-20 13:38:06.069674,2025-05-20 14:38:49.432965,11,6,60.72272151666667
1217,2025-05-20 15:16:10.731348,2025-05-20 15:30:22.413584,10,8,14.194703933333333
1218,2025-05-20 16:17:19.747919,2025-05-20 16:17:48.938041,4,1,0.4865020333333333
1219,2025-05-20 19:34:23.775856,2025-05-20 22:18:05.246155,11,24,163.69117165
1220,2025-05-20 22:56:41.896126,2025-05-20 23:46:24.847010,11,3,49.715848066666666
1221,2025-05-21 00:07:05.738723,2025-05-21 00:23:42.074160,9,2,16.605590616666667
1222,2025-05-21 04:13:05.543279,2025-05-21 04:45:58.663482,9,2,32.885336716666664
1223,2025-05-21 05:53:34.656541,2025-05-21 05:53:58.877636,8,4,0.4036849166666666
1224,2025-05-21 06:17:40.660644,2025-05-21 06:18:26.770656,2,14,0.7685002
1225,2025-05-21 06:41:49.538023,2025-05-21 06:41:49.603254,1,4,0.0010871833333333332
1226,2025-05-21 07:02:00.365585,2025-05-21 07:21:40.277008,11,1,19.665190383333332
1227,2025-05-21 08:11:18.114073,2025-05-21 08:27:07.465713,10,1,15.822527333333333
1228,2025-05-21 09:18:07.353904,2025-05-21 09:41:04.184542,12,1,22.9471773
1229,2025-05-21 11:27:38.562619,2025-05-21 11:27:38.562619,1,1,0.0
1230,2025-05-21 11:44:58.410238,2025-05-21 12:03:01.513107,7,1,18.051714483333335
1231,2025-05-21 12:49:46.677813,2025-05-21 13:08:32.724025,11,1,18.767436866666667
1232,2025-05-21 14:14:23.769835,2025-05-21 15:20:13.593336,12,7,65.83039168333333
1233,2025-05-21 15:46:36.798925,2025-05-21 16:52:58.472303,11,28,66.36122296666666
1234,2025-05-21 17:24:24.827186,2025-05-21 17:26:16.576084,9,1,1.8624816333333334
1235,2025-05-21 18:28:50.131252,2025-05-21 18:55:32.001833,12,3,26.697843016666663
1236,2025-05-21 19:15:27.471235,2025-05-21 19:31:13.766796,10,1,15.771592683333333
1237,2025-05-22 03:24:44.054788,2025-05-22 03:24:44.054788,1,1,0.0
1238,2025-05-22 04:26:29.237784,2025-05-22 04:26:29.237784,1,1,0.0
1239,2025-05-22 05:35:12.978224,2025-05-22 05:35:12.978224,1,1,0.0
1240,2025-05-22 05:52:54.724109,2025-05-22 05:52:54.724109,1,1,0.0
1241,2025-05-22 06:13:31.242822,2025-05-22 06:31:03.342503,11,5,17.53499468333333
1242,2025-05-22 06:46:20.254788,2025-05-22 06:59:21.298451,9,2,13.017394383333334
1243,2025-05-22 14:42:16.321005,2025-05-22 14:42:16.321005,1,1,0.0
1244,2025-05-22 14:58:05.791807,2025-05-22 15:09:11.039498,12,2,11.087461516666668
1245,2025-05-22 15:54:59.461960,2025-05-22 16:15:23.135677,12,2,20.39456195
1246,2025-05-22 17:30:49.416154,2025-05-22 17:30:49.416154,1,1,0.0
1247,2025-05-22 18:03:51.173707,2025-05-22 18:16:01.642191,10,2,12.174474733333334
1248,2025-05-22 19:32:42.096642,2025-05-22 20:07:08.627247,11,4,34.44217675
1249,2025-05-23 04:14:47.086662,2025-05-23 04:30:12.198100,10,1,15.418523966666667
1250,2025-05-23 08:55:03.383091,2025-05-23 09:17:09.609638,11,1,22.103775783333333
1251,2025-05-23 09:37:28.735963,2025-05-23 09:47:29.879573,5,1,10.019060166666666
1252,2025-05-23 14:13:38.768019,2025-05-23 14:14:51.260246,10,1,1.2082037833333332
1253,2025-05-23 16:07:53.396149,2025-05-23 16:07:53.396149,1,1,0.0
1254,2025-05-23 17:17:30.235654,2025-05-23 17:58:23.312863,12,2,40.88462015
1255,2025-05-23 18:15:10.126917,2025-05-23 18:16:43.683261,12,1,1.5592724
1256,2025-05-23 18:31:43.988339,2025-05-23 20:01:41.264089,12,6,89.95459583333333
1257,2025-05-23 20:24:22.376270,2025-05-23 20:37:27.408038,9,1,13.0838628
1258,2025-05-23 21:02:05.519936,2025-05-23 21:08:15.355357,8,3,6.1639236833333335
1259,2025-05-23 21:26:41.092460,2025-05-23 21:32:41.439276,4,2,6.005780266666666
1260,2025-05-23 21:47:56.551306,2025-05-23 22:17:51.788779,11,4,29.92062455
1261,2025-05-23 22:45:26.684403,2025-05-23 23:03:08.767123,11,1,17.701378666666667
1262,2025-05-24 13:36:39.020712,2025-05-24 13:49:36.535403,11,1,12.958578183333334
1263,2025-05-24 17:44:08.557002,2025-05-24 17:45:11.831910,2,1,1.0545818
1264,2025-05-25 06:16:11.685104,2025-05-25 06:17:50.489386,12,2,1.6467380333333332
1265,2025-05-25 10:38:58.155903,2025-05-25 10:38:58.155903,1,1,0.0
1266,2025-05-25 12:06:55.961094,2025-05-25 12:25:21.550009,11,2,18.426481916666667
1267,2025-05-25 19:19:43.411040,2025-05-25 20:27:45.113828,12,4,68.0283798
1268,2025-05-25 20:46:40.397920,2025-05-25 20:46:40.397920,1,1,0.0
1269,2025-05-25 21:07:36.090105,2025-05-25 21:19:35.233896,1,2,11.98572985
1270,2025-05-25 21:36:57.146336,2025-05-25 21:36:57.146336,1,1,0.0
1271,2025-05-25 21:54:38.693458,2025-05-25 21:54:38.693458,1,1,0.0
1272,2025-05-25 22:25:15.128394,2025-05-25 22:25:15.128394,1,1,0.0
1273,2025-05-25 22:44:36.118228,2025-05-25 22:52:31.166792,1,2,7.917476066666667
1274,2025-05-25 23:35:04.905961,2025-05-25 23:45:17.771786,1,2,10.214430416666666
1275,2025-05-26 00:14:45.871509,2025-05-26 00:14:45.871509,1,1,0.0
1276,2025-05-26 03:30:14.269952,2025-05-26 03:30:14.269952,1,1,0.0
1277,2025-05-26 04:04:36.533946,2025-05-26 04:05:41.692550,10,1,1.0859767333333332
1278,2025-05-26 04:35:48.401496,2025-05-26 04:56:22.587832,10,2,20.569772266666668
1279,2025-05-26 05:35:12.253430,2025-05-26 05:59:49.004155,11,1,24.612512083333336
1280,2025-05-26 07:16:15.983223,2025-05-26 07:16:15.983223,1,1,0.0
1281,2025-05-26 08:02:51.869596,2025-05-26 08:51:19.644447,12,11,48.46291418333333
1282,2025-05-26 09:16:42.697382,2025-05-26 12:47:48.538892,12,151,211.0973585
1283,2025-05-26 16:40:23.503589,2025-05-26 16:41:51.636326,11,144,1.4688789500000001
1284,2025-05-26 19:01:53.246538,2025-05-26 22:11:27.725743,12,17,189.57465341666665
1285,2025-05-26 22:32:32.380140,2025-05-26 22:46:41.597538,8,1,14.1536233
1286,2025-05-26 23:02:55.697224,2025-05-26 23:02:55.697224,1,1,0.0
1287,2025-05-27 03:19:42.408255,2025-05-27 04:20:15.567799,11,4,60.55265906666667
1288,2025-05-27 04:37:24.231464,2025-05-27 04:53:12.548822,9,2,15.8052893
1289,2025-05-27 05:09:34.404655,2025-05-27 06:37:01.598656,11,4,87.45323334999999
1290,2025-05-27 07:23:37.102735,2025-05-27 09:15:25.786557,12,7,111.81139703333334
1291,2025-05-27 10:17:31.876796,2025-05-27 11:59:27.541706,12,12,101.9277485
1292,2025-05-27 12:48:01.873058,2025-05-27 14:04:24.794158,8,6,76.38201833333332
1293,2025-05-27 14:19:59.916529,2025-05-27 14:41:17.547650,6,2,21.293852016666666
1294,2025-05-27 15:37:28.855786,2025-05-27 16:06:37.396296,7,4,29.142341833333333
1295,2025-05-27 16:22:01.901796,2025-05-27 16:24:04.579795,7,1,2.044633316666667
1296,2025-05-27 16:40:08.109642,2025-05-27 17:27:34.584632,7,6,47.44124983333334
1297,2025-05-27 17:56:49.387098,2025-05-27 19:09:09.719525,12,29,72.33887378333334
1298,2025-05-28 03:18:30.309888,2025-05-28 03:28:35.082495,11,2,10.07954345
1299,2025-05-28 04:03:26.224272,2025-05-28 04:03:27.701518,2,1,0.02462076666666667
1300,2025-05-28 04:43:53.560473,2025-05-28 05:26:26.234381,12,2,42.544565133333336
1301,2025-05-28 05:53:44.760109,2025-05-28 06:10:30.215771,10,1,16.757594366666666
1302,2025-05-28 07:49:02.443080,2025-05-28 08:10:17.905308,11,1,21.2577038
1303,2025-05-28 08:37:56.500448,2025-05-28 08:52:11.840005,9,1,14.255659283333333
1304,2025-05-28 09:23:16.865360,2025-05-28 10:47:47.733528,12,2,84.51446946666667
1305,2025-05-28 11:14:15.957998,2025-05-28 11:32:52.436888,10,1,18.6079815
1306,2025-05-28 12:38:42.219226,2025-05-28 12:38:42.219226,1,1,0.0
1307,2025-05-28 13:11:20.334926,2025-05-28 13:28:07.078375,10,1,16.779057483333336
1308,2025-05-28 13:55:32.802956,2025-05-28 14:16:35.616207,10,1,21.04688751666667
1309,2025-05-28 15:38:19.843084,2025-05-28 16:10:04.364341,11,1,31.74202095
1310,2025-05-28 16:32:03.521427,2025-05-28 16:52:42.897599,10,1,20.656269533333333
1311,2025-05-28 17:15:23.243153,2025-05-28 17:29:23.343045,5,2,14.001664866666665
1312,2025-05-28 17:52:21.235432,2025-05-28 18:09:55.814750,11,1,17.57632196666667
1313,2025-05-28 18:27:06.585569,2025-05-28 18:56:10.742059,12,2,29.069274833333335
1314,2025-05-29 04:23:50.287880,2025-05-29 04:23:50.287880,1,1,0.0
1315,2025-05-29 04:39:01.127804,2025-05-29 04:54:27.779505,11,1,15.444195016666667
1316,2025-05-29 06:24:15.820305,2025-05-29 06:36:11.328582,10,1,11.92513795
1317,2025-05-29 07:09:57.068296,2025-05-29 07:26:48.472781,11,2,16.85674141666667
1318,2025-05-29 07:44:03.992356,2025-05-29 08:03:26.999970,11,2,19.383460233333334
1319,2025-05-29 14:39:42.317758,2025-05-29 15:24:05.673705,11,2,44.389265783333336
1320,2025-05-29 17:07:50.066780,2025-05-29 17:25:54.465933,11,1,18.07331921666667
1321,2025-05-30 13:06:53.545774,2025-05-30 13:23:46.589685,10,5,16.884065183333334
1322,2025-05-30 14:04:02.307798,2025-05-30 14:15:16.469476,8,1,11.236027966666667
1323,2025-05-30 14:36:50.388779,2025-05-30 14:36:50.388779,1,1,0.0
1324,2025-05-30 15:11:14.644527,2025-05-30 15:28:08.003397,10,3,16.8893145
1325,2025-05-30 15:58:39.646497,2025-05-30 15:58:39.646497,1,1,0.0
1326,2025-05-30 16:16:49.562957,2025-05-30 17:20:16.793669,12,8,63.4538452
1327,2025-05-30 18:40:38.521934,2025-05-30 19:07:47.232603,12,1,27.145177816666667
1328,2025-05-30 19:25:26.951063,2025-05-30 19:25:26.951063,1,1,0.0
1329,2025-05-31 14:17:10.128939,2025-05-31 14:17:12.000731,2,1,0.03119653333333333
1330,2025-05-31 15:10:18.537282,2025-05-31 15:12:13.973634,11,4,1.9239392
1331,2025-05-31 16:52:35.222146,2025-05-31 17:59:27.327583,12,8,66.86842395000001
1332,2025-05-31 18:35:12.719132,2025-05-31 19:03:04.526239,10,2,27.863451783333335
1333,2025-05-31 20:19:18.585641,2025-05-31 20:19:18.585641,1,1,0.0
1334,2025-06-01 04:44:54.354720,2025-06-01 04:46:00.683124,9,2,1.1054734000000002
1335,2025-06-01 08:25:53.677057,2025-06-01 08:27:13.243052,10,1,1.3260999166666667
1336,2025-06-01 16:40:52.629119,2025-06-01 16:42:22.600568,11,1,1.49952415
1337,2025-06-01 19:53:43.566851,2025-06-02 00:09:37.886539,12,98,255.9053281333333
1338,2025-06-02 00:39:16.964094,2025-06-02 00:50:53.183783,8,2,11.603661483333333
1339,2025-06-02 01:11:05.116182,2025-06-02 03:13:22.641458,12,9,122.29208793333333
1340,2025-06-02 07:05:55.666071,2025-06-02 07:42:05.388501,11,1,36.162040499999996
1341,2025-06-02 09:01:13.588383,2025-06-02 09:18:49.630246,10,1,17.600697716666666
1342,2025-06-02 09:45:35.259765,2025-06-02 10:21:10.364943,12,3,35.58508629999999
1343,2025-06-02 10:45:41.603465,2025-06-02 11:18:35.262100,11,2,32.894310583333336
1344,2025-06-02 11:52:28.686638,2025-06-02 11:55:09.988899,12,4,2.6883710166666663
1345,2025-06-02 17:56:05.796336,2025-06-02 17:56:05.796336,1,1,0.0
1346,2025-06-02 20:11:18.217092,2025-06-03 00:13:36.395871,12,80,242.30297965
1347,2025-06-03 00:34:30.283484,2025-06-03 05:49:08.438720,12,23,314.63592059999996
1348,2025-06-03 06:13:21.808377,2025-06-03 06:32:52.312679,10,1,19.508405033333336
1349,2025-06-03 08:21:01.886944,2025-06-03 09:15:24.684571,11,3,54.37996045
1350,2025-06-03 10:27:43.267514,2025-06-03 13:03:58.030812,12,13,156.24605496666666
1351,2025-06-03 13:21:14.916955,2025-06-03 13:45:57.290296,3,2,24.70622235
1352,2025-06-03 14:13:00.780366,2025-06-03 14:13:00.780366,1,1,0.0
1353,2025-06-03 15:27:35.580246,2025-06-03 15:27:35.716400,1,2,0.0022692333333333334
1354,2025-06-03 15:44:29.159343,2025-06-03 15:44:30.117177,1,2,0.0159639
1355,2025-06-03 16:07:01.109292,2025-06-03 16:07:01.109292,1,1,0.0
1356,2025-06-03 16:32:38.399703,2025-06-03 16:32:38.399703,1,1,0.0
1357,2025-06-03 16:57:51.364315,2025-06-03 17:10:10.415423,2,1,12.317518466666666
1358,2025-06-03 17:39:07.242325,2025-06-03 17:47:48.516180,2,2,8.687897583333333
1359,2025-06-03 18:52:05.877512,2025-06-03 18:52:05.877512,1,1,0.0
1360,2025-06-03 19:15:18.202589,2025-06-03 19:15:18.202589,1,1,0.0
1361,2025-06-03 20:15:55.323804,2025-06-04 00:15:07.292493,12,69,239.19947814999998
1362,2025-06-04 00:54:02.316609,2025-06-04 03:03:58.071261,12,8,129.9292442
1363,2025-06-04 07:32:51.680738,2025-06-04 07:32:51.766776,1,3,0.0014339666666666668
1364,2025-06-04 08:00:11.943161,2025-06-04 08:01:26.415874,11,1,1.2412118833333332
1365,2025-06-04 09:42:32.805791,2025-06-04 10:37:36.896798,12,2,55.06818345
1366,2025-06-04 11:11:54.886389,2025-06-04 11:36:09.210843,11,1,24.2387409
1367,2025-06-04 14:28:38.316681,2025-06-04 14:47:46.422129,10,2,19.1350908
1368,2025-06-04 15:39:23.941301,2025-06-04 16:34:02.505632,12,11,54.64273885
1369,2025-06-04 17:06:06.909777,2025-06-04 17:45:49.235326,10,3,39.70542581666667
1370,2025-06-04 18:23:53.876488,2025-06-04 18:23:53.876488,1,1,0.0
1371,2025-06-04 19:19:17.685824,2025-06-04 19:21:12.551798,10,3,1.9144329
1372,2025-06-04 19:45:01.049646,2025-06-05 00:09:41.047160,12,86,264.6666252333333
1373,2025-06-05 00:41:02.967631,2025-06-05 01:16:52.021464,7,2,35.817563883333335
1374,2025-06-05 01:35:27.054104,2025-06-05 02:00:50.198551,7,2,25.385740783333333
1375,2025-06-05 03:39:35.371222,2025-06-05 03:39:35.371222,1,1,0.0
1376,2025-06-05 06:42:09.931496,2025-06-05 06:42:09.931496,1,1,0.0
1377,2025-06-05 10:31:24.010527,2025-06-05 11:22:12.993771,12,4,50.8163874
1378,2025-06-05 11:57:47.287837,2025-06-05 11:57:47.287837,1,1,0.0
1379,2025-06-05 13:48:32.836799,2025-06-05 14:06:08.233893,11,2,17.589951566666667
1380,2025-06-05 14:59:30.302323,2025-06-05 15:19:34.942911,11,1,20.077343133333333
1381,2025-06-05 16:57:08.062284,2025-06-05 17:08:22.158282,10,2,11.2349333
1382,2025-06-05 20:48:12.982413,2025-06-05 20:52:24.206152,4,3,4.187062316666666
1383,2025-06-05 21:16:26.779914,2025-06-05 21:41:55.020378,12,5,25.4706744
1384,2025-06-05 22:21:27.420898,2025-06-05 22:48:14.924925,10,1,26.79173378333333
1385,2025-06-06 06:33:52.537802,2025-06-06 06:35:21.867307,9,1,1.4888250833333332
1386,2025-06-06 09:20:54.568444,2025-06-06 09:22:17.912113,11,1,1.38906115
1387,2025-06-06 10:18:50.756939,2025-06-06 10:34:17.467182,10,1,15.445170716666667
1388,2025-06-06 16:56:36.508245,2025-06-06 16:56:36.508245,1,1,0.0
1389,2025-06-06 17:20:03.956535,2025-06-06 17:20:09.870871,2,1,0.09857226666666666
1390,2025-06-06 17:37:39.086215,2025-06-06 17:40:02.186038,10,2,2.38499705
1391,2025-06-06 18:21:40.870429,2025-06-06 18:21:40.870429,1,1,0.0
1392,2025-06-08 07:43:12.860885,2025-06-08 08:04:50.496173,6,1,21.6272548
1393,2025-06-08 08:55:38.851776,2025-06-08 09:10:40.818996,7,1,15.032787
1394,2025-06-08 14:44:15.740909,2025-06-08 14:44:15.740909,1,1,0.0
1395,2025-06-08 20:59:30.109815,2025-06-08 20:59:30.109815,1,1,0.0
1396,2025-06-09 17:11:06.122313,2025-06-09 17:27:55.557810,9,2,16.823924950000002
1397,2025-06-10 05:42:02.675651,2025-06-10 05:42:02.675651,1,1,0.0
1398,2025-06-10 07:00:17.736858,2025-06-10 07:00:17.736858,1,1,0.0
1399,2025-06-10 07:22:43.377845,2025-06-10 07:22:43.377845,1,1,0.0
1400,2025-06-10 08:05:51.078566,2025-06-10 08:15:50.733011,7,1,9.99424075
1401,2025-06-10 09:54:29.604001,2025-06-10 09:54:29.604001,1,1,0.0
1402,2025-06-10 10:13:21.647197,2025-06-10 11:14:57.254179,9,3,61.593449699999994
1403,2025-06-10 13:20:35.135002,2025-06-10 13:20:35.135002,1,1,0.0
1404,2025-06-10 18:47:29.511525,2025-06-10 18:47:29.511525,1,1,0.0
1405,2025-06-10 20:46:46.859451,2025-06-10 20:48:11.298415,3,1,1.4073160666666666
1406,2025-06-11 04:40:41.870650,2025-06-11 04:51:09.490998,3,1,10.460339133333333
1407,2025-06-11 07:16:14.471633,2025-06-11 07:16:14.471633,1,1,0.0
1408,2025-06-11 08:49:09.133837,2025-06-11 08:49:09.133837,1,1,0.0
1409,2025-06-11 09:16:34.721287,2025-06-11 09:17:32.483911,3,1,0.9627104000000001
1410,2025-06-11 10:08:28.442666,2025-06-11 10:13:17.589176,3,2,4.8191085
1411,2025-06-11 10:31:58.065500,2025-06-11 10:51:33.214546,3,2,19.585817433333332
1412,2025-06-11 13:39:45.524740,2025-06-11 13:39:45.524740,1,1,0.0
1413,2025-06-11 17:46:40.135420,2025-06-11 17:46:40.135420,1,1,0.0
1414,2025-06-12 16:52:08.340313,2025-06-12 16:52:08.340313,1,1,0.0
1415,2025-06-12 20:55:23.095435,2025-06-12 22:50:13.884831,9,22,114.84648993333333
1416,2025-06-13 05:14:30.599831,2025-06-13 10:28:41.826388,12,20,314.18710928333337
1417,2025-06-13 10:51:11.715736,2025-06-13 13:33:44.968904,12,12,162.55421946666667
1418,2025-06-13 14:28:05.132172,2025-06-13 14:29:34.807026,10,1,1.4945808999999999
1419,2025-06-13 15:57:43.086651,2025-06-13 16:08:27.218290,10,1,10.735527316666666
1420,2025-06-13 16:54:54.667745,2025-06-13 16:54:54.667745,1,1,0.0
1421,2025-06-13 17:11:00.464708,2025-06-13 17:11:00.464708,1,1,0.0
1422,2025-06-13 18:23:49.660796,2025-06-13 18:23:49.660796,1,1,0.0
1423,2025-06-14 01:04:46.517013,2025-06-14 01:04:49.430248,1,10,0.04855391666666666
1424,2025-06-14 09:53:45.334692,2025-06-14 09:55:08.695761,2,1,1.38935115
1425,2025-06-14 10:38:37.509789,2025-06-14 12:01:35.695684,12,9,82.96976491666666
1426,2025-06-14 12:17:45.487940,2025-06-14 12:29:18.691175,2,3,11.553387249999998
1427,2025-06-14 12:50:04.746025,2025-06-14 13:25:34.885107,9,7,35.50231803333334
1428,2025-06-14 13:40:47.136875,2025-06-14 16:15:47.736361,11,11,155.0099914333333
1429,2025-06-14 16:37:10.289411,2025-06-14 17:19:14.688611,11,2,42.073319999999995
1430,2025-06-14 20:16:24.178539,2025-06-14 21:02:58.727163,12,1,46.5758104
1431,2025-06-15 08:44:34.613249,2025-06-15 08:57:49.027718,6,1,13.240241150000001
1432,2025-06-15 10:24:42.378891,2025-06-15 10:39:02.702569,11,1,14.338727966666665
1433,2025-06-15 11:43:26.856658,2025-06-15 11:43:26.856658,1,1,0.0
1434,2025-06-15 13:03:16.180753,2025-06-15 13:32:03.660541,2,5,28.791329800000003
1435,2025-06-15 14:17:12.653907,2025-06-15 14:56:16.950186,3,24,39.071604650000005
1436,2025-06-15 15:24:09.940965,2025-06-15 15:24:09.940965,1,1,0.0
1437,2025-06-15 16:16:24.139586,2025-06-15 16:18:12.346999,11,26,1.8034568833333333
1438,2025-06-15 17:18:34.015657,2025-06-15 17:42:36.283722,12,4,24.03780108333333
1439,2025-06-15 18:04:47.109585,2025-06-15 18:27:37.832035,12,2,22.845374166666666
1440,2025-06-16 04:08:17.121506,2025-06-16 04:35:50.479875,11,1,27.555972816666667
1441,2025-06-16 05:05:24.386991,2025-06-16 05:26:24.370136,10,1,20.999719083333332
1442,2025-06-16 05:59:18.483419,2025-06-16 06:53:14.795040,12,3,53.93852701666666
1443,2025-06-16 07:09:19.012078,2025-06-16 08:07:12.559214,12,4,57.892452266666666
1444,2025-06-16 09:16:10.459467,2025-06-16 09:17:35.514442,10,14,1.4175829166666667
1445,2025-06-16 09:37:44.938110,2025-06-16 10:29:49.368141,11,14,52.07383385
1446,2025-06-16 10:56:23.277420,2025-06-16 11:34:35.009479,11,3,38.19553431666667
1447,2025-06-16 12:12:11.675457,2025-06-16 13:15:59.513795,11,12,63.79730563333333
1448,2025-06-16 14:06:06.546016,2025-06-16 14:06:06.546016,1,1,0.0
1449,2025-06-16 14:23:22.332499,2025-06-16 14:59:02.359938,12,2,35.66712398333333
1450,2025-06-16 19:05:42.386538,2025-06-16 19:07:07.110540,2,2,1.4120667
1451,2025-06-17 08:10:32.222968,2025-06-17 08:11:58.782164,7,1,1.4426532666666667
1452,2025-06-17 08:27:59.635182,2025-06-17 09:27:25.018556,11,3,59.423056233333334
1453,2025-06-17 10:05:57.460358,2025-06-17 10:20:45.237316,6,3,14.796282633333334
1454,2025-06-17 10:39:09.207307,2025-06-17 11:06:35.436427,11,1,27.437152
1455,2025-06-17 15:37:44.379191,2025-06-17 16:00:21.040740,11,1,22.611025816666665
1456,2025-06-17 18:35:31.908838,2025-06-17 19:13:44.434623,12,2,38.20876308333333
1457,2025-06-17 20:28:45.698234,2025-06-17 20:28:46.035340,2,2,0.005618433333333334
1458,2025-06-17 21:00:03.554881,2025-06-17 21:01:04.190460,5,3,1.0105929833333334
1459,2025-06-17 21:16:42.176852,2025-06-17 21:16:55.962259,4,3,0.22975678333333333
1460,2025-06-18 05:17:32.942974,2025-06-18 05:17:51.249125,3,6,0.30510251666666666
1461,2025-06-18 06:00:17.281560,2025-06-18 06:18:33.743143,11,1,18.274359716666666
1462,2025-06-18 07:05:13.740656,2025-06-18 07:34:08.452676,5,13,28.911866999999997
1463,2025-06-18 07:58:36.787500,2025-06-18 08:17:36.911781,9,16,19.00207135
1464,2025-06-18 09:05:58.257721,2025-06-18 09:05:58.257721,1,1,0.0
1465,2025-06-18 10:35:04.813947,2025-06-18 10:46:04.627860,8,1,10.99689855
1466,2025-06-18 12:50:52.078190,2025-06-18 13:26:47.915117,11,2,35.93061545
1467,2025-06-18 18:22:39.919985,2025-06-18 18:45:33.189802,12,1,22.887830283333336
1468,2025-06-18 20:10:30.494767,2025-06-18 20:10:30.494767,1,1,0.0
1469,2025-06-19 09:57:27.587707,2025-06-19 12:25:26.357338,10,16,147.97949384999998
1470,2025-06-19 12:51:47.720767,2025-06-19 17:43:49.467479,11,21,292.02911186666665
1471,2025-06-19 18:03:04.119856,2025-06-19 20:32:05.774823,12,33,149.02758278333334
1472,2025-06-19 21:06:54.609472,2025-06-19 21:47:23.305819,12,10,40.47827245
1473,2025-06-19 22:05:50.617259,2025-06-19 22:05:50.617259,1,1,0.0
1474,2025-06-19 22:42:58.920391,2025-06-19 22:42:58.920391,1,1,0.0
1475,2025-06-19 23:08:14.143831,2025-06-19 23:08:14.143831,1,1,0.0
1476,2025-06-20 02:33:28.991303,2025-06-20 02:33:28.991303,1,1,0.0
1477,2025-06-20 02:54:26.513053,2025-06-20 04:52:23.950622,11,13,117.95729281666667
1478,2025-06-20 05:29:36.680186,2025-06-20 05:29:36.680186,1,1,0.0
1479,2025-06-20 05:51:15.130309,2025-06-20 05:53:33.996403,1,2,2.3144349
1480,2025-06-20 06:28:34.563049,2025-06-20 06:28:34.563049,1,1,0.0
1481,2025-06-20 09:16:24.945280,2025-06-20 11:46:36.701941,12,22,150.19594435
1482,2025-06-20 12:04:45.536987,2025-06-20 13:45:48.151357,11,6,101.04357283333334
1483,2025-06-20 14:57:43.522069,2025-06-20 14:59:22.107109,10,1,1.6430840000000002
1484,2025-06-20 15:16:29.558577,2025-06-20 15:35:33.308218,9,5,19.06249401666667
1485,2025-06-20 15:59:29.976344,2025-06-20 16:36:15.927223,12,15,36.76584798333333
1486,2025-06-20 16:54:23.459048,2025-06-20 17:43:59.504023,12,10,49.60074958333333
1487,2025-06-20 19:42:32.329926,2025-06-20 20:08:26.963992,12,3,25.910567766666667
1488,2025-06-20 20:26:19.222906,2025-06-20 22:21:43.373436,12,11,115.40250883333333
1489,2025-06-21 09:12:54.632208,2025-06-21 09:17:24.037857,11,1,4.49009415
1490,2025-06-21 12:22:50.327201,2025-06-21 13:02:55.562065,11,2,40.087247733333335
1491,2025-06-21 15:31:13.468990,2025-06-21 15:31:13.468990,1,1,0.0
1492,2025-06-21 15:55:51.531461,2025-06-21 16:34:29.444690,11,9,38.63188715
1493,2025-06-21 16:51:36.440519,2025-06-21 16:59:19.221547,9,9,7.7130171333333335
1494,2025-06-21 17:24:20.600391,2025-06-21 17:24:20.600391,1,1,0.0
1495,2025-06-21 18:38:09.689035,2025-06-21 18:38:09.689035,1,1,0.0
1496,2025-06-21 20:10:56.035499,2025-06-21 20:10:56.035499,1,1,0.0
1497,2025-06-21 20:50:29.331781,2025-06-21 21:25:30.491641,12,3,35.019331
1498,2025-06-21 21:41:35.513572,2025-06-21 22:00:31.983742,11,4,18.9411695
1499,2025-06-22 08:35:14.188901,2025-06-22 08:45:47.939301,2,2,10.562506666666668
1500,2025-06-22 09:16:46.927487,2025-06-22 09:18:10.755443,9,4,1.3971326
1501,2025-06-22 09:38:42.357773,2025-06-22 10:31:09.609780,12,8,52.45420011666667
1502,2025-06-22 11:00:53.261993,2025-06-22 11:33:16.186298,12,6,32.38207175
1503,2025-06-22 12:37:54.236505,2025-06-22 12:37:54.236505,1,1,0.0
1504,2025-06-22 13:52:53.753942,2025-06-22 14:49:06.364915,12,30,56.21018288333333
1505,2025-06-22 15:16:29.452541,2025-06-22 15:37:15.306172,11,27,20.764227183333333
1506,2025-06-22 19:36:25.999202,2025-06-22 19:53:26.209986,11,2,17.003513066666667
1507,2025-06-23 02:16:25.085637,2025-06-23 02:17:37.471951,6,1,1.2064385666666666
1508,2025-06-23 02:42:06.387133,2025-06-23 02:42:23.668500,5,1,0.2880227833333333
1509,2025-06-23 04:52:03.438736,2025-06-23 04:52:03.438736,1,1,0.0
1510,2025-06-23 05:53:18.002375,2025-06-23 06:45:16.884970,12,5,51.981376583333336
1511,2025-06-23 07:10:31.655360,2025-06-23 07:41:13.444332,12,2,30.696482866666667
1512,2025-06-23 08:42:57.729047,2025-06-23 10:11:07.571741,12,8,88.1640449
1513,2025-06-23 10:36:16.992979,2025-06-23 11:13:32.872131,11,4,37.26465253333333
1514,2025-06-23 12:14:27.420697,2025-06-23 13:13:39.229244,10,4,59.19680911666667
1515,2025-06-23 14:12:53.900286,2025-06-23 16:55:27.741794,12,6,162.56402513333333
1516,2025-06-23 18:16:27.489006,2025-06-23 19:22:19.211893,12,17,65.86204811666667
1517,2025-06-23 19:45:41.172840,2025-06-23 20:36:51.533792,12,16,51.17268253333334
1518,2025-06-23 21:16:36.196007,2025-06-23 21:24:20.393818,7,2,7.736630183333333
1519,2025-06-23 21:56:18.948739,2025-06-23 21:56:18.948739,1,1,0.0
1520,2025-06-23 22:17:14.003064,2025-06-23 22:17:14.003064,1,1,0.0
1521,2025-06-24 03:04:03.654182,2025-06-24 03:55:20.859743,12,7,51.286759350000004
1522,2025-06-24 04:15:11.180135,2025-06-24 04:16:35.310207,10,1,1.4021678666666666
1523,2025-06-24 05:06:57.650709,2025-06-24 05:28:51.462963,10,2,21.8968709
1524,2025-06-24 05:51:37.769066,2025-06-24 06:15:30.532743,8,1,23.879394616666666
1525,2025-06-24 07:56:30.805459,2025-06-24 08:20:07.159735,9,3,23.6059046
1526,2025-06-24 08:38:58.641010,2025-06-24 09:03:38.349545,8,4,24.661808916666665
1527,2025-06-24 09:20:30.674586,2025-06-24 09:20:30.674586,1,1,0.0
1528,2025-06-24 09:37:45.370229,2025-06-24 09:37:45.370229,1,1,0.0
1529,2025-06-24 09:57:18.804772,2025-06-24 10:57:24.595761,12,8,60.09651648333333
1530,2025-06-24 11:16:01.915731,2025-06-24 11:38:49.636489,11,5,22.795345966666666
1531,2025-06-24 12:04:26.807710,2025-06-24 12:17:48.679477,1,2,13.36452945
1532,2025-06-24 12:40:59.956346,2025-06-24 13:04:31.832786,1,5,23.531274
1533,2025-06-24 13:27:39.002569,2025-06-24 13:38:53.195410,1,2,11.23654735
1534,2025-06-24 14:04:26.615326,2025-06-24 15:01:39.683255,3,12,57.217798816666665
1535,2025-06-24 15:42:26.058957,2025-06-24 15:48:35.591506,2,1,6.158875816666667
1536,2025-06-24 16:11:02.474107,2025-06-24 16:15:05.256903,2,1,4.046379933333333
1537,2025-06-24 16:41:31.509371,2025-06-24 19:07:27.078395,12,22,145.9261504
1538,2025-06-24 19:46:22.716602,2025-06-24 20:44:30.365911,12,4,58.12748848333333
1539,2025-06-24 21:24:55.920933,2025-06-24 21:44:24.844371,9,1,19.4820573
1540,2025-06-25 07:07:24.364928,2025-06-25 07:32:28.744178,6,1,25.0729875
1541,2025-06-25 08:51:06.700506,2025-06-25 08:51:06.700506,1,1,0.0
1542,2025-06-25 09:07:36.031006,2025-06-25 09:14:19.127004,4,1,6.718266633333333
1543,2025-06-25 10:31:06.760516,2025-06-25 10:31:06.760516,1,1,0.0
1544,2025-06-25 10:49:12.643825,2025-06-25 10:49:12.643825,1,1,0.0
1545,2025-06-25 11:34:08.861889,2025-06-25 11:34:08.861889,1,1,0.0
1546,2025-06-25 13:16:40.320559,2025-06-25 13:33:31.294803,12,4,16.849570733333334
1547,2025-06-25 14:44:13.689218,2025-06-25 15:12:05.679495,12,1,27.866504616666667
1548,2025-06-25 15:28:28.235238,2025-06-25 15:28:51.078868,6,2,0.38072716666666667
1549,2025-06-25 16:05:47.069335,2025-06-25 17:12:07.557925,12,15,66.3414765
1550,2025-06-25 19:01:55.048799,2025-06-25 19:27:50.198484,12,1,25.919161416666668
1551,2025-06-25 19:49:14.149322,2025-06-25 19:49:14.149322,1,1,0.0
1552,2025-06-25 20:32:24.045661,2025-06-25 21:09:22.738521,9,3,36.978214333333334
1553,2025-06-25 22:22:14.081336,2025-06-25 22:22:14.081336,1,1,0.0
1554,2025-06-25 22:40:52.519547,2025-06-25 22:43:51.997769,2,2,2.9913037
1555,2025-06-26 02:59:54.704803,2025-06-26 02:59:54.704803,1,1,0.0
1556,2025-06-26 03:18:17.814138,2025-06-26 04:01:18.773630,10,6,43.015991533333334
1557,2025-06-26 04:21:20.362105,2025-06-26 04:40:29.771590,2,4,19.15682475
1558,2025-06-26 05:12:32.734967,2025-06-26 05:58:19.597561,12,12,45.781043233333335
1559,2025-06-26 06:13:20.673498,2025-06-26 09:43:22.482881,12,22,210.03015638333332
1560,2025-06-26 10:17:55.856022,2025-06-26 10:28:29.133949,1,3,10.554632116666665
1561,2025-06-26 10:57:25.150326,2025-06-26 13:15:54.455006,12,16,138.48841133333332
1562,2025-06-26 13:35:15.445975,2025-06-26 13:54:14.745211,10,2,18.9883206
1563,2025-06-26 14:25:29.184969,2025-06-26 14:25:29.184969,1,1,0.0
1564,2025-06-26 15:28:52.041574,2025-06-26 15:29:34.971379,8,2,0.71549675
1565,2025-06-26 16:12:49.686682,2025-06-26 19:22:56.846133,12,47,190.11932418333333
1566,2025-06-26 20:02:33.609334,2025-06-26 20:22:39.666656,4,3,20.100955366666668
1567,2025-06-26 23:23:38.629604,2025-06-26 23:23:45.674296,2,4,0.11741153333333335
1568,2025-06-27 02:30:38.900615,2025-06-27 02:31:43.049719,9,18,1.0691517333333331
1569,2025-06-27 04:25:18.108108,2025-06-27 04:43:34.718708,9,1,18.276843333333332
1570,2025-06-27 06:46:23.863991,2025-06-27 06:50:34.693238,9,2,4.18048745
1571,2025-06-27 07:15:56.705113,2025-06-27 07:39:43.342972,12,1,23.777297649999998
1572,2025-06-27 08:09:43.822006,2025-06-27 08:09:43.822006,1,1,0.0
1573,2025-06-27 08:39:13.448294,2025-06-27 08:41:23.419015,10,21,2.1661786833333334
1574,2025-06-27 09:35:24.038728,2025-06-27 09:57:28.038102,12,2,22.066656233333333
1575,2025-06-27 11:16:50.626814,2025-06-27 11:34:18.895772,9,1,17.4711493
1576,2025-06-27 12:32:32.978002,2025-06-27 12:46:22.582858,11,3,13.826747600000001
1577,2025-06-27 14:35:30.782722,2025-06-27 15:27:56.131612,12,3,52.4224815
1578,2025-06-27 16:07:26.781928,2025-06-27 16:21:21.556880,4,9,13.912915866666667
1579,2025-06-27 16:41:09.414781,2025-06-27 16:41:51.473188,3,9,0.70097345
1580,2025-06-27 17:11:41.664520,2025-06-27 17:56:39.973459,12,2,44.97181565
1581,2025-06-27 18:37:37.247240,2025-06-27 18:47:01.109065,3,1,9.397697083333332
1582,2025-06-27 19:05:00.601633,2025-06-27 19:28:22.615445,12,13,23.366896866666664
1583,2025-06-28 08:17:41.544435,2025-06-28 08:17:52.511061,1,10,0.1827771
1584,2025-06-28 08:34:04.522066,2025-06-28 08:34:04.522066,1,1,0.0
1585,2025-06-28 10:05:04.070317,2025-06-28 11:05:56.750738,12,21,60.878007016666665
1586,2025-06-28 11:45:02.930645,2025-06-28 12:13:10.881035,12,1,28.132506499999998
1587,2025-06-28 13:34:08.386432,2025-06-28 13:36:39.812411,8,2,2.523766316666667
1588,2025-06-28 18:02:09.322506,2025-06-28 18:02:16.671081,2,1,0.12247625000000001
1589,2025-06-28 19:13:45.720826,2025-06-28 19:15:10.552784,8,8,1.4138659666666666
1590,2025-06-28 19:42:53.872146,2025-06-28 19:44:51.140825,3,2,1.9544779833333334
1591,2025-06-28 20:08:20.803046,2025-06-28 20:17:59.374420,12,17,9.642856233333333
1592,2025-06-28 20:55:29.201004,2025-06-28 22:43:13.772222,12,3,107.74285363333334
1593,2025-06-29 06:34:10.383019,2025-06-29 06:34:10.383019,1,1,0.0
1594,2025-06-29 12:52:56.178735,2025-06-29 12:52:56.178735,1,1,0.0
1595,2025-06-29 13:57:58.229427,2025-06-29 13:57:58.229427,1,1,0.0
1596,2025-06-29 14:16:07.809118,2025-06-29 14:17:59.539888,10,1,1.8621795
1597,2025-06-29 14:41:25.400027,2025-06-29 14:59:45.529160,9,1,18.335485549999998
1598,2025-06-29 15:53:01.679139,2025-06-29 16:09:44.481763,6,1,16.713377066666666
1599,2025-06-29 17:06:06.273686,2025-06-29 17:17:44.196409,9,1,11.632045383333333
1600,2025-06-30 03:52:15.428071,2025-06-30 04:19:32.963069,10,2,27.292249966666667
1601,2025-06-30 05:18:52.889643,2025-06-30 05:19:47.921752,9,5,0.9172018166666667
1602,2025-06-30 06:16:11.352759,2025-06-30 06:24:55.511386,10,6,8.735977116666668
1603,2025-06-30 07:49:57.954686,2025-06-30 08:06:48.050129,10,1,16.83492405
1604,2025-06-30 11:16:11.808244,2025-06-30 11:18:12.967827,9,2,2.0193263833333335
1605,2025-06-30 11:43:06.405863,2025-06-30 12:11:03.918568,12,2,27.958545083333334
1606,2025-06-30 13:39:16.639072,2025-06-30 13:59:18.010456,4,3,20.022856400000002
1607,2025-06-30 15:01:26.311524,2025-06-30 16:12:09.468561,7,15,70.71928395
1608,2025-06-30 16:59:38.260225,2025-06-30 17:11:29.089581,5,12,11.847155933333333
1609,2025-06-30 19:24:22.606610,2025-06-30 19:30:03.543887,3,1,5.68228795
1610,2025-06-30 20:16:37.891567,2025-06-30 20:16:42.607977,5,19,0.07860683333333333
1611,2025-07-01 04:56:07.081553,2025-07-01 05:06:29.032707,6,1,10.365852566666666
1612,2025-07-01 08:17:03.595798,2025-07-01 08:17:39.995022,3,2,0.6066537333333333
1613,2025-07-01 09:16:06.693265,2025-07-01 10:03:44.867666,12,7,47.63624001666667
1614,2025-07-01 13:16:13.426828,2025-07-01 13:17:58.816951,12,1,1.7565020500000001
1615,2025-07-01 14:12:05.920385,2025-07-01 14:13:22.330213,10,1,1.2734971333333334
1616,2025-07-01 14:43:14.518037,2025-07-01 14:44:35.566721,3,2,1.3508114
1617,2025-07-01 15:06:17.773117,2025-07-01 15:08:32.490748,10,1,2.2452938500000004
1618,2025-07-01 15:27:42.214007,2025-07-01 17:24:27.837847,12,72,116.76039733333333
1619,2025-07-01 18:11:20.123628,2025-07-01 18:25:09.022164,9,1,13.8149756
1620,2025-07-01 21:09:46.688986,2025-07-01 21:11:29.766002,9,1,1.7179502666666666
1621,2025-07-01 21:43:59.541892,2025-07-01 21:51:35.297787,6,1,7.595931583333334
1622,2025-07-01 22:41:19.099444,2025-07-01 22:50:02.689747,2,2,8.726505049999998
1623,2025-07-02 03:42:39.247158,2025-07-02 03:42:39.247158,1,1,0.0
1624,2025-07-02 06:16:05.193714,2025-07-02 06:41:51.166440,4,4,25.7662121
1625,2025-07-02 07:16:13.988101,2025-07-02 07:31:36.421534,11,7,15.37389055
1626,2025-07-02 07:57:14.995628,2025-07-02 09:37:12.719988,12,7,99.96207266666667
1627,2025-07-02 10:18:18.477646,2025-07-02 10:18:18.477646,1,1,0.0
1628,2025-07-02 11:18:23.363996,2025-07-02 11:31:30.418185,10,2,13.117569816666666
1629,2025-07-02 12:16:07.929457,2025-07-02 12:27:51.350177,1,8,11.723678666666666
1630,2025-07-02 13:08:42.170510,2025-07-02 13:18:07.813058,11,11,9.4273758
1631,2025-07-02 15:16:32.839254,2025-07-02 16:22:44.309263,12,11,66.19116681666667
1632,2025-07-02 16:51:24.697232,2025-07-02 16:53:01.429138,11,1,1.6121984333333332
1633,2025-07-02 17:16:55.744470,2025-07-02 17:32:32.380334,11,2,15.610597733333332
1634,2025-07-02 17:52:46.043128,2025-07-02 17:54:09.908510,11,1,1.3977563666666666
1635,2025-07-02 18:16:16.491531,2025-07-02 18:18:07.183314,12,6,1.84486305
1636,2025-07-02 18:33:39.253052,2025-07-02 19:00:02.716236,11,4,26.391053066666665
1637,2025-07-02 21:17:36.386056,2025-07-02 21:17:47.940970,4,1,0.1925819
1638,2025-07-03 06:49:57.796983,2025-07-03 06:54:00.353665,9,3,4.042611366666667
1639,2025-07-03 07:18:18.984517,2025-07-03 07:40:22.830588,11,1,22.06410118333333
1640,2025-07-03 09:59:26.627159,2025-07-03 09:59:26.627159,1,1,0.0
1641,2025-07-03 13:17:58.393056,2025-07-03 13:17:58.393056,1,1,0.0
1642,2025-07-03 14:50:56.883436,2025-07-03 15:02:37.190881,1,9,11.671790750000001
1643,2025-07-03 15:45:58.560626,2025-07-03 16:00:55.087610,7,2,14.9421164
1644,2025-07-03 16:41:20.495532,2025-07-03 16:41:20.495532,1,1,0.0
1645,2025-07-03 17:19:05.794742,2025-07-03 17:19:05.794742,1,1,0.0
1646,2025-07-03 18:18:06.988064,2025-07-03 18:31:26.392316,6,1,13.3234042
1647,2025-07-03 21:01:17.718244,2025-07-04 00:17:56.426510,12,37,196.64513776666666
1648,2025-07-04 00:39:38.932066,2025-07-04 00:51:20.347048,7,2,11.6902497
1649,2025-07-04 01:12:02.244547,2025-07-04 02:01:57.753739,7,3,49.9251532
1650,2025-07-04 04:41:33.886060,2025-07-04 05:03:15.678600,11,1,21.696542333333333
1651,2025-07-04 06:26:44.582008,2025-07-04 07:25:55.585821,12,3,59.18339688333333
1652,2025-07-04 09:35:50.327549,2025-07-04 10:13:39.960641,12,5,37.8272182
1653,2025-07-04 10:53:23.044142,2025-07-04 11:18:13.047897,12,3,24.833395916666667
1654,2025-07-04 12:44:38.931025,2025-07-04 12:44:41.893946,2,1,0.04938201666666667
1655,2025-07-04 13:00:03.073704,2025-07-04 14:30:52.577946,12,10,90.8250707
1656,2025-07-04 15:04:49.798164,2025-07-04 15:58:40.544454,12,3,53.8457715
1657,2025-07-04 16:20:22.733628,2025-07-04 17:06:25.375575,10,2,46.04403245
1658,2025-07-04 18:34:29.557238,2025-07-04 19:00:11.018950,11,1,25.691028533333334
1659,2025-07-05 05:06:20.874616,2025-07-05 05:06:20.874616,1,1,0.0
1660,2025-07-05 08:17:12.995046,2025-07-05 08:17:52.571156,12,5,0.6596018333333333
1661,2025-07-05 12:17:31.906407,2025-07-05 12:39:38.641002,9,1,22.11224325
1662,2025-07-05 13:38:47.548580,2025-07-05 14:08:44.868258,11,1,29.95532796666667
1663,2025-07-05 15:05:18.191320,2025-07-05 15:11:18.589756,6,1,6.0066406
1664,2025-07-05 15:37:44.237056,2025-07-05 15:38:56.139471,3,1,1.1983735833333333
1665,2025-07-05 16:44:28.907846,2025-07-05 17:03:16.775732,12,2,18.7977981
1666,2025-07-05 19:36:17.836146,2025-07-05 19:36:17.836146,1,1,0.0
1667,2025-07-05 21:10:43.374828,2025-07-05 21:25:58.702700,8,1,15.255464533333333
1668,2025-07-05 22:04:35.896111,2025-07-05 22:22:00.929330,4,2,17.417220316666665
1669,2025-07-06 05:32:05.608885,2025-07-06 05:50:12.534808,9,1,18.11543205
1670,2025-07-06 07:16:08.331105,2025-07-06 07:18:12.455165,11,1,2.0687343333333335
1671,2025-07-06 12:16:08.826376,2025-07-06 12:16:36.298415,2,2,0.45786731666666663
1672,2025-07-06 13:16:26.441825,2025-07-06 13:17:14.502989,5,1,0.8010193999999999
1673,2025-07-06 16:25:25.098712,2025-07-06 16:25:25.098712,1,1,0.0
1674,2025-07-06 17:16:08.104356,2025-07-06 17:17:35.696799,8,1,1.45987405
1675,2025-07-06 18:57:19.332109,2025-07-06 19:18:43.672042,11,1,21.40566555
1676,2025-07-06 21:15:24.845714,2025-07-06 21:25:43.349426,10,4,10.3083952
1677,2025-07-07 04:35:23.075756,2025-07-07 04:35:23.075756,1,1,0.0
1678,2025-07-07 04:53:30.938090,2025-07-07 04:54:00.812001,2,2,0.4978985166666667
1679,2025-07-07 05:14:12.147553,2025-07-07 05:32:54.270212,11,3,18.70204431666667
1680,2025-07-07 05:50:50.088727,2025-07-07 05:58:58.181338,8,2,8.13487685
1681,2025-07-07 06:15:47.808194,2025-07-07 06:36:09.537756,10,1,20.362159366666667
1682,2025-07-07 07:54:22.090073,2025-07-07 08:48:58.761291,12,4,54.611186966666665
1683,2025-07-07 10:21:47.071192,2025-07-07 10:55:49.617523,11,2,34.04243885
1684,2025-07-07 11:15:45.096072,2025-07-07 14:19:29.652151,12,23,183.74260131666668
1685,2025-07-07 14:45:29.637544,2025-07-07 15:04:11.560601,11,3,18.698717616666666
1686,2025-07-07 15:25:06.700652,2025-07-07 15:45:06.786075,10,3,20.001423716666668
1687,2025-07-07 16:01:52.652572,2025-07-07 16:32:58.831788,11,2,31.102986933333334
1688,2025-07-07 16:49:58.568807,2025-07-07 17:49:21.961931,12,9,59.389885400000004
1689,2025-07-07 18:07:22.366782,2025-07-07 18:33:07.725015,12,2,25.755970549999997
1690,2025-07-07 21:17:30.278331,2025-07-07 21:17:30.278331,1,1,0.0
1691,2025-07-08 04:27:19.181394,2025-07-08 04:59:59.531595,8,3,32.67250335
1692,2025-07-08 05:21:06.076364,2025-07-08 05:55:18.225663,10,3,34.20248831666667
1693,2025-07-08 08:18:59.424235,2025-07-08 08:31:12.868228,5,1,12.22406655
1694,2025-07-08 09:22:09.125273,2025-07-08 10:04:38.636287,5,2,42.49185023333334
1695,2025-07-08 12:16:05.358396,2025-07-08 12:16:05.394298,1,2,0.0005983666666666668
1696,2025-07-08 13:16:37.515275,2025-07-08 13:44:37.616073,5,5,28.001679966666664
1697,2025-07-08 14:02:50.363519,2025-07-08 14:18:30.424509,12,10,15.667683166666666
1698,2025-07-08 15:08:22.534475,2025-07-08 15:09:06.428881,2,1,0.7315734333333332
1699,2025-07-08 15:40:19.218506,2025-07-08 15:40:29.357650,3,1,0.16898573333333333
1700,2025-07-08 15:58:06.872918,2025-07-08 16:48:24.684871,7,2,50.29686588333333
1701,2025-07-08 17:58:31.961156,2025-07-08 18:56:50.352116,9,5,58.306516
1702,2025-07-08 20:01:58.527384,2025-07-08 21:38:26.388465,12,23,96.46435135
1703,2025-07-08 23:45:15.652721,2025-07-08 23:46:07.752669,5,2,0.8683324666666666
1704,2025-07-09 05:54:46.862942,2025-07-09 05:54:46.862942,1,1,0.0
1705,2025-07-09 06:17:13.182209,2025-07-09 06:45:48.847846,10,3,28.594427283333335
1706,2025-07-09 07:34:06.180422,2025-07-09 07:34:06.180422,1,1,0.0
1707,2025-07-09 08:05:13.550500,2025-07-09 08:12:38.267109,7,2,7.411943483333333
1708,2025-07-09 08:28:42.671093,2025-07-09 10:06:02.765355,12,4,97.33490436666666
1709,2025-07-09 10:47:29.949766,2025-07-09 11:09:12.476296,12,1,21.7087755
1710,2025-07-09 12:41:18.398444,2025-07-09 12:42:51.655246,10,1,1.5542800333333333
1711,2025-07-09 13:47:49.426469,2025-07-09 14:16:25.738359,12,3,28.605198166666664
1712,2025-07-09 15:10:01.266230,2025-07-09 15:45:51.758638,12,2,35.84154013333333
1713,2025-07-09 16:26:36.872025,2025-07-09 16:26:36.872025,1,1,0.0
1714,2025-07-09 16:57:04.112900,2025-07-09 17:39:01.185075,9,2,41.95120291666667
1715,2025-07-09 17:58:50.459976,2025-07-09 18:26:26.041425,11,3,27.59302415
1716,2025-07-09 21:16:26.476377,2025-07-09 21:28:06.834105,4,2,11.6726288
1717,2025-07-09 22:17:12.958154,2025-07-09 22:17:14.024308,4,1,0.017769233333333335
1718,2025-07-09 23:24:23.095756,2025-07-09 23:24:23.095756,1,1,0.0
1719,2025-07-10 02:58:31.182445,2025-07-10 03:24:20.871074,10,1,25.828143816666667
1720,2025-07-10 03:42:24.895866,2025-07-10 04:38:48.509245,12,5,56.39355631666667
1721,2025-07-10 04:56:13.006246,2025-07-10 04:56:13.006246,1,1,0.0
1722,2025-07-10 05:49:37.299523,2025-07-10 05:49:37.299523,1,1,0.0
1723,2025-07-10 06:12:58.274533,2025-07-10 07:53:34.574913,12,8,100.60500633333332
1724,2025-07-10 08:19:17.946249,2025-07-10 08:36:49.613759,11,1,17.527791833333332
1725,2025-07-10 10:01:30.012133,2025-07-10 12:13:04.078521,12,83,131.56777313333333
1726,2025-07-10 12:57:36.174966,2025-07-10 12:57:37.580051,1,2,0.023418083333333332
1727,2025-07-10 13:17:58.375487,2025-07-10 13:18:54.618712,6,6,0.9373870833333334
1728,2025-07-10 14:44:24.548553,2025-07-10 15:09:49.624174,11,2,25.417927016666667
1729,2025-07-10 15:45:35.806942,2025-07-10 15:47:35.204631,10,1,1.9899614833333332
1730,2025-07-10 16:31:53.925408,2025-07-10 16:31:53.925408,1,1,0.0
1731,2025-07-10 16:48:09.343305,2025-07-10 17:11:36.310976,11,1,23.449461183333334
1732,2025-07-10 19:30:24.413951,2025-07-10 19:30:25.043886,2,1,0.010498916666666667
1733,2025-07-10 22:14:24.468145,2025-07-10 22:31:27.411203,8,1,17.049050966666666
1734,2025-07-11 04:17:42.195830,2025-07-11 04:17:52.537587,11,1,0.17236261666666666
1735,2025-07-11 05:12:47.137571,2025-07-11 05:12:47.137571,1,1,0.0
1736,2025-07-11 07:16:20.789083,2025-07-11 07:17:23.173267,2,3,1.0397364
1737,2025-07-11 09:16:07.867231,2025-07-11 09:18:01.235721,7,3,1.8894748333333333
1738,2025-07-11 12:11:46.184661,2025-07-11 12:18:34.234630,5,2,6.8008328166666665
1739,2025-07-11 12:33:48.032031,2025-07-11 12:34:27.948127,4,1,0.6652682666666667
1740,2025-07-11 13:19:00.243001,2025-07-11 13:48:06.192688,12,2,29.09916145
1741,2025-07-11 14:20:23.640236,2025-07-11 14:21:41.120109,9,1,1.2913312166666666
1742,2025-07-11 14:50:38.965624,2025-07-11 15:41:37.808882,12,5,50.98072096666667
1743,2025-07-11 16:38:32.196927,2025-07-11 16:38:32.196927,1,1,0.0
1744,2025-07-11 17:11:54.795524,2025-07-11 17:27:05.477478,11,7,15.178032566666667
1745,2025-07-11 18:19:38.697435,2025-07-11 18:58:32.874464,10,2,38.902950483333335
1746,2025-07-11 19:55:49.924502,2025-07-11 20:49:41.463212,9,19,53.8589785
1747,2025-07-12 05:19:27.788287,2025-07-12 05:19:27.788287,1,1,0.0
1748,2025-07-12 05:36:42.317658,2025-07-12 05:36:44.176249,3,1,0.03097651666666667
1749,2025-07-12 05:53:48.371676,2025-07-12 05:54:13.359610,4,1,0.4164655666666667
1750,2025-07-12 06:16:29.740877,2025-07-12 06:24:49.723725,4,2,8.333047466666667
1751,2025-07-12 07:11:18.812446,2025-07-12 07:26:00.374455,12,7,14.69270015
1752,2025-07-12 07:53:24.352931,2025-07-12 07:54:26.492977,8,6,1.0356674333333333
1753,2025-07-12 08:17:42.013716,2025-07-12 08:31:08.247918,2,3,13.4372367
1754,2025-07-12 10:28:11.759656,2025-07-12 10:28:25.808020,2,1,0.2341394
1755,2025-07-12 11:19:23.736424,2025-07-12 11:21:10.288628,6,5,1.7758700666666667
1756,2025-07-12 11:38:48.077426,2025-07-12 11:57:51.438652,11,2,19.056020433333334
1757,2025-07-12 12:16:17.910530,2025-07-12 12:18:16.092162,12,1,1.9696938666666666
1758,2025-07-12 14:21:23.412872,2025-07-12 14:22:36.475816,8,1,1.2177157333333333
1759,2025-07-12 14:45:27.719451,2025-07-12 14:45:27.719451,1,1,0.0
1760,2025-07-12 16:40:59.831769,2025-07-12 16:40:59.831769,1,1,0.0
1761,2025-07-12 18:03:57.065288,2025-07-12 18:52:00.924806,12,2,48.0643253
1762,2025-07-12 22:15:19.648099,2025-07-12 22:31:35.450750,11,1,16.263377516666665
1763,2025-07-13 06:33:17.562173,2025-07-13 06:33:17.562173,1,1,0.0
1764,2025-07-13 10:31:02.849771,2025-07-13 10:32:29.193305,11,1,1.4390589
1765,2025-07-13 10:52:01.860185,2025-07-13 10:53:35.351292,11,1,1.5581851166666667
1766,2025-07-13 12:17:02.310907,2025-07-13 12:17:02.310907,1,1,0.0
1767,2025-07-13 14:40:31.326132,2025-07-13 14:55:56.578626,10,1,15.4208749
1768,2025-07-13 15:14:00.224541,2025-07-13 15:14:00.224541,1,1,0.0
1769,2025-07-13 21:16:37.620208,2025-07-13 21:18:07.337130,7,2,1.4952820333333332
1770,2025-07-13 21:36:23.410228,2025-07-13 21:36:23.410228,1,1,0.0
1771,2025-07-14 04:57:28.350662,2025-07-14 04:58:09.006804,7,1,0.6776023666666667
1772,2025-07-14 05:25:03.532207,2025-07-14 05:25:03.532207,1,1,0.0
1773,2025-07-14 09:16:10.781323,2025-07-14 09:17:58.692402,11,2,1.7985179833333333
1774,2025-07-14 09:58:54.033677,2025-07-14 10:11:24.161280,1,3,12.502126716666668
1775,2025-07-14 10:28:28.780346,2025-07-14 10:29:55.310036,10,9,1.4421615
1776,2025-07-14 11:24:16.068277,2025-07-14 11:43:35.722404,10,3,19.327568783333334
1777,2025-07-14 13:19:06.746421,2025-07-14 13:43:10.495995,12,11,24.0624929
1778,2025-07-14 14:00:42.094787,2025-07-14 14:24:24.555366,12,6,23.707676316666667
1779,2025-07-14 14:43:29.769790,2025-07-14 14:44:22.191425,4,1,0.8736939166666667
1780,2025-07-14 15:47:51.302425,2025-07-14 15:47:52.019487,1,2,0.011951033333333333
1781,2025-07-14 16:16:46.147137,2025-07-14 16:50:29.813933,11,5,33.72777993333333
1782,2025-07-14 17:10:46.343456,2025-07-14 17:19:15.297973,2,2,8.482575283333334
1783,2025-07-14 17:35:20.486557,2025-07-14 17:37:08.275670,7,1,1.7964852166666667
1784,2025-07-14 18:16:09.574886,2025-07-14 18:21:28.978620,11,2,5.323395566666666
1785,2025-07-14 19:02:27.188135,2025-07-14 19:03:47.490806,9,1,1.33837785
1786,2025-07-14 21:16:57.140877,2025-07-14 21:44:29.066092,11,2,27.532086916666668
1787,2025-07-15 03:30:53.982345,2025-07-15 04:12:29.694765,9,5,41.595206999999995
1788,2025-07-15 08:16:10.343465,2025-07-15 08:18:03.623243,10,5,1.8879963
1789,2025-07-15 11:02:28.345050,2025-07-15 11:21:36.714404,7,1,19.139489233333332
1790,2025-07-15 12:15:44.962375,2025-07-15 12:17:24.872478,5,3,1.6651683833333335
1791,2025-07-15 13:16:18.661020,2025-07-15 13:17:23.549957,5,1,1.0814822833333333
1792,2025-07-15 14:16:30.785368,2025-07-15 14:18:08.411767,3,1,1.6271066500000002
1793,2025-07-15 14:44:27.822415,2025-07-15 14:45:32.504635,8,4,1.078037
1794,2025-07-15 18:04:34.179688,2025-07-15 18:44:56.078697,9,2,40.36498348333334
1795,2025-07-15 21:16:11.073143,2025-07-15 21:16:13.141463,4,3,0.034471999999999996
1796,2025-07-16 04:46:02.168543,2025-07-16 04:46:02.168543,1,1,0.0
1797,2025-07-16 05:12:48.539790,2025-07-16 05:12:48.539790,1,1,0.0
1798,2025-07-16 06:16:53.570385,2025-07-16 06:16:53.570385,1,1,0.0
1799,2025-07-16 07:03:27.398702,2025-07-16 07:10:20.267963,8,1,6.88115435
1800,2025-07-16 08:18:05.473625,2025-07-16 08:18:05.818606,1,3,0.005749683333333333
1801,2025-07-16 10:07:52.138645,2025-07-16 10:29:44.103243,11,1,21.866076633333332
1802,2025-07-16 13:59:36.170529,2025-07-16 13:59:36.170529,1,1,0.0
1803,2025-07-16 15:57:04.908224,2025-07-16 16:20:44.347633,9,1,23.657323483333336
1804,2025-07-16 17:43:34.387972,2025-07-16 18:26:03.772158,12,2,42.489736433333334
1805,2025-07-16 18:44:31.685184,2025-07-16 19:05:44.031790,11,1,21.205776766666666
1806,2025-07-16 21:16:54.684160,2025-07-16 21:17:43.126178,3,3,0.8073669666666666
1807,2025-07-16 23:32:18.733837,2025-07-16 23:32:18.733837,1,1,0.0
1808,2025-07-17 02:28:54.557718,2025-07-17 02:30:37.312822,2,1,1.7125850666666667
1809,2025-07-17 05:07:25.813454,2025-07-17 05:13:06.792565,5,2,5.682985183333333
1810,2025-07-17 06:36:16.648435,2025-07-17 06:49:28.389653,10,2,13.195686966666667
1811,2025-07-17 07:06:18.577588,2025-07-17 07:17:53.475939,10,3,11.581639183333333
1812,2025-07-17 08:47:07.789599,2025-07-17 08:47:15.969177,2,1,0.13632629999999998
1813,2025-07-17 10:31:50.890436,2025-07-17 11:32:25.335874,11,2,60.574090633333334
1814,2025-07-17 11:51:54.261157,2025-07-17 11:54:37.725567,7,1,2.724406833333333
1815,2025-07-17 12:32:34.351758,2025-07-17 12:40:06.835424,4,2,7.541394433333334
1816,2025-07-17 13:17:01.292375,2025-07-17 13:17:27.228861,2,1,0.43227476666666664
1817,2025-07-17 13:56:59.112960,2025-07-17 15:04:35.432005,11,3,67.60531741666667
1818,2025-07-17 15:23:27.907698,2025-07-17 15:23:56.842679,3,1,0.48224968333333335
1819,2025-07-17 15:45:11.832071,2025-07-17 15:46:55.954681,12,1,1.7353768333333333
1820,2025-07-17 17:23:54.418411,2025-07-17 17:24:32.084164,2,2,0.62776255
1821,2025-07-17 18:19:26.740078,2025-07-17 18:21:01.757596,10,1,1.5836253
1822,2025-07-17 20:39:59.344419,2025-07-17 20:55:47.720200,12,1,15.806263016666666
1823,2025-07-17 23:16:50.366590,2025-07-17 23:18:04.158591,8,1,1.2298666833333334
1824,2025-07-18 04:55:46.962939,2025-07-18 04:55:46.962939,1,1,0.0
1825,2025-07-18 05:20:20.471565,2025-07-18 05:22:04.832724,8,1,1.73935265
1826,2025-07-18 05:48:52.683102,2025-07-18 05:48:52.683102,1,1,0.0
1827,2025-07-18 06:11:39.034517,2025-07-18 06:13:11.217859,10,1,1.5363890333333332
1828,2025-07-18 06:39:36.781594,2025-07-18 06:58:13.367035,11,1,18.60975735
1829,2025-07-18 07:31:30.528584,2025-07-18 07:33:18.250364,8,1,1.7953629999999998
1830,2025-07-18 08:06:07.794443,2025-07-18 08:07:27.603338,10,1,1.3301482500000001
1831,2025-07-18 09:01:06.670736,2025-07-18 09:02:07.359124,9,3,1.0114731333333333
1832,2025-07-18 11:00:25.019784,2025-07-18 11:00:49.641102,2,1,0.4103553
1833,2025-07-18 11:23:25.419751,2025-07-18 11:56:24.128951,11,3,32.97848666666667
1834,2025-07-18 12:29:47.291952,2025-07-18 12:52:40.731583,11,3,22.890660516666667
1835,2025-07-18 13:18:41.020103,2025-07-18 13:18:48.896448,3,1,0.13127241666666667
1836,2025-07-18 13:49:12.047504,2025-07-18 15:18:49.171046,12,8,89.6187257
1837,2025-07-18 16:15:52.383905,2025-07-18 16:15:52.383905,1,1,0.0
1838,2025-07-18 16:31:29.831284,2025-07-18 17:34:51.311129,11,7,63.35799741666666
1839,2025-07-18 18:07:21.892458,2025-07-18 18:56:37.869865,11,7,49.26629011666667
1840,2025-07-18 20:17:07.358529,2025-07-18 20:17:10.948115,2,1,0.05982643333333334
1841,2025-07-18 20:44:09.830029,2025-07-18 20:45:13.074250,9,1,1.0540703500000002
1842,2025-07-18 23:17:35.682171,2025-07-18 23:17:35.682171,1,1,0.0
1843,2025-07-19 01:16:23.809219,2025-07-19 01:17:45.146622,10,1,1.3556233833333333
1844,2025-07-19 06:24:58.587171,2025-07-19 06:24:58.587171,1,1,0.0
1845,2025-07-19 08:16:29.333894,2025-07-19 08:17:55.421589,3,2,1.4347949166666667
1846,2025-07-19 10:17:18.447169,2025-07-19 10:17:29.700438,2,1,0.18755448333333333
1847,2025-07-19 11:05:43.138363,2025-07-19 11:05:43.138363,1,1,0.0
1848,2025-07-19 11:26:24.589842,2025-07-19 11:27:26.225476,3,2,1.0272605666666668
1849,2025-07-19 11:54:22.265861,2025-07-19 12:18:05.028928,12,6,23.712717783333336
1850,2025-07-19 13:16:48.843012,2025-07-19 13:17:43.837061,6,3,0.9165674833333333
1851,2025-07-19 14:18:36.768333,2025-07-19 14:40:05.782707,12,2,21.483572900000002
1852,2025-07-19 15:00:31.466202,2025-07-19 15:30:29.097072,12,2,29.9605145
1853,2025-07-20 05:16:20.981675,2025-07-20 05:18:04.277933,7,1,1.7216042999999999
1854,2025-07-20 06:24:40.088529,2025-07-20 06:46:29.396417,9,1,21.821798133333335
1855,2025-07-20 07:25:43.380285,2025-07-20 07:27:10.623492,8,1,1.45405345
1856,2025-07-20 08:00:46.011044,2025-07-20 08:20:27.807876,11,1,19.696613866666667
1857,2025-07-20 08:45:07.927458,2025-07-20 08:45:07.927458,1,1,0.0
1858,2025-07-20 13:14:52.926734,2025-07-20 13:14:52.926734,1,1,0.0
1859,2025-07-20 17:12:08.212625,2025-07-20 17:24:07.631136,6,1,11.990308516666666
1860,2025-07-20 21:59:31.476150,2025-07-20 22:54:06.203823,10,2,54.57879455
1861,2025-07-21 04:30:10.176657,2025-07-21 05:17:21.754384,5,10,47.19296211666666
1862,2025-07-21 06:12:01.574871,2025-07-21 07:49:16.904521,12,33,97.25549416666667
1863,2025-07-21 08:16:34.284779,2025-07-21 08:19:00.185368,10,5,2.4316764833333333
1864,2025-07-21 08:35:10.133806,2025-07-21 09:08:27.570475,12,5,33.29061115
1865,2025-07-21 09:47:00.614123,2025-07-21 10:30:41.878363,12,3,43.68773733333333
1866,2025-07-21 12:17:14.270598,2025-07-21 12:17:18.513891,3,2,0.07072155000000001
1867,2025-07-21 12:54:47.049464,2025-07-21 13:17:52.628094,12,3,23.092977166666667
1868,2025-07-21 14:10:05.020621,2025-07-21 15:11:50.596284,12,3,61.75959438333334
1869,2025-07-21 16:42:09.336850,2025-07-21 17:16:21.244152,12,2,34.19845503333333
1870,2025-07-21 17:31:29.962477,2025-07-21 17:54:25.749635,12,1,22.929785966666667
1871,2025-07-21 20:16:42.728813,2025-07-21 20:18:07.192003,12,3,1.4077198333333334
1872,2025-07-21 21:16:37.050555,2025-07-21 21:17:16.932014,6,1,0.6646909833333333
1873,2025-07-22 02:24:22.710178,2025-07-22 02:25:54.485232,9,2,1.5295842333333334
1874,2025-07-22 03:48:52.196827,2025-07-22 04:19:02.022059,11,2,30.163753866666664
1875,2025-07-22 04:54:54.224329,2025-07-22 04:54:54.224329,1,1,0.0
1876,2025-07-22 05:29:14.098465,2025-07-22 05:44:58.503466,11,2,15.740083349999999
1877,2025-07-22 06:02:03.635485,2025-07-22 06:15:51.848442,8,6,13.803549283333332
1878,2025-07-22 09:07:36.475218,2025-07-22 09:09:37.711056,9,1,2.0205973
1879,2025-07-22 09:30:30.923524,2025-07-22 09:44:41.821184,11,2,14.181627666666666
1880,2025-07-22 10:11:29.801441,2025-07-22 10:23:13.691653,10,2,11.731503533333333
1881,2025-07-22 10:49:00.115211,2025-07-22 10:50:35.990113,8,1,1.5979150333333334
1882,2025-07-22 11:17:10.198966,2025-07-22 11:36:42.440684,10,1,19.537361966666666
1883,2025-07-22 12:03:06.912980,2025-07-22 12:03:06.912980,1,1,0.0
1884,2025-07-22 12:28:10.556913,2025-07-22 13:39:37.907650,11,13,71.45584561666666
1885,2025-07-22 14:26:09.721402,2025-07-22 14:57:52.914803,12,3,31.719890016666668
1886,2025-07-22 16:16:13.067369,2025-07-22 16:17:37.268792,10,1,1.40335705
1887,2025-07-22 16:33:45.286993,2025-07-22 18:03:58.296221,11,5,90.21682046666666
1888,2025-07-22 18:24:24.174958,2025-07-22 19:05:34.570521,10,5,41.17325938333333
1889,2025-07-22 19:33:54.374566,2025-07-22 19:55:53.863739,11,2,21.991486216666665
1890,2025-07-22 22:46:21.067969,2025-07-22 23:01:10.203548,9,1,14.818926316666667
1891,2025-07-23 02:38:52.974257,2025-07-23 02:41:07.415659,3,3,2.2406900333333337
1892,2025-07-23 04:09:49.390141,2025-07-23 04:33:13.509696,3,2,23.40199258333333
1893,2025-07-23 06:04:06.444833,2025-07-23 06:04:06.444833,1,1,0.0
1894,2025-07-23 06:57:31.862216,2025-07-23 06:57:31.862216,1,1,0.0
1895,2025-07-23 08:34:30.331220,2025-07-23 08:42:55.441280,1,2,8.418501
1896,2025-07-23 08:57:58.883246,2025-07-23 08:57:58.883246,1,1,0.0
1897,2025-07-23 09:16:48.766815,2025-07-23 09:18:49.378113,8,14,2.0101883000000003
1898,2025-07-23 10:57:56.122446,2025-07-23 12:01:23.590354,12,4,63.45779846666667
1899,2025-07-23 13:17:58.261929,2025-07-23 13:18:04.808878,3,1,0.10911581666666666
1900,2025-07-23 14:34:18.293531,2025-07-23 14:34:18.293531,1,1,0.0
1901,2025-07-23 18:22:08.479020,2025-07-23 18:45:07.010847,11,1,22.97553045
1902,2025-07-23 21:17:27.897741,2025-07-23 21:17:38.273396,7,2,0.17292758333333333
1903,2025-07-23 21:56:46.792590,2025-07-23 21:57:28.218826,4,1,0.6904372666666667
1904,2025-07-23 22:23:54.316135,2025-07-23 22:35:53.839164,4,1,11.992050483333333
1905,2025-07-24 03:59:00.674540,2025-07-24 04:21:46.617632,11,1,22.7657182
1906,2025-07-24 04:49:33.440715,2025-07-24 04:49:33.440715,1,1,0.0
1907,2025-07-24 05:10:49.051136,2025-07-24 05:25:59.411598,8,2,15.172674366666666
1908,2025-07-24 05:50:06.790530,2025-07-24 05:50:06.790530,1,1,0.0
1909,2025-07-24 08:10:38.095746,2025-07-24 10:36:34.202232,12,108,145.9351081
1910,2025-07-24 10:54:32.351326,2025-07-24 10:54:42.412738,2,1,0.1676902
1911,2025-07-24 12:16:27.531599,2025-07-24 12:18:13.114258,10,2,1.7597109833333335
1912,2025-07-24 12:35:41.487479,2025-07-24 13:09:14.585748,9,1,33.55163781666667
1913,2025-07-24 13:54:24.754887,2025-07-24 13:54:24.754887,1,1,0.0
1914,2025-07-24 21:17:37.352211,2025-07-24 21:17:37.381686,1,3,0.00049125
1915,2025-07-24 22:55:28.797797,2025-07-24 22:57:14.941100,10,1,1.76905505
1916,2025-07-24 23:58:49.488942,2025-07-25 00:02:36.143405,2,1,3.777574383333333
1917,2025-07-25 01:00:29.674205,2025-07-25 01:02:09.845943,9,3,1.6695289666666668
1918,2025-07-25 04:49:17.414895,2025-07-25 04:49:17.414895,1,1,0.0
1919,2025-07-25 05:06:32.245903,2025-07-25 05:13:14.444710,5,2,6.70331345
1920,2025-07-25 05:45:37.813010,2025-07-25 05:45:37.813010,1,1,0.0
1921,2025-07-25 09:40:57.887127,2025-07-25 09:51:33.209660,4,1,10.588708883333334
1922,2025-07-25 10:45:18.994435,2025-07-25 10:45:18.994435,1,1,0.0
1923,2025-07-25 11:00:35.849025,2025-07-25 11:18:12.722362,8,1,17.614555616666667
1924,2025-07-25 12:26:41.184988,2025-07-25 12:50:30.806453,12,1,23.827024416666667
1925,2025-07-25 14:16:30.849907,2025-07-25 14:18:29.332382,11,1,1.9747079166666666
1926,2025-07-25 15:36:42.282991,2025-07-25 15:36:59.749873,5,1,0.29111469999999995
1927,2025-07-25 17:17:50.043244,2025-07-25 17:36:08.867590,6,1,18.313739100000003
1928,2025-07-25 18:47:31.581054,2025-07-25 18:49:41.308327,8,2,2.162121216666667
1929,2025-07-25 19:32:02.467678,2025-07-25 19:43:30.911829,10,4,11.474069183333334
1930,2025-07-26 05:40:19.407296,2025-07-26 05:40:19.407296,1,1,0.0
1931,2025-07-26 06:17:46.303430,2025-07-26 06:17:46.303430,1,1,0.0
1932,2025-07-26 12:55:35.816503,2025-07-26 12:55:35.816503,1,1,0.0
1933,2025-07-26 13:23:47.446060,2025-07-26 13:23:47.446060,1,1,0.0
1934,2025-07-26 14:51:31.756933,2025-07-26 14:52:18.114026,4,2,0.7726182166666666
1935,2025-07-26 15:22:45.030414,2025-07-26 15:23:11.902444,3,1,0.44786716666666665
1936,2025-07-26 15:53:36.719364,2025-07-26 15:53:36.719364,1,1,0.0
1937,2025-07-26 16:16:52.275760,2025-07-26 16:26:21.192015,9,6,9.481937583333332
1938,2025-07-27 06:34:52.969061,2025-07-27 06:34:52.969061,1,1,0.0
1939,2025-07-27 14:48:52.226740,2025-07-27 16:59:42.372530,12,43,130.83576316666665
1940,2025-07-27 17:22:37.156254,2025-07-27 17:24:20.009217,12,1,1.71421605
1941,2025-07-27 17:50:36.094103,2025-07-27 17:50:36.094103,1,1,0.0
1942,2025-07-27 18:10:14.277362,2025-07-27 18:22:10.191180,8,1,11.931896966666667
1943,2025-07-28 02:11:13.405659,2025-07-28 02:15:42.229300,11,1,4.480394016666667
1944,2025-07-28 02:59:09.144616,2025-07-28 03:02:13.205853,11,2,3.0676872833333335
1945,2025-07-28 08:25:17.835398,2025-07-28 08:25:17.835398,1,1,0.0
1946,2025-07-28 11:17:45.306094,2025-07-28 11:17:45.306094,1,1,0.0
1947,2025-07-28 12:38:45.449904,2025-07-28 12:46:10.303113,2,1,7.41422015
1948,2025-07-28 13:16:55.431149,2025-07-28 13:16:55.431149,1,1,0.0
1949,2025-07-28 15:22:37.619017,2025-07-28 15:22:37.619017,1,1,0.0
1950,2025-07-28 15:37:44.266078,2025-07-28 15:39:03.553507,9,1,1.32145715
1951,2025-07-28 18:32:58.960603,2025-07-28 18:51:42.515705,10,2,18.72591836666667
1952,2025-07-28 19:38:26.909269,2025-07-28 19:38:26.909269,1,1,0.0
1953,2025-07-28 21:17:16.984185,2025-07-28 21:18:05.899800,3,3,0.81526025
1954,2025-07-29 02:07:19.373431,2025-07-29 02:07:56.958697,7,3,0.6264211
1955,2025-07-29 04:51:12.927515,2025-07-29 04:51:12.927515,1,1,0.0
1956,2025-07-29 05:10:58.905178,2025-07-29 05:10:58.905178,1,1,0.0
1957,2025-07-29 05:50:49.416673,2025-07-29 05:50:49.416673,1,1,0.0
1958,2025-07-29 07:44:10.302661,2025-07-29 09:31:24.305714,12,55,107.23338421666668
1959,2025-07-29 10:16:07.890353,2025-07-29 10:18:15.323247,9,8,2.123881566666667
1960,2025-07-29 12:59:04.412779,2025-07-29 13:18:07.804835,11,1,19.056534266666667
1961,2025-07-29 13:43:44.343647,2025-07-29 13:43:44.343647,1,1,0.0
1962,2025-07-29 14:16:27.950244,2025-07-29 14:16:27.950244,1,1,0.0
1963,2025-07-29 14:57:04.778777,2025-07-29 14:57:52.724020,11,1,0.7990873833333333
1964,2025-07-29 15:16:13.021348,2025-07-29 15:17:31.951539,5,23,1.3155031833333333
1965,2025-07-29 18:00:19.687925,2025-07-29 18:21:15.297460,11,7,20.926825583333333
1966,2025-07-29 19:19:36.619395,2025-07-29 19:47:04.189445,11,1,27.459500833333333
1967,2025-07-29 20:35:23.177499,2025-07-29 20:35:23.177499,1,1,0.0
1968,2025-07-29 21:00:55.647761,2025-07-29 21:00:55.647761,1,1,0.0
1969,2025-07-29 21:16:16.785797,2025-07-29 21:16:17.187371,1,2,0.0066929
1970,2025-07-30 06:16:46.300002,2025-07-30 06:17:57.317855,11,3,1.1836308833333333
1971,2025-07-30 09:59:11.675140,2025-07-30 10:28:26.770464,11,3,29.25158873333333
1972,2025-07-30 12:16:05.825881,2025-07-30 12:17:24.005253,8,1,1.3029895333333334
1973,2025-07-30 12:43:24.628204,2025-07-30 13:16:56.788693,11,2,33.53600815
1974,2025-07-30 15:03:31.641108,2025-07-30 15:03:31.641108,1,1,0.0
1975,2025-07-30 17:47:32.344392,2025-07-30 18:07:51.364577,12,1,20.317003083333336
1976,2025-07-31 07:16:03.437031,2025-07-31 07:17:49.885502,11,1,1.7741411833333334
1977,2025-07-31 09:22:47.307948,2025-07-31 09:37:10.519308,10,1,14.386856
1978,2025-07-31 10:27:43.258252,2025-07-31 10:27:43.258252,1,1,0.0
1979,2025-07-31 11:02:15.611229,2025-07-31 11:04:13.986344,8,1,1.9729185833333331
1980,2025-07-31 12:16:22.535742,2025-07-31 12:18:03.900783,12,3,1.68941735
1981,2025-07-31 13:16:28.904201,2025-07-31 13:28:34.782972,9,4,12.097979516666667
1982,2025-07-31 15:16:08.027904,2025-07-31 15:17:53.955720,7,1,1.7654636000000001
1983,2025-07-31 16:09:44.648751,2025-07-31 16:37:02.669061,9,2,27.300338500000002
1984,2025-07-31 17:18:57.630701,2025-07-31 17:33:51.677482,11,1,14.900779683333333
1985,2025-07-31 18:40:48.302909,2025-07-31 18:42:37.067745,11,1,1.8127472666666666
1986,2025-07-31 22:17:43.229228,2025-07-31 22:51:43.192813,12,1,33.99939308333333
1987,2025-08-01 08:24:43.926780,2025-08-01 08:24:43.926780,1,1,0.0
1988,2025-08-01 08:55:06.519264,2025-08-01 09:19:45.918461,12,1,24.656653283333334
1989,2025-08-01 10:23:00.808884,2025-08-01 10:49:03.545662,11,1,26.045612966666667
1990,2025-08-01 12:45:22.693837,2025-08-01 12:45:22.693837,1,1,0.0
1991,2025-08-01 13:31:31.900976,2025-08-01 14:20:13.662790,12,4,48.69603023333333
1992,2025-08-01 17:23:23.420297,2025-08-01 17:23:23.420297,1,1,0.0
1993,2025-08-01 18:24:49.081300,2025-08-01 18:26:43.400376,1,2,1.9053179333333332
1994,2025-08-01 18:51:23.006051,2025-08-01 18:51:23.006051,1,1,0.0
1995,2025-08-01 19:11:25.261555,2025-08-01 19:27:21.598634,3,7,15.938951316666667
1996,2025-08-01 19:58:38.983363,2025-08-01 19:58:58.924408,3,1,0.33235075
1997,2025-08-01 20:16:30.078914,2025-08-01 21:56:31.617178,12,48,100.02563773333333
1998,2025-08-02 17:59:15.625275,2025-08-02 18:18:00.672890,12,1,18.750793583333333
1999,2025-08-02 18:44:49.397010,2025-08-02 18:46:15.425571,12,1,1.43380935
2000,2025-08-02 19:06:33.405665,2025-08-02 19:06:33.405665,1,1,0.0
2001,2025-08-02 20:50:38.654775,2025-08-02 22:31:22.074400,11,10,100.72366041666668
2002,2025-08-02 22:52:09.173745,2025-08-02 23:39:32.774828,11,3,47.39335138333333
2003,2025-08-03 11:16:12.145369,2025-08-03 11:18:04.758257,11,1,1.8768814666666667
2004,2025-08-03 15:30:45.893841,2025-08-03 15:52:12.054937,12,1,21.436018266666668
2005,2025-08-03 19:10:30.780537,2025-08-03 19:17:32.899957,2,2,7.035323666666667
2006,2025-08-03 20:26:20.804538,2025-08-03 20:59:27.859441,12,3,33.11758171666666
2007,2025-08-03 21:16:07.809431,2025-08-03 21:16:07.809431,1,1,0.0
2008,2025-08-03 21:38:37.158932,2025-08-03 22:21:20.897475,11,14,42.72897571666667
2009,2025-08-03 23:22:41.484122,2025-08-03 23:54:45.916175,10,3,32.07386755
2010,2025-08-04 03:43:59.766288,2025-08-04 03:43:59.766288,1,1,0.0
2011,2025-08-04 07:25:42.717933,2025-08-04 07:25:44.023535,3,1,0.02176003333333333
2012,2025-08-04 10:19:41.688985,2025-08-04 10:51:54.520437,11,2,32.21385753333333
2013,2025-08-04 11:50:29.134283,2025-08-04 12:07:40.993706,8,1,17.19765705
2014,2025-08-04 13:57:28.062547,2025-08-04 15:46:21.015017,12,21,108.88254116666667
2015,2025-08-04 16:26:32.748162,2025-08-04 16:27:26.882786,10,2,0.9022437333333334
2016,2025-08-04 17:05:29.956957,2025-08-04 17:08:16.477721,3,1,2.7753460666666667
2017,2025-08-04 17:25:36.822664,2025-08-04 17:25:36.822664,1,1,0.0
2018,2025-08-04 19:11:25.934142,2025-08-04 21:23:13.202770,11,14,131.78781046666666
2019,2025-08-05 04:28:52.647276,2025-08-05 04:28:52.647276,1,1,0.0
2020,2025-08-05 05:31:01.338401,2025-08-05 05:50:53.657773,10,1,19.87198953333333
2021,2025-08-05 11:15:09.361545,2025-08-05 16:03:36.921694,12,94,288.4593358166667
2022,2025-08-05 16:20:38.432955,2025-08-05 16:54:38.305401,12,2,33.997874100000004
2023,2025-08-05 18:17:06.414548,2025-08-05 18:17:10.327229,1,6,0.06521135
2024,2025-08-05 19:16:25.384744,2025-08-05 19:17:57.161870,10,6,1.5296187666666665
2025,2025-08-05 21:17:57.163891,2025-08-05 21:18:09.091678,6,3,0.19879645
2026,2025-08-06 10:37:18.562595,2025-08-06 13:58:47.186127,10,21,201.47705886666665
2027,2025-08-06 15:02:55.750135,2025-08-06 15:32:01.863477,8,1,29.101889033333336
2028,2025-08-06 16:51:16.642438,2025-08-06 17:01:37.845316,9,1,10.3533813
2029,2025-08-06 17:47:35.766365,2025-08-06 18:17:39.138791,9,1,30.056207099999998
2030,2025-08-06 22:03:52.918251,2025-08-06 22:19:02.588366,11,1,15.161168583333334
2031,2025-08-07 03:02:25.714308,2025-08-07 03:56:54.243572,9,3,54.47548773333333
2032,2025-08-07 07:03:18.446765,2025-08-07 07:51:27.199544,8,3,48.14587965
2033,2025-08-07 10:18:11.872380,2025-08-07 10:37:18.094059,11,1,19.10369465
2034,2025-08-07 12:00:32.029528,2025-08-07 14:08:08.237722,11,15,127.6034699
2035,2025-08-07 14:32:40.622488,2025-08-07 15:09:21.891381,12,2,36.68781488333333
2036,2025-08-07 15:35:23.076411,2025-08-07 16:03:27.288004,11,1,28.070193216666667
2037,2025-08-07 17:16:10.645532,2025-08-07 17:17:40.661342,7,2,1.5002635
2038,2025-08-07 18:43:58.664615,2025-08-07 20:13:44.419099,12,7,89.76257473333334
2039,2025-08-07 20:49:56.620381,2025-08-07 20:52:36.952922,3,1,2.6722090166666663
2040,2025-08-07 21:16:51.525794,2025-08-07 21:22:14.736332,12,7,5.3868423
2041,2025-08-07 21:45:18.892312,2025-08-07 21:46:06.773604,4,1,0.7980215333333334
2042,2025-08-08 05:45:32.600940,2025-08-08 05:59:56.118584,11,1,14.391960733333333
2043,2025-08-08 07:16:52.375529,2025-08-08 07:16:52.400917,1,2,0.00042313333333333334
2044,2025-08-08 09:16:38.371305,2025-08-08 09:23:43.209719,6,3,7.080640233333333
2045,2025-08-08 09:39:11.274147,2025-08-08 09:55:30.057555,10,1,16.313056800000002
2046,2025-08-08 11:30:27.493226,2025-08-08 11:37:54.413647,8,2,7.448673683333333
2047,2025-08-08 11:53:09.773705,2025-08-08 11:53:09.778944,1,2,8.731666666666666e-05
2048,2025-08-08 12:30:30.303445,2025-08-08 13:33:52.717502,12,4,63.37356761666667
2049,2025-08-08 13:54:37.751383,2025-08-08 15:00:28.379868,12,3,65.84380808333334
2050,2025-08-08 15:28:28.297534,2025-08-08 17:38:52.198368,12,8,130.39834723333334
2051,2025-08-08 19:17:17.730352,2025-08-08 19:27:02.530319,10,2,9.746666116666667
2052,2025-08-08 19:57:10.088516,2025-08-08 19:57:39.952159,3,2,0.49772738333333333
2053,2025-08-08 20:16:37.017002,2025-08-08 20:58:10.186149,12,8,41.55281911666667
2054,2025-08-08 21:28:54.182457,2025-08-08 21:30:14.561523,10,2,1.3396511
2055,2025-08-08 22:25:28.738561,2025-08-08 22:35:22.881292,3,2,9.90237885
2056,2025-08-08 23:12:02.353743,2025-08-08 23:50:53.695780,11,12,38.85570061666667
2057,2025-08-09 00:08:29.122805,2025-08-09 00:09:51.740759,11,1,1.3769658999999999
2058,2025-08-09 00:35:26.108307,2025-08-09 01:14:07.329428,12,10,38.687018683333335
2059,2025-08-09 01:55:59.527209,2025-08-09 02:15:39.379498,11,1,19.664204816666665
2060,2025-08-09 05:05:21.941758,2025-08-09 05:17:52.873004,12,11,12.515520766666667
2061,2025-08-09 06:16:51.869187,2025-08-09 06:17:47.912743,5,7,0.9340592666666667
2062,2025-08-09 07:16:19.642222,2025-08-09 07:33:51.642563,10,4,17.533339016666666
2063,2025-08-09 07:55:27.866401,2025-08-09 08:16:06.145990,9,4,20.63799315
2064,2025-08-09 11:16:12.484577,2025-08-09 11:17:57.596650,6,5,1.7518678833333332
2065,2025-08-09 13:35:00.795626,2025-08-09 13:43:00.851856,12,2,8.000937166666667
2066,2025-08-09 14:02:41.794770,2025-08-09 14:21:29.603252,10,1,18.79680803333333
2067,2025-08-09 19:05:52.463008,2025-08-09 19:11:52.225728,2,1,5.996045333333333
2068,2025-08-09 21:14:32.594389,2025-08-09 21:17:37.899259,10,2,3.0884145
2069,2025-08-10 07:37:19.407606,2025-08-10 07:54:13.573190,10,3,16.902759733333333
2070,2025-08-10 11:04:32.771270,2025-08-10 11:04:32.771270,1,1,0.0
2071,2025-08-10 11:27:09.017695,2025-08-10 11:27:09.735421,2,2,0.0119621
2072,2025-08-10 19:48:41.614536,2025-08-10 20:09:15.829059,9,1,20.57024205
2073,2025-08-10 21:44:49.851323,2025-08-10 22:15:37.297077,12,3,30.790762566666668
2074,2025-08-11 02:16:15.053347,2025-08-11 02:31:16.683631,12,2,15.027171399999999
2075,2025-08-11 02:58:39.989563,2025-08-11 03:08:37.049726,6,1,9.951002716666666
2076,2025-08-11 03:49:59.886104,2025-08-11 04:07:56.763806,11,1,17.9479617
2077,2025-08-11 04:54:45.075501,2025-08-11 04:54:45.075501,1,1,0.0
2078,2025-08-11 06:04:04.823148,2025-08-11 06:04:30.827510,2,1,0.43340603333333333
2079,2025-08-11 06:28:52.563266,2025-08-11 07:40:48.925552,12,5,71.93937143333332
2080,2025-08-11 08:02:03.826972,2025-08-11 08:02:06.869311,2,1,0.050705650000000005
2081,2025-08-11 08:17:11.051699,2025-08-11 08:37:57.374511,12,1,20.772046866666667
2082,2025-08-11 09:10:31.937605,2025-08-11 09:26:14.704082,9,1,15.712774616666668
2083,2025-08-11 14:27:36.387850,2025-08-11 14:57:54.162959,7,3,30.296251816666665
2084,2025-08-11 15:15:33.808217,2025-08-11 15:42:57.725422,3,3,27.398620083333334
2085,2025-08-11 16:31:10.608863,2025-08-11 17:03:31.344645,12,3,32.34559636666667
2086,2025-08-11 17:51:21.888706,2025-08-11 18:45:20.020282,12,16,53.9688596
2087,2025-08-11 20:42:01.904461,2025-08-11 20:54:04.372007,7,1,12.041125766666665
2088,2025-08-11 21:10:53.179613,2025-08-11 21:12:35.490258,2,1,1.7051774166666667
2089,2025-08-11 21:32:37.645801,2025-08-11 22:31:43.987343,12,6,59.105692366666666
2090,2025-08-11 22:49:58.174517,2025-08-11 23:13:58.932868,9,2,24.01263918333333
2091,2025-08-11 23:37:10.245392,2025-08-11 23:59:41.472157,11,2,22.520446083333333
2092,2025-08-12 02:49:17.458452,2025-08-12 03:13:27.422285,11,2,24.166063883333333
2093,2025-08-12 03:49:49.799333,2025-08-12 04:09:56.230799,11,2,20.1071911
2094,2025-08-12 04:51:19.148523,2025-08-12 05:20:41.902021,11,2,29.379224966666666
2095,2025-08-12 06:16:52.512064,2025-08-12 06:17:31.343626,5,2,0.6471927
2096,2025-08-12 06:39:17.273723,2025-08-12 06:40:51.651787,5,1,1.5729677333333332
2097,2025-08-12 07:16:09.210479,2025-08-12 07:16:54.613526,6,2,0.75671745
2098,2025-08-12 08:37:27.773650,2025-08-12 08:37:27.773650,1,1,0.0
2099,2025-08-12 09:01:47.741837,2025-08-12 09:40:28.533079,11,2,38.67985403333333
2100,2025-08-12 10:27:16.690892,2025-08-12 10:30:34.728329,3,1,3.3006239500000003
2101,2025-08-12 11:17:07.601196,2025-08-12 11:17:07.602483,1,2,2.145e-05
2102,2025-08-12 12:11:30.118290,2025-08-12 12:17:45.431309,3,1,6.255216983333333
2103,2025-08-12 13:56:26.568748,2025-08-12 13:56:26.568748,1,1,0.0
2104,2025-08-12 14:31:31.113469,2025-08-12 14:51:19.036662,3,1,19.798719883333334
2105,2025-08-12 15:16:54.989797,2025-08-12 15:18:07.626898,4,3,1.21061835
2106,2025-08-12 16:16:01.092000,2025-08-12 16:38:50.621392,4,1,22.825489866666665
2107,2025-08-12 17:09:36.801461,2025-08-12 17:10:25.504265,3,1,0.8117134
2108,2025-08-12 17:49:27.491599,2025-08-12 18:38:20.146710,10,13,48.87758518333333
2109,2025-08-12 19:17:52.978970,2025-08-12 19:18:13.351199,2,6,0.33953715
2110,2025-08-12 19:36:55.556212,2025-08-12 19:51:28.207746,2,2,14.544192233333332
2111,2025-08-12 20:16:39.203480,2025-08-12 20:18:31.413164,8,17,1.8701614
2112,2025-08-12 21:17:45.523842,2025-08-12 21:18:00.623813,9,1,0.25166618333333335
2113,2025-08-13 03:13:49.018898,2025-08-13 03:14:05.579743,2,2,0.2760140833333333
2114,2025-08-13 04:09:09.885673,2025-08-13 05:17:05.881079,11,10,67.93325676666667
2115,2025-08-13 06:58:47.588235,2025-08-13 07:22:24.170175,12,1,23.609699
2116,2025-08-13 10:59:54.873720,2025-08-13 11:05:55.422803,2,2,6.009151383333333
2117,2025-08-13 11:40:58.680511,2025-08-13 11:44:11.360169,4,1,3.211327633333333
2118,2025-08-13 14:10:31.232883,2025-08-13 14:19:23.105476,7,2,8.864543216666668
2119,2025-08-13 15:00:19.527027,2025-08-13 15:32:10.061266,12,2,31.84223731666667
2120,2025-08-13 15:47:46.006637,2025-08-13 15:57:59.166256,9,2,10.219326983333334
2121,2025-08-13 16:16:47.543742,2025-08-13 16:30:05.217644,6,2,13.294565033333333
2122,2025-08-13 17:28:57.859971,2025-08-13 17:35:28.721246,3,2,6.514354583333333
2123,2025-08-13 17:54:11.273315,2025-08-13 19:01:36.031430,11,5,67.41263525000001
2124,2025-08-13 19:22:47.643048,2025-08-13 19:51:59.789397,12,1,29.20243915
2125,2025-08-13 23:06:04.882765,2025-08-13 23:06:04.882765,1,1,0.0
2126,2025-08-14 02:56:43.648186,2025-08-14 04:49:15.974376,12,12,112.53876983333333
2127,2025-08-14 05:06:56.028370,2025-08-14 06:00:17.693276,11,6,53.361081766666665
2128,2025-08-14 06:17:43.533036,2025-08-14 08:55:17.157012,12,20,157.5603996
2129,2025-08-14 09:17:24.065799,2025-08-14 10:12:38.845568,12,3,55.246329483333334
2130,2025-08-14 11:21:09.543884,2025-08-14 12:46:57.629320,12,4,85.80142393333334
2131,2025-08-14 13:04:45.671392,2025-08-14 14:04:30.936442,12,7,59.7544175
2132,2025-08-14 14:21:59.783952,2025-08-14 15:36:30.574732,12,8,74.51317966666667
2133,2025-08-14 15:53:12.579817,2025-08-14 17:01:26.631095,9,8,68.23418796666667
2134,2025-08-14 17:37:06.439821,2025-08-14 17:54:28.595694,9,1,17.36926455
2135,2025-08-14 18:11:49.689186,2025-08-14 18:40:56.445359,5,1,29.112602883333334
2136,2025-08-14 19:16:34.835570,2025-08-14 19:25:31.995515,8,3,8.95266575
2137,2025-08-14 19:48:46.601879,2025-08-14 20:15:43.498797,10,1,26.948281966666666
2138,2025-08-15 08:41:10.776075,2025-08-15 08:58:09.314373,10,1,16.9756383
2139,2025-08-15 18:39:54.273921,2025-08-15 18:53:17.461024,5,3,13.386451716666667
2140,2025-08-15 19:17:51.170088,2025-08-15 19:19:11.483518,7,1,1.3385571666666667
2141,2025-08-15 21:37:58.076934,2025-08-15 21:49:37.827130,3,1,11.662503266666667
2142,2025-08-15 22:49:07.644988,2025-08-15 23:11:21.524344,9,1,22.2313226
2143,2025-08-16 05:24:30.023711,2025-08-16 05:24:32.402661,2,1,0.039649166666666666
2144,2025-08-16 06:11:59.682177,2025-08-16 06:41:50.828837,3,3,29.852444333333334
2145,2025-08-16 08:02:45.286002,2025-08-16 08:16:27.384550,1,31,13.701642466666668
2146,2025-08-16 08:35:26.725136,2025-08-16 09:10:54.488543,3,32,35.46272345
2147,2025-08-16 09:52:32.554278,2025-08-16 09:52:36.049248,3,1,0.058249499999999996
2148,2025-08-16 11:17:44.448590,2025-08-16 11:17:54.274813,9,56,0.16377038333333335
2149,2025-08-17 10:23:02.686041,2025-08-17 10:53:55.604212,12,4,30.88196951666667
2150,2025-08-17 11:15:35.259267,2025-08-17 11:50:29.943236,11,1,34.911399483333334
2151,2025-08-17 19:17:12.670866,2025-08-17 19:17:29.979423,8,2,0.28847595
2152,2025-08-17 20:42:25.643539,2025-08-17 20:54:36.439715,11,1,12.179936266666665
2153,2025-08-17 21:26:31.563896,2025-08-17 23:12:29.078351,11,7,105.95857425000001
2154,2025-08-17 23:33:16.406413,2025-08-18 00:15:52.109281,12,3,42.595047799999996
2155,2025-08-18 04:40:40.146601,2025-08-18 04:41:08.374289,5,1,0.47046146666666666
2156,2025-08-18 05:13:42.401426,2025-08-18 05:49:06.663968,11,2,35.404375699999996
2157,2025-08-18 06:17:48.006405,2025-08-18 06:18:32.667902,4,1,0.7443582833333333
2158,2025-08-18 07:14:57.123949,2025-08-18 07:16:29.760167,8,3,1.5439369666666667
2159,2025-08-18 07:36:16.257236,2025-08-18 07:38:19.243405,6,1,2.0497694833333333
2160,2025-08-18 09:40:11.857349,2025-08-18 09:41:12.692362,11,1,1.0139168833333332
2161,2025-08-18 10:10:13.183237,2025-08-18 10:10:13.768555,1,2,0.0097553
2162,2025-08-18 10:47:44.769931,2025-08-18 12:29:35.971996,12,4,101.85336775
2163,2025-08-18 13:49:06.458583,2025-08-18 13:49:06.458583,1,1,0.0
2164,2025-08-18 14:26:49.066737,2025-08-18 18:06:02.054851,12,44,219.21646856666666
2165,2025-08-18 18:22:57.612589,2025-08-18 18:22:57.612589,1,1,0.0
2166,2025-08-18 19:45:26.990941,2025-08-18 19:46:08.481609,6,1,0.6915111333333334
2167,2025-08-18 21:16:41.529350,2025-08-18 21:18:09.160437,2,1,1.4605181166666665
2168,2025-08-19 04:12:02.936710,2025-08-19 05:22:26.683524,12,12,70.39578023333334
2169,2025-08-19 05:40:40.710399,2025-08-19 05:41:13.424271,6,1,0.5452312
2170,2025-08-19 05:57:00.900344,2025-08-19 06:17:50.869356,8,2,20.83281686666667
2171,2025-08-19 20:22:00.594146,2025-08-19 20:24:54.120099,11,2,2.8920992166666664
2172,2025-08-20 04:21:27.186655,2025-08-20 04:21:27.186655,1,1,0.0
2173,2025-08-20 04:37:35.052321,2025-08-20 04:38:57.632378,10,1,1.3763342833333332
2174,2025-08-20 04:58:17.809611,2025-08-20 04:58:17.809611,1,1,0.0
2175,2025-08-20 05:24:13.643301,2025-08-20 05:37:13.730184,10,1,13.001448049999999
2176,2025-08-20 09:40:09.300525,2025-08-20 09:40:09.300525,1,1,0.0
2177,2025-08-20 09:55:21.113136,2025-08-20 10:21:44.402813,8,2,26.388161283333332
2178,2025-08-20 12:04:25.167808,2025-08-20 12:35:06.809659,9,1,30.69403085
2179,2025-08-20 12:58:30.889279,2025-08-20 13:26:47.388894,9,1,28.274993583333334
2180,2025-08-20 13:50:28.473748,2025-08-20 14:54:20.492979,11,3,63.866987183333336
2181,2025-08-20 15:16:05.377069,2025-08-20 16:31:23.437059,7,7,75.30099983333334
2182,2025-08-20 16:51:21.764465,2025-08-20 17:05:04.796867,6,2,13.7172067
2183,2025-08-20 17:50:01.895709,2025-08-20 18:21:55.295528,4,1,31.889996983333333
2184,2025-08-20 19:16:21.727601,2025-08-20 21:18:38.447037,12,59,122.27865726666667
2185,2025-08-21 05:50:42.264318,2025-08-21 06:08:13.908947,11,3,17.52741048333333
2186,2025-08-21 07:16:57.469753,2025-08-21 07:35:48.213552,10,3,18.845729983333335
2187,2025-08-21 07:53:44.368963,2025-08-21 09:32:56.971725,11,7,99.21004603333334
2188,2025-08-21 10:01:52.324832,2025-08-21 10:24:11.905049,12,9,22.326336949999998
2189,2025-08-21 10:51:48.845533,2025-08-21 11:02:34.099551,3,4,10.754233633333333
2190,2025-08-21 12:03:22.645761,2025-08-21 12:23:50.521295,10,2,20.464592233333335
2191,2025-08-21 14:38:39.025146,2025-08-21 14:43:56.531841,6,1,5.291778249999999
2192,2025-08-21 16:56:51.395276,2025-08-21 17:05:30.869557,5,1,8.657904683333333
2193,2025-08-21 18:08:09.420771,2025-08-21 18:36:26.744609,9,2,28.288730633333333
2194,2025-08-21 19:05:34.029638,2025-08-21 19:33:50.350080,10,1,28.272007366666667
2195,2025-08-21 19:55:48.327284,2025-08-21 20:24:11.834530,11,9,28.39178743333333
2196,2025-08-21 20:43:20.792488,2025-08-21 21:21:04.845738,12,3,37.73422083333333
2197,2025-08-21 22:06:04.689154,2025-08-21 22:17:22.875830,3,1,11.303111266666667
2198,2025-08-22 04:03:30.340914,2025-08-22 04:09:03.437832,2,1,5.5516153
2199,2025-08-22 05:15:02.258654,2025-08-22 05:29:34.039595,8,2,14.52968235
2200,2025-08-22 06:55:37.448939,2025-08-22 06:55:37.448939,1,1,0.0
2201,2025-08-22 07:38:09.502375,2025-08-22 08:07:53.461565,8,3,29.73265316666667
2202,2025-08-22 09:25:15.066171,2025-08-22 09:53:06.762134,6,5,27.86159938333333
2203,2025-08-22 11:10:08.229083,2025-08-22 11:18:35.767917,8,5,8.458980566666666
2204,2025-08-22 14:20:39.092175,2025-08-22 14:43:13.032591,11,4,22.5656736
2205,2025-08-22 15:13:03.718969,2025-08-22 15:59:33.544333,9,5,46.4970894
2206,2025-08-22 16:18:50.929925,2025-08-22 17:21:33.640254,12,3,62.71183881666666
2207,2025-08-22 19:22:48.999895,2025-08-22 21:43:19.480368,11,12,140.50800788333333
2208,2025-08-23 07:06:15.649759,2025-08-23 07:58:07.801935,12,2,51.869202933333334
2209,2025-08-23 08:43:48.779375,2025-08-23 09:20:31.491529,11,2,36.71186923333333
2210,2025-08-23 20:14:36.620672,2025-08-23 21:02:43.460797,11,4,48.11400208333334
2211,2025-08-23 21:18:41.072791,2025-08-23 23:43:45.557653,11,11,145.0747477
2212,2025-08-24 00:19:32.673113,2025-08-24 00:42:15.184988,11,4,22.70853125
2213,2025-08-24 03:42:29.455479,2025-08-24 03:42:29.455479,1,1,0.0
2214,2025-08-24 04:23:55.673749,2025-08-24 04:32:02.301379,7,1,8.1104605
2215,2025-08-24 06:51:15.295381,2025-08-24 06:51:15.295381,1,1,0.0
2216,2025-08-24 10:25:41.844941,2025-08-24 10:39:50.667605,12,2,14.1470444
2217,2025-08-24 11:03:59.318037,2025-08-24 11:37:39.482331,5,2,33.669404899999996
2218,2025-08-24 12:43:00.806362,2025-08-24 12:59:33.758729,10,1,16.549206116666667
2219,2025-08-24 16:55:11.385571,2025-08-24 17:20:42.944332,9,3,25.52597935
2220,2025-08-24 17:59:54.136156,2025-08-24 18:07:58.328169,10,5,8.069866883333333
2221,2025-08-24 21:35:37.850176,2025-08-24 21:47:44.675138,12,1,12.113749366666667
2222,2025-08-24 23:18:25.835755,2025-08-25 00:11:38.280731,12,2,53.20741626666667
2223,2025-08-25 11:25:51.236887,2025-08-25 11:25:51.236887,1,1,0.0
2224,2025-08-25 15:17:00.095042,2025-08-25 15:17:07.958876,3,1,0.13106389999999998
2225,2025-08-25 16:14:39.726132,2025-08-25 16:15:32.808932,8,3,0.8847133333333334
2226,2025-08-25 17:23:00.230030,2025-08-25 17:35:44.623898,9,1,12.7398978
2227,2025-08-25 19:47:14.134442,2025-08-25 20:08:30.881302,11,1,21.279114333333332
2228,2025-08-26 04:03:44.168500,2025-08-26 04:16:35.571718,10,1,12.856720300000001
2229,2025-08-26 05:12:30.361108,2025-08-26 05:12:30.361108,1,1,0.0
2230,2025-08-26 05:52:42.937713,2025-08-26 05:57:53.482571,2,2,5.175747633333333
2231,2025-08-26 06:16:30.136474,2025-08-26 06:18:01.742656,9,3,1.5267697
2232,2025-08-26 11:09:23.720233,2025-08-26 17:19:13.365399,12,346,369.8274194333333
2233,2025-08-26 19:20:03.213460,2025-08-26 19:36:54.480177,8,10,16.854445283333334
2234,2025-08-26 20:16:11.891052,2025-08-26 20:18:02.570993,6,6,1.8446656833333333
2235,2025-08-27 04:27:11.072757,2025-08-27 04:27:11.072757,1,1,0.0
2236,2025-08-27 05:32:58.009928,2025-08-27 05:37:09.520964,3,2,4.1918505999999995
2237,2025-08-27 06:00:05.544118,2025-08-27 08:28:14.072006,12,16,148.14213146666668
2238,2025-08-27 10:07:56.763702,2025-08-27 10:07:58.511150,2,1,0.029124133333333333
2239,2025-08-27 11:17:25.789901,2025-08-27 11:30:39.341784,9,4,13.225864716666667
2240,2025-08-27 12:11:36.378982,2025-08-27 12:26:37.661496,9,2,15.021375233333334
2241,2025-08-27 13:03:12.546911,2025-08-27 13:04:35.223792,7,19,1.3779480166666667
2242,2025-08-27 13:49:16.736886,2025-08-27 14:02:09.774467,11,1,12.883959683333334
2243,2025-08-27 15:25:29.767818,2025-08-27 15:25:34.120182,2,1,0.07253939999999999
2244,2025-08-27 16:00:49.302933,2025-08-27 16:24:11.223177,9,8,23.365337399999998
2245,2025-08-27 16:52:05.940966,2025-08-27 17:31:11.905197,9,4,39.09940385
2246,2025-08-27 17:47:02.230044,2025-08-27 17:47:02.230044,1,1,0.0
2247,2025-08-27 22:56:54.692857,2025-08-27 22:58:44.988010,11,11,1.83825255
2248,2025-08-27 23:23:44.195002,2025-08-27 23:25:12.131881,10,1,1.46561465
2249,2025-08-27 23:55:35.130461,2025-08-27 23:56:12.475601,6,6,0.6224190000000001
2250,2025-08-28 14:16:34.306313,2025-08-28 14:23:14.758386,12,14,6.674201216666666
2251,2025-08-28 16:20:40.209410,2025-08-28 16:41:20.255978,11,1,20.6674428
2252,2025-08-28 18:16:14.566988,2025-08-28 18:18:02.326305,12,3,1.7959886166666665
2253,2025-08-28 18:41:09.629275,2025-08-28 18:54:09.293006,12,2,12.994395516666666
2254,2025-08-29 07:05:07.653168,2025-08-29 07:05:07.653168,1,1,0.0
2255,2025-08-29 07:22:53.782222,2025-08-29 07:54:11.570431,12,10,31.29647015
2256,2025-08-29 08:22:11.687782,2025-08-29 09:25:06.366210,12,5,62.91130713333334
2257,2025-08-29 10:25:36.383879,2025-08-29 10:29:37.179149,10,2,4.0132544999999995
2258,2025-08-29 10:55:31.975510,2025-08-29 10:55:31.975510,1,1,0.0
2259,2025-08-29 13:43:12.524593,2025-08-29 13:51:18.703213,9,6,8.102977000000001
2260,2025-08-29 14:13:45.349732,2025-08-29 14:14:16.483379,10,1,0.5188941166666666
2261,2025-08-29 14:31:43.051623,2025-08-29 14:31:43.051623,1,1,0.0
2262,2025-08-29 15:54:02.074065,2025-08-29 15:54:49.782787,6,1,0.7951453666666667
2263,2025-08-29 16:49:28.991471,2025-08-29 16:50:00.149870,10,12,0.51930665
2264,2025-08-29 17:31:57.946396,2025-08-29 17:50:53.990255,12,18,18.934064316666667
2265,2025-08-29 19:05:19.367641,2025-08-29 19:28:32.438854,10,1,23.217853549999997
2266,2025-08-30 04:23:52.130828,2025-08-30 04:24:37.923520,12,2,0.7632115333333334
2267,2025-08-30 04:48:56.224463,2025-08-30 05:29:05.913774,12,2,40.161488516666665
2268,2025-08-30 15:29:26.995838,2025-08-30 15:29:26.995838,1,1,0.0
2269,2025-08-30 20:16:10.862534,2025-08-30 20:16:58.396261,12,1,0.7922287833333334
2270,2025-08-31 10:17:29.989031,2025-08-31 10:30:26.051148,9,1,12.934368616666665
2271,2025-08-31 13:06:39.342627,2025-08-31 13:25:56.601000,12,1,19.287639549999998
2272,2025-08-31 20:06:10.379047,2025-08-31 20:06:10.379047,1,1,0.0
2273,2025-09-01 04:26:01.892486,2025-09-01 04:40:21.402181,2,2,14.325161583333333
2274,2025-09-01 05:46:58.995967,2025-09-01 05:46:58.995967,1,1,0.0
2275,2025-09-01 08:21:27.809793,2025-09-01 11:57:57.398458,12,162,216.49314441666667
2276,2025-09-01 12:16:44.766303,2025-09-01 12:22:28.502647,12,61,5.728939066666666
2277,2025-09-04 13:38:31.480652,2025-09-04 14:12:59.421270,12,44,34.46567696666667
2278,2025-09-04 14:33:38.132492,2025-09-04 15:10:41.947709,12,3,37.063586949999994
2279,2025-09-04 15:32:35.193063,2025-09-04 16:18:43.265691,12,4,46.134543799999996
2280,2025-09-04 16:42:28.482009,2025-09-04 17:36:29.073558,12,2,54.009859150000004
2281,2025-09-04 18:14:27.602109,2025-09-04 18:47:44.024314,11,2,33.27370341666667
2282,2025-09-04 20:16:33.538860,2025-09-05 00:02:22.076827,12,57,225.80896611666668
2283,2025-09-05 01:37:37.339077,2025-09-05 01:51:15.771355,9,1,13.640537966666667
2284,2025-09-05 02:18:51.632033,2025-09-05 02:32:52.259907,9,4,14.010464566666666
2285,2025-09-05 02:53:22.238715,2025-09-05 05:22:27.814729,12,23,149.09293356666666
2286,2025-09-05 05:39:19.620504,2025-09-05 08:55:35.828512,12,42,196.27013346666666
2287,2025-09-05 09:16:01.513156,2025-09-05 12:07:37.143405,12,35,171.59383748333332
2288,2025-09-05 12:37:39.858312,2025-09-05 13:24:36.462468,9,11,46.9434026
2289,2025-09-05 13:48:40.740171,2025-09-05 16:15:44.267250,12,75,147.05878464999998
2290,2025-09-05 16:34:51.635935,2025-09-05 16:34:51.635935,1,1,0.0
2291,2025-09-05 16:57:23.018313,2025-09-05 16:57:23.018313,1,1,0.0
2292,2025-09-05 17:17:18.105797,2025-09-05 18:10:09.861153,12,50,52.86258926666667
2293,2025-09-05 18:25:52.767443,2025-09-05 18:45:54.624270,12,2,20.030947116666667
2294,2025-09-05 19:16:35.108686,2025-09-05 19:57:48.609347,12,3,41.22501101666667
2295,2025-09-05 20:37:53.546856,2025-09-05 21:19:20.200460,12,1,41.44422673333334
2296,2025-09-05 21:41:03.329205,2025-09-05 21:41:03.329205,1,1,0.0
2297,2025-09-05 21:58:07.387206,2025-09-05 22:17:04.681781,10,1,18.954909583333333
2298,2025-09-05 23:42:39.240942,2025-09-05 23:46:39.574680,7,1,4.0055623
2299,2025-09-06 04:01:21.252011,2025-09-06 04:19:15.347604,11,1,17.901593216666665
2300,2025-09-06 05:03:48.821480,2025-09-06 05:49:38.421133,12,3,45.82666088333334
2301,2025-09-06 06:29:12.998446,2025-09-06 07:15:13.926296,12,2,46.01546416666667
2302,2025-09-06 07:50:19.522412,2025-09-06 08:07:51.857710,12,2,17.538921633333334
2303,2025-09-06 08:45:24.870886,2025-09-06 09:52:45.569197,12,5,67.34497185000001
2304,2025-09-06 10:15:51.784109,2025-09-06 10:42:07.382758,11,1,26.259977483333333
2305,2025-09-06 11:05:44.003529,2025-09-06 12:51:15.000041,12,22,105.51660853333333
2306,2025-09-06 13:40:40.987646,2025-09-06 17:22:38.428491,12,31,221.95734741666666
2307,2025-09-06 18:07:41.148010,2025-09-06 18:30:12.069292,12,1,22.5153547
2308,2025-09-06 19:07:03.209946,2025-09-06 19:07:58.361387,11,1,0.9191906833333333
2309,2025-09-06 19:23:12.145511,2025-09-06 19:42:10.056597,11,1,18.965184766666667
2310,2025-09-06 20:32:42.555701,2025-09-06 20:35:01.618224,11,1,2.3177087166666666
2311,2025-09-06 21:48:33.379361,2025-09-06 22:18:32.036347,12,2,29.97761643333333
2312,2025-09-07 03:55:17.929300,2025-09-07 03:57:03.682263,2,1,1.7625493833333332
2313,2025-09-07 04:15:24.540398,2025-09-07 04:16:00.677593,9,1,0.6022865833333333
2314,2025-09-07 04:45:25.607898,2025-09-07 04:47:26.482106,10,1,2.0145701333333332
2315,2025-09-07 05:03:35.247214,2025-09-07 06:47:52.969758,12,11,104.29537573333333
2316,2025-09-07 08:28:38.480023,2025-09-07 09:44:59.473342,12,9,76.34988865
2317,2025-09-07 10:04:59.701454,2025-09-07 11:10:40.343040,12,19,65.67735976666667
2318,2025-09-07 11:33:03.819229,2025-09-07 12:02:27.429516,12,1,29.393504783333334
2319,2025-09-07 12:29:38.722343,2025-09-07 12:52:53.035744,12,1,23.238556683333336
2320,2025-09-07 13:18:31.819858,2025-09-07 13:37:35.095143,11,1,19.054588083333332
2321,2025-09-07 14:31:11.810755,2025-09-07 14:48:06.010646,11,1,16.903331516666665
2322,2025-09-07 15:33:19.999515,2025-09-07 15:58:07.427018,11,2,24.79045838333333
2323,2025-09-07 16:47:43.400508,2025-09-07 16:55:49.819337,12,1,8.106980483333334
2324,2025-09-07 17:41:27.533110,2025-09-07 18:22:07.421959,12,2,40.66481415
2325,2025-09-07 22:01:27.242667,2025-09-07 22:20:09.504942,5,1,18.70437125
2326,2025-09-08 03:37:27.052532,2025-09-08 12:02:14.693466,12,200,504.79401556666664
2327,2025-09-08 13:05:28.715724,2025-09-08 15:18:23.918462,12,171,132.92004563333333
2328,2025-09-18 14:41:15.734537,2025-09-18 15:08:23.103635,12,64,27.1228183
2329,2025-09-28 22:03:49.036817,2025-09-28 23:55:52.260172,12,83,112.05372258333334
2330,2025-09-29 04:15:59.760919,2025-09-29 05:04:00.008594,12,9,48.00412791666667
2331,2025-09-29 06:16:35.566191,2025-09-29 16:20:00.452065,12,218,603.4147645666667
2332,2025-09-29 16:35:41.531314,2025-09-29 16:36:35.902777,10,2,0.90619105
2333,2025-09-29 17:11:59.516201,2025-09-29 17:30:00.114111,6,11,18.009965166666667
2334,2025-09-29 17:51:59.622946,2025-09-29 18:14:00.327122,10,13,22.011736266666666
2335,2025-09-29 19:05:41.755236,2025-09-29 19:26:37.714481,9,18,20.932654083333333
2336,2025-09-29 19:47:59.301278,2025-09-29 22:20:15.853594,12,239,152.27587193333332
2337,2025-09-29 23:02:16.997421,2025-09-29 23:28:15.059455,12,4,25.967700566666668
2338,2025-09-30 02:58:23.388257,2025-09-30 02:58:23.388257,1,1,0.0
2339,2025-09-30 04:36:23.876456,2025-09-30 04:48:24.049953,9,1,12.002891616666666
2340,2025-09-30 05:08:24.355290,2025-09-30 06:20:23.646682,12,7,71.98818986666667
2341,2025-09-30 08:30:45.957785,2025-09-30 08:30:45.957785,1,1,0.0
2342,2025-09-30 10:16:30.631610,2025-09-30 10:17:27.261815,11,2,0.9438367499999999
2343,2025-09-30 12:16:27.628644,2025-09-30 12:17:27.087881,11,4,0.9909872833333334
2344,2025-09-30 14:13:42.270445,2025-09-30 23:54:08.984620,12,275,580.44523625
2345,2025-10-01 03:21:51.509767,2025-10-01 03:22:45.363753,10,1,0.8975664333333333
2346,2025-10-01 03:48:09.818940,2025-10-01 04:56:10.228977,12,10,68.00683395
2347,2025-10-01 05:12:10.157634,2025-10-01 06:42:10.949646,12,7,90.0132002
2348,2025-10-01 07:22:46.169163,2025-10-01 08:28:10.127990,12,21,65.39931378333333
2349,2025-10-01 10:16:12.907795,2025-10-01 10:17:58.522620,11,45,1.7602470833333332
2350,2025-10-01 12:16:13.977154,2025-10-01 12:18:16.857587,11,1,2.0480072166666665
2351,2025-10-01 13:30:10.746355,2025-10-01 17:18:11.905808,12,177,228.01932421666666
2352,2025-10-01 17:46:11.509942,2025-10-01 23:42:13.386079,12,96,356.03126894999997
2353,2025-10-02 00:10:30.593950,2025-10-02 00:10:31.479925,3,1,0.01476625
2354,2025-10-02 02:56:12.882638,2025-10-02 03:58:32.019226,12,5,62.31894313333333
2355,2025-10-02 04:25:30.579873,2025-10-02 04:26:55.477415,10,1,1.4149590333333333
2356,2025-10-02 06:27:35.682055,2025-10-02 06:29:00.229915,10,1,1.409131
2357,2025-10-02 06:46:40.774959,2025-10-02 06:46:40.774959,1,1,0.0
2358,2025-10-02 07:16:42.109098,2025-10-02 11:52:59.266680,12,200,276.2859597
2359,2025-10-02 15:58:59.239101,2025-10-02 15:58:59.239101,1,1,0.0
2360,2025-10-02 17:04:59.599422,2025-10-02 17:04:59.599422,1,1,0.0
2361,2025-10-02 19:16:50.224377,2025-10-02 23:13:20.106928,12,168,236.4980425166667
2362,2025-10-03 00:01:21.548837,2025-10-03 00:47:20.215633,12,2,45.97777993333333
2363,2025-10-03 03:53:20.459258,2025-10-03 04:11:38.394111,11,1,18.298914216666667
2364,2025-10-03 04:43:37.876108,2025-10-03 04:55:38.963859,7,1,12.018129183333334
2365,2025-10-03 05:11:20.689820,2025-10-03 05:13:38.386164,7,1,2.2949390666666667
2366,2025-10-03 05:31:38.813809,2025-10-03 06:19:39.168187,11,4,48.0059063
2367,2025-10-03 06:47:39.467592,2025-10-03 06:59:38.608880,7,1,11.985688133333333
2368,2025-10-03 07:19:38.694418,2025-10-03 07:23:38.557759,3,4,3.9977223499999996
2369,2025-10-03 07:55:39.148296,2025-10-03 08:19:38.658692,12,8,23.99183993333333
2370,2025-10-03 08:37:38.507456,2025-10-03 09:26:11.086709,12,8,48.54298755
2371,2025-10-03 09:42:11.606105,2025-10-03 10:36:11.187146,12,6,53.993017349999995
2372,2025-10-03 10:56:46.332662,2025-10-03 16:22:47.465458,12,104,326.0188799333334
2373,2025-10-04 08:51:58.618318,2025-10-04 09:48:32.106119,12,68,56.558130016666674
2374,2025-10-04 10:08:31.472068,2025-10-04 10:08:31.472068,1,1,0.0
2375,2025-10-04 10:32:36.832151,2025-10-04 13:08:37.897897,12,103,156.01776243333333
2376,2025-10-04 14:16:20.143693,2025-10-04 17:48:38.169555,12,115,212.30043103333335
2377,2025-10-04 18:50:37.510782,2025-10-04 19:14:37.826419,11,2,24.005260616666664
2378,2025-10-04 20:28:37.380705,2025-10-04 20:38:37.662065,5,1,10.004689333333333
2379,2025-10-04 21:12:37.752335,2025-10-04 22:42:49.022115,12,27,90.18782966666666
2380,2025-10-04 23:45:11.722190,2025-10-05 00:01:12.771907,10,1,16.017495283333332
2381,2025-10-05 03:55:11.885020,2025-10-05 04:13:11.898242,9,2,18.000220366666667
2382,2025-10-05 04:30:53.798281,2025-10-05 06:17:12.336541,12,8,106.308971
2383,2025-10-05 06:47:12.188710,2025-10-05 08:21:12.156061,12,8,93.99945585
2384,2025-10-05 08:43:11.637349,2025-10-05 15:36:39.452578,12,68,413.46358715
2385,2025-10-05 16:11:49.982695,2025-10-05 17:40:22.104017,12,26,88.53535536666666
2386,2025-10-05 18:08:52.421420,2025-10-05 18:08:52.421420,1,1,0.0
2387,2025-10-05 18:51:03.340915,2025-10-05 18:51:03.340915,1,1,0.0
2388,2025-10-05 19:15:02.499408,2025-10-05 19:25:03.451357,5,1,10.015865816666667
2389,2025-10-05 20:57:02.743073,2025-10-05 22:55:35.086253,12,7,118.539053
2390,2025-10-05 23:19:35.155702,2025-10-05 23:45:34.139946,11,1,25.98307073333333
2391,2025-10-06 02:55:17.008113,2025-10-06 03:09:34.665946,10,2,14.294297216666667
2392,2025-10-06 03:39:35.017804,2025-10-06 03:49:35.424719,9,1,10.006781916666666
2393,2025-10-06 04:55:35.905960,2025-10-06 04:55:36.204379,1,2,0.00497365
2394,2025-10-06 05:17:36.660641,2025-10-06 05:19:17.253905,10,1,1.6765544000000001
2395,2025-10-06 06:37:45.903885,2025-10-06 06:37:45.903885,1,1,0.0
2396,2025-10-06 07:25:48.052811,2025-10-06 07:25:48.052811,1,1,0.0
2397,2025-10-06 09:11:48.750559,2025-10-06 09:11:48.750559,1,1,0.0
2398,2025-10-06 12:16:25.173939,2025-10-06 14:22:13.024253,12,171,125.79750523333334
2399,2025-10-06 14:44:12.233498,2025-10-07 00:10:40.828876,12,107,566.4765896333333
2400,2025-10-07 01:34:30.750957,2025-10-07 01:37:23.114239,12,3,2.8727213666666667
2401,2025-10-07 02:58:49.219248,2025-10-07 02:58:49.219248,1,1,0.0
2402,2025-10-07 03:48:49.936444,2025-10-07 09:06:59.585130,12,49,318.1608114333333
2403,2025-10-07 09:36:40.147630,2025-10-07 11:27:06.724675,12,8,110.44295075
2404,2025-10-07 11:49:07.798396,2025-10-07 12:11:42.975356,12,2,22.586282666666666
2405,2025-10-07 13:05:10.539100,2025-10-07 14:03:57.485736,12,7,58.78244393333333
2406,2025-10-07 14:21:20.418536,2025-10-08 00:11:12.929362,12,133,589.8751804333333
2407,2025-10-08 00:39:13.061023,2025-10-08 02:55:13.866967,12,8,136.0134324
2408,2025-10-08 03:53:14.578431,2025-10-08 16:36:09.173159,12,229,762.9099121333333
2409,2025-10-08 17:02:09.648567,2025-10-09 00:21:55.720990,12,87,439.7678737166667
2410,2025-10-09 00:38:12.881783,2025-10-09 00:46:12.899951,5,2,8.0003028
2411,2025-10-09 01:08:13.264222,2025-10-09 02:22:13.321900,11,7,74.0009613
2412,2025-10-09 03:22:13.764330,2025-10-09 05:24:14.260709,12,11,122.00827298333334
2413,2025-10-09 08:48:14.084770,2025-10-09 08:48:14.084770,1,1,0.0
2414,2025-10-09 13:04:14.618409,2025-10-09 14:58:15.683922,12,273,114.01775855
2415,2025-10-09 15:46:20.327018,2025-10-09 20:36:01.792856,12,220,289.6910973
2416,2025-10-09 21:28:48.572191,2025-10-09 21:28:48.572191,1,1,0.0
2417,2025-10-10 04:16:41.670572,2025-10-10 08:32:56.623572,12,72,256.24921666666665
2418,2025-10-10 08:48:57.312795,2025-10-10 08:48:57.312795,1,1,0.0
2419,2025-10-10 09:04:57.928804,2025-10-10 12:03:04.863786,12,12,178.11558303333334
2420,2025-10-10 12:21:04.243288,2025-10-10 12:33:04.321091,7,2,12.001296716666667
2421,2025-10-10 13:03:05.165583,2025-10-10 13:21:04.290317,12,2,17.98541223333333
2422,2025-10-10 14:16:53.805328,2025-10-10 14:41:12.311186,12,61,24.308430966666666
2423,2025-10-10 16:03:11.723923,2025-10-10 17:47:08.421802,12,44,103.94496465
2424,2025-10-10 18:09:08.768833,2025-10-11 00:49:25.607412,12,231,400.28064298333334
2425,2025-10-11 04:21:25.823779,2025-10-11 04:35:28.604575,8,2,14.0463466
2426,2025-10-11 05:39:10.331252,2025-10-11 07:21:32.772683,12,12,102.37402385
2427,2025-10-11 07:41:32.797499,2025-10-11 08:31:32.671417,12,7,49.99789863333333
2428,2025-10-11 08:51:32.432668,2025-10-11 09:33:33.233450,12,12,42.01334636666666
2429,2025-10-11 09:59:31.994331,2025-10-11 10:05:33.149092,5,1,6.019246016666667
2430,2025-10-11 10:25:14.518841,2025-10-11 10:41:32.952890,7,2,16.30723415
2431,2025-10-11 11:17:34.110858,2025-10-11 11:17:34.423912,1,2,0.005217566666666667
2432,2025-10-11 11:43:32.943412,2025-10-11 12:41:32.617869,12,3,57.994574283333336
2433,2025-10-11 14:49:32.942289,2025-10-11 15:13:32.332846,4,4,23.989842616666667
2434,2025-10-11 15:31:32.598912,2025-10-11 15:53:14.142598,12,3,21.692394766666666
2435,2025-10-11 18:45:32.445060,2025-10-11 20:15:32.088361,12,8,89.99405501666666
2436,2025-10-11 20:59:32.484237,2025-10-11 21:45:58.812998,12,4,46.43881268333334
2437,2025-10-11 22:43:58.550321,2025-10-11 23:13:58.378713,12,2,29.997139866666664
2438,2025-10-11 23:45:57.985855,2025-10-12 00:13:58.364267,12,2,28.006306866666666
2439,2025-10-12 01:31:58.092095,2025-10-12 01:53:58.128530,12,1,22.000607249999998
2440,2025-10-12 05:09:59.038342,2025-10-12 06:09:58.382229,12,5,59.98906478333333
2441,2025-10-12 07:05:40.634798,2025-10-12 07:06:34.367114,11,1,0.8955386
2442,2025-10-12 08:17:58.881229,2025-10-12 08:59:58.901221,12,3,42.0003332
2443,2025-10-12 10:11:40.535958,2025-10-12 10:35:59.730664,12,3,24.319911766666667
2444,2025-10-12 11:29:59.990642,2025-10-12 12:07:59.595594,12,3,37.993415866666666
2445,2025-10-12 14:13:59.380607,2025-10-12 14:29:41.806951,11,1,15.707105733333332
2446,2025-10-12 15:31:40.698839,2025-10-12 15:45:59.704259,12,2,14.316756999999999
2447,2025-10-12 16:27:58.865200,2025-10-12 17:09:59.622359,12,4,42.012619316666665
2448,2025-10-12 17:57:59.707050,2025-10-12 18:27:58.972687,12,1,29.987760616666666
2449,2025-10-12 18:51:41.597417,2025-10-12 18:52:34.945728,6,1,0.8891385166666667
2450,2025-10-12 20:39:59.320563,2025-10-12 20:39:59.320563,1,1,0.0
2451,2025-10-12 22:18:19.907850,2025-10-13 00:06:31.393089,12,43,108.19142065
2452,2025-10-13 03:48:34.011548,2025-10-13 05:30:17.159985,12,12,101.71914061666666
2453,2025-10-13 05:52:36.411193,2025-10-13 09:00:20.017040,12,43,187.7267641166667
2454,2025-10-13 11:07:11.182713,2025-10-13 13:25:06.908142,12,127,137.92875715
2455,2025-10-13 13:42:23.235848,2025-10-13 14:19:40.727832,12,4,37.291533066666666
2456,2025-10-13 14:58:58.987121,2025-10-13 14:59:57.852701,12,1,0.981093
2457,2025-10-13 15:35:13.406041,2025-10-13 17:57:52.933568,12,20,142.65879211666666
2458,2025-10-13 18:21:53.797501,2025-10-13 20:44:04.590965,12,12,142.17989106666667
2459,2025-10-13 21:03:45.142332,2025-10-13 22:34:28.178624,10,16,90.71727153333333
2460,2025-10-13 22:50:07.369787,2025-10-13 23:19:04.551645,8,2,28.953030966666667
2461,2025-10-14 03:04:31.858985,2025-10-14 03:04:31.858985,1,1,0.0
2462,2025-10-14 10:17:09.840202,2025-10-14 10:18:31.073442,12,152,1.3538873333333332
2463,2025-10-14 10:45:39.366292,2025-10-14 19:12:48.611400,12,177,507.1540851333333
2464,2025-10-14 19:43:53.705564,2025-10-14 19:44:52.438824,8,2,0.9788876666666667
2465,2025-10-14 20:04:12.978794,2025-10-14 20:58:14.206260,12,64,54.02045776666667
2466,2025-10-14 21:50:15.749398,2025-10-14 21:50:35.327423,2,1,0.32630041666666665
2467,2025-10-14 23:33:33.402752,2025-10-14 23:34:56.156492,8,1,1.3792289999999998
2468,2025-10-15 08:01:34.007345,2025-10-15 08:31:20.102216,12,24,29.76824785
2469,2025-10-15 09:29:35.025400,2025-10-15 11:29:53.305739,12,302,120.30467231666667
2470,2025-10-15 11:51:52.923175,2025-10-15 15:32:30.271777,12,159,220.6224767
2471,2025-10-15 16:06:30.398529,2025-10-15 16:56:19.397072,12,5,49.81664238333334
2472,2025-10-15 17:12:39.471802,2025-10-15 21:02:49.966396,12,185,230.1749099
2473,2025-10-15 21:41:11.904356,2025-10-15 21:41:11.904356,1,1,0.0
2474,2025-10-15 22:25:46.338416,2025-10-15 22:43:46.220386,8,1,17.998032833333333
2475,2025-10-16 03:17:50.335216,2025-10-16 03:47:49.683535,12,4,29.989138649999997
2476,2025-10-16 04:03:29.256982,2025-10-16 04:37:52.091786,11,3,34.38058006666667
2477,2025-10-16 05:07:31.854324,2025-10-16 05:08:31.273299,10,1,0.99031625
2478,2025-10-16 05:27:51.918743,2025-10-16 10:20:33.400931,12,56,292.6913698
2479,2025-10-16 10:42:33.888437,2025-10-16 11:14:33.322176,12,2,31.99056231666667
2480,2025-10-16 11:56:33.726242,2025-10-16 12:32:41.252009,11,3,36.12542945
2481,2025-10-16 12:58:41.383150,2025-10-16 13:40:54.531970,12,6,42.219147
2482,2025-10-16 13:56:54.492450,2025-10-16 14:26:33.955981,12,4,29.65772551666667
2483,2025-10-16 14:42:54.194260,2025-10-16 16:36:34.357155,12,24,113.66938158333333
2484,2025-10-16 17:20:54.643080,2025-10-16 17:32:54.736918,3,2,12.001563966666668
2485,2025-10-16 17:52:54.251727,2025-10-16 21:12:44.233443,12,17,199.8330286
2486,2025-10-16 22:27:10.298695,2025-10-16 22:27:10.298695,1,1,0.0
2487,2025-10-16 23:55:29.749958,2025-10-17 00:03:29.372305,7,1,7.993705783333334
2488,2025-10-17 04:47:32.691313,2025-10-17 04:47:32.691313,1,1,0.0
2489,2025-10-17 05:33:34.453703,2025-10-17 05:33:34.453703,1,1,0.0
2490,2025-10-17 05:55:33.890786,2025-10-17 06:05:34.486775,2,2,10.00993315
2491,2025-10-17 07:43:45.251705,2025-10-17 07:43:45.251705,1,1,0.0
2492,2025-10-17 08:16:26.662027,2025-10-17 10:13:59.502037,12,60,117.5473335
2493,2025-10-17 10:45:39.698374,2025-10-17 11:20:00.737817,12,14,34.350657383333335
2494,2025-10-17 11:46:59.277186,2025-10-17 11:48:57.026146,3,1,1.9624826666666666
2495,2025-10-17 12:16:57.344332,2025-10-17 13:23:08.181095,12,9,66.18061271666666
2496,2025-10-17 13:41:07.106066,2025-10-17 13:53:08.091436,10,1,12.016422833333333
2497,2025-10-17 14:10:53.234778,2025-10-18 01:07:37.855320,12,143,656.7436756999999
2498,2025-10-18 01:33:37.755006,2025-10-18 01:47:37.944030,1,2,14.0031504
2499,2025-10-18 02:03:37.954065,2025-10-18 02:03:37.954065,1,1,0.0
2500,2025-10-18 02:27:37.616762,2025-10-18 05:21:58.946947,2,37,174.35550308333333
2501,2025-10-18 05:39:58.135891,2025-10-18 05:46:05.431253,2,2,6.121589366666667
2502,2025-10-18 06:09:44.424947,2025-10-18 06:27:44.682900,2,3,18.004299216666666
2503,2025-10-18 07:01:45.207004,2025-10-18 07:01:45.207004,1,1,0.0
2504,2025-10-18 10:48:04.855433,2025-10-18 10:48:04.855433,1,1,0.0
2505,2025-10-18 13:04:04.664504,2025-10-18 13:04:04.664504,1,1,0.0
2506,2025-10-18 14:16:05.744127,2025-10-18 14:17:46.792792,2,1,1.6841444166666666
2507,2025-10-18 16:16:25.390900,2025-10-18 16:18:05.671000,2,8,1.671335
2508,2025-10-18 16:52:31.109242,2025-10-18 17:04:10.671358,2,1,11.659368599999999
2509,2025-10-18 18:04:30.859323,2025-10-18 18:04:30.879528,1,2,0.00033675
2510,2025-10-18 18:32:10.622475,2025-10-18 18:32:10.622475,1,1,0.0
2511,2025-10-18 19:06:31.074847,2025-10-18 19:28:11.489382,2,2,21.67357558333333
2512,2025-10-18 21:40:31.421044,2025-10-18 21:40:31.421044,1,1,0.0
2513,2025-10-18 22:14:31.635783,2025-10-18 22:14:31.635783,1,1,0.0
2514,2025-10-19 03:54:15.578212,2025-10-19 03:54:15.578212,1,1,0.0
2515,2025-10-19 07:52:36.242871,2025-10-19 07:52:36.242871,1,1,0.0
2516,2025-10-19 08:08:15.828638,2025-10-19 08:08:15.828638,1,1,0.0
2517,2025-10-19 08:28:35.495651,2025-10-19 08:28:35.495651,1,1,0.0
2518,2025-10-19 12:16:22.958829,2025-10-19 12:48:22.489621,3,21,31.992179866666667
2519,2025-10-19 13:04:42.848569,2025-10-19 13:54:43.313271,3,8,50.007745033333336
2520,2025-10-19 14:12:23.342484,2025-10-19 14:34:43.238683,2,3,22.331603316666666
2521,2025-10-19 14:58:22.649661,2025-10-19 14:58:22.649661,1,1,0.0
2522,2025-10-19 15:30:42.957915,2025-10-19 15:54:43.718553,2,3,24.0126773
2523,2025-10-19 16:14:43.758878,2025-10-19 16:38:43.177491,2,4,23.990310216666668
2524,2025-10-19 17:12:43.138068,2025-10-19 17:50:42.827720,2,6,37.994827533333336
2525,2025-10-19 18:06:43.072220,2025-10-19 19:28:43.589024,3,13,82.0086134
2526,2025-10-19 19:54:43.505288,2025-10-19 19:54:43.505288,1,1,0.0
2527,2025-10-19 20:10:23.046382,2025-10-19 20:24:43.740505,2,2,14.34490205
2528,2025-10-19 21:29:21.079404,2025-10-19 21:29:21.079404,1,1,0.0
2529,2025-10-19 21:55:21.541704,2025-10-19 21:55:21.541704,1,1,0.0
2530,2025-10-19 22:10:52.497019,2025-10-19 22:18:52.069041,2,3,7.992867033333334
2531,2025-10-20 02:57:03.870781,2025-10-20 02:57:03.870781,1,1,0.0
2532,2025-10-20 03:39:17.987577,2025-10-20 03:39:17.987577,1,1,0.0
2533,2025-10-20 08:28:27.546154,2025-10-20 08:29:50.054957,11,1,1.3751467166666667
2534,2025-10-20 08:47:49.375506,2025-10-20 09:21:58.237928,12,188,34.14770703333333
2535,2025-10-20 09:39:57.861557,2025-10-20 09:39:57.861557,1,1,0.0
2536,2025-10-20 10:27:58.153484,2025-10-20 10:43:58.378950,8,2,16.003757766666666
2537,2025-10-20 11:54:04.825412,2025-10-20 14:08:10.226143,12,11,134.09001218333333
2538,2025-10-20 15:16:17.683131,2025-10-20 17:06:22.580177,12,27,110.08161743333334
2539,2025-10-20 17:32:22.325757,2025-10-20 19:16:22.110411,12,14,103.9964109
2540,2025-10-20 20:00:22.249560,2025-10-20 21:02:22.576802,12,5,62.00545403333333
2541,2025-10-20 21:32:49.339678,2025-10-20 22:22:54.561273,9,7,50.08702658333333
2542,2025-10-21 03:00:56.515996,2025-10-21 03:04:55.644569,2,1,3.9854762166666666
2543,2025-10-21 03:42:54.947368,2025-10-21 06:03:02.883968,12,15,140.13227666666668
2544,2025-10-21 06:21:03.736705,2025-10-21 09:16:14.280013,12,13,175.1757218
2545,2025-10-21 10:04:14.110003,2025-10-21 10:14:14.610564,7,1,10.008342683333332
2546,2025-10-21 10:54:14.780513,2025-10-21 12:24:29.821380,12,5,90.25068111666666
2547,2025-10-21 12:44:30.739229,2025-10-21 14:46:37.390589,12,13,122.110856
2548,2025-10-21 15:02:36.674053,2025-10-21 17:22:56.011958,12,22,140.32229841666668
2549,2025-10-21 17:56:56.279538,2025-10-21 19:11:10.085844,12,14,74.2301051
2550,2025-10-21 19:37:12.953647,2025-10-21 20:01:14.850892,12,1,24.031620750000002
2551,2025-10-21 20:20:55.904071,2025-10-21 23:55:52.624307,9,32,214.94533726666666
2552,2025-10-22 05:18:02.380674,2025-10-22 06:32:07.776735,2,17,74.08993435000001
2553,2025-10-22 06:56:07.889916,2025-10-22 06:56:07.889916,1,1,0.0
2554,2025-10-22 07:16:08.870945,2025-10-22 07:18:24.953307,12,27,2.2680393666666663
2555,2025-10-22 08:16:16.156517,2025-10-22 09:36:17.509066,12,40,80.02254248333334
2556,2025-10-22 10:02:57.562110,2025-10-22 10:08:18.004780,11,1,5.340711166666667
2557,2025-10-22 10:24:18.134541,2025-10-22 13:48:20.848947,12,21,204.04524009999997
2558,2025-10-22 14:14:21.142028,2025-10-22 23:48:00.205149,12,129,573.6510520166667
2559,2025-10-23 00:42:00.275500,2025-10-23 00:50:00.173905,7,1,7.99830675
2560,2025-10-23 01:14:04.258315,2025-10-23 02:20:04.622499,7,4,66.00606973333333
2561,2025-10-23 03:48:05.624838,2025-10-23 07:48:18.157225,12,22,240.20887311666667
2562,2025-10-23 08:16:31.244079,2025-10-23 09:02:36.483807,11,2,46.0873288
2563,2025-10-23 09:24:56.841382,2025-10-23 09:54:57.954087,11,3,30.018545083333333
2564,2025-10-23 10:16:36.310896,2025-10-23 10:39:45.145430,12,20,23.147242233333333
2565,2025-10-23 11:09:09.161057,2025-10-23 11:41:00.090135,11,4,31.848817966666665
2566,2025-10-23 12:11:20.920691,2025-10-23 22:10:11.454022,12,223,598.8422221833333
2567,2025-10-23 23:04:11.307902,2025-10-23 23:04:11.307902,1,1,0.0
2568,2025-10-23 23:50:11.654739,2025-10-23 23:50:11.654739,1,1,0.0
2569,2025-10-24 07:16:33.657320,2025-10-24 08:17:42.313993,12,91,61.14427788333333
2570,2025-10-24 09:16:21.988742,2025-10-24 09:57:44.277337,12,17,41.37147658333333
2571,2025-10-24 10:16:27.915279,2025-10-24 13:20:15.058964,12,44,183.7857280833333
2572,2025-10-24 15:16:18.771369,2025-10-24 21:51:28.561280,12,225,395.1631651833333
2573,2025-10-24 22:31:28.905582,2025-10-24 22:53:28.618560,12,2,21.9952163
2574,2025-10-24 23:35:08.992658,2025-10-24 23:36:06.788810,12,1,0.9632691999999999
2575,2025-10-25 00:33:28.917953,2025-10-25 01:17:29.348375,12,2,44.007173699999996
2576,2025-10-25 03:29:28.602843,2025-10-25 03:29:28.659358,2,1,0.0009419166666666667
2577,2025-10-25 03:53:29.126093,2025-10-25 04:17:31.381742,11,3,24.03759415
2578,2025-10-25 04:47:09.288434,2025-10-25 05:17:11.049190,11,8,30.02934593333333
2579,2025-10-25 05:33:09.400078,2025-10-25 06:41:29.438127,12,8,68.33396748333332
2580,2025-10-25 07:16:18.655336,2025-10-25 08:01:41.750471,12,16,45.38491891666667
2581,2025-10-25 08:31:40.443894,2025-10-25 08:31:40.443894,1,1,0.0
2582,2025-10-25 08:54:18.710726,2025-10-25 11:11:40.598423,12,16,137.36479495
2583,2025-10-25 11:29:40.497992,2025-10-25 13:31:40.652123,12,12,122.00256885
2584,2025-10-25 14:01:42.000812,2025-10-25 14:33:40.826366,12,7,31.9804259
2585,2025-10-25 15:16:19.278280,2025-10-25 16:29:40.807121,12,31,73.35881401666667
2586,2025-10-25 16:47:40.720729,2025-10-25 17:43:40.854223,12,3,56.0022249
2587,2025-10-25 20:17:46.599530,2025-10-25 20:23:46.171334,6,1,5.9928634
2588,2025-10-25 21:05:26.124484,2025-10-25 21:24:13.868702,11,1,18.795736966666666
2589,2025-10-25 22:06:13.448518,2025-10-25 22:52:14.806453,12,2,46.02263225
2590,2025-10-26 05:30:22.584297,2025-10-26 05:48:42.036696,12,1,18.32420665
2591,2025-10-26 11:14:52.798255,2025-10-26 11:14:52.798255,1,1,0.0
2592,2025-10-26 13:16:44.432782,2025-10-26 13:41:07.014131,12,18,24.376355816666667
2593,2025-10-26 14:21:06.792493,2025-10-26 14:42:46.813171,8,1,21.667011300000002
2594,2025-10-26 15:16:46.630510,2025-10-26 16:39:09.017458,12,27,82.37311580000001
2595,2025-10-26 16:59:09.561630,2025-10-26 17:35:09.672821,12,5,36.00185318333333
2596,2025-10-26 17:51:47.948521,2025-10-26 18:59:11.403038,11,7,67.39090861666666
2597,2025-10-26 19:37:11.117700,2025-10-26 19:37:11.899539,3,1,0.01303065
2598,2025-10-26 20:13:12.668817,2025-10-26 22:07:25.317850,12,51,114.21081721666665
2599,2025-10-26 22:34:02.113795,2025-10-26 22:42:02.594953,6,1,8.008019299999999
2600,2025-10-27 02:16:02.912507,2025-10-27 02:36:02.726786,11,1,19.996904649999998
2601,2025-10-27 04:34:04.414685,2025-10-27 04:56:10.084951,11,2,22.094504433333334
2602,2025-10-27 05:34:15.590022,2025-10-27 08:45:25.605023,12,41,191.16691668333334
2603,2025-10-27 11:16:21.601629,2025-10-27 13:53:54.166131,12,103,157.5427417
2604,2025-10-27 14:51:56.424773,2025-10-27 14:53:57.449524,12,1,2.0170791833333332
2605,2025-10-27 15:16:35.715209,2025-10-27 16:50:13.713418,12,10,93.63330348333334
2606,2025-10-27 18:16:16.876426,2025-10-27 19:14:18.250847,12,19,58.022907016666665
2607,2025-10-27 19:44:17.495039,2025-10-27 20:17:58.381877,12,3,33.681447299999995
2608,2025-10-27 20:36:17.471865,2025-10-27 22:14:18.870474,12,21,98.02331015
2609,2025-10-27 22:35:23.989868,2025-10-27 22:52:25.941519,8,3,17.032527516666665
2610,2025-10-28 03:52:07.704803,2025-10-28 04:15:47.840100,9,1,23.66892161666667
2611,2025-10-28 04:48:08.042416,2025-10-28 12:50:29.587856,12,185,482.3590906666667
2612,2025-10-28 13:16:09.602007,2025-10-28 14:54:34.867219,12,104,98.42108686666667
2613,2025-10-28 17:16:37.903248,2025-10-28 18:25:17.505965,12,118,68.66004528333333
2614,2025-10-28 19:16:59.324257,2025-10-28 21:45:31.169514,12,15,148.53075428333335
2615,2025-10-28 23:33:57.242024,2025-10-28 23:42:55.448893,8,1,8.970114483333333
2616,2025-10-29 00:22:16.937152,2025-10-29 00:22:16.937152,1,1,0.0
2617,2025-10-29 02:16:17.912161,2025-10-29 02:18:20.351379,8,2,2.040653633333333
2618,2025-10-29 03:54:33.685171,2025-10-29 04:10:34.257208,10,2,16.00953395
2619,2025-10-29 04:34:34.547915,2025-10-29 06:34:36.455424,12,53,120.03179181666665
2620,2025-10-29 10:16:26.014780,2025-10-29 15:21:21.032212,12,101,304.9169572
2621,2025-10-29 15:41:20.539796,2025-10-29 18:49:36.145853,12,19,188.26010095
2622,2025-10-29 19:13:35.159320,2025-10-29 21:09:37.188862,12,16,116.03382570000001
2623,2025-10-29 21:37:40.240714,2025-10-30 01:07:03.461349,10,61,209.38701058333334
2624,2025-10-30 01:32:25.163967,2025-10-30 01:58:25.353604,8,1,26.003160616666666
2625,2025-10-30 04:10:26.966565,2025-10-30 04:16:28.164557,2,1,6.019966533333333
2626,2025-10-30 05:02:27.806839,2025-10-30 05:26:26.987440,12,1,23.986343350000002
2627,2025-10-30 05:50:31.431244,2025-10-30 07:16:38.661994,12,17,86.12051249999999
2628,2025-10-30 08:16:21.205934,2025-10-30 08:23:24.035991,12,6,7.047167616666667
2629,2025-10-30 08:39:23.138528,2025-10-30 08:40:46.418650,10,5,1.3880020333333334
2630,2025-10-30 08:56:43.271538,2025-10-30 08:56:43.550323,1,5,0.004646416666666667
2631,2025-10-30 09:12:24.104697,2025-10-30 09:36:44.546807,12,20,24.340701833333334
2632,2025-10-30 09:55:22.721492,2025-10-30 09:55:22.952323,1,4,0.0038471833333333333
2633,2025-10-30 10:16:23.990017,2025-10-30 20:05:24.380143,12,299,589.0065020999999
2634,2025-10-30 20:21:04.315467,2025-10-30 22:03:41.881677,12,24,102.6261035
2635,2025-10-30 22:42:15.541777,2025-10-30 23:18:18.487001,11,195,36.049087066666665
2636,2025-10-31 00:20:15.177689,2025-10-31 00:44:53.521179,8,2,24.639058166666665
2637,2025-10-31 03:58:22.037605,2025-10-31 07:35:31.915275,12,121,217.16462783333333
2638,2025-10-31 07:50:52.179408,2025-10-31 08:06:33.487334,2,3,15.688465433333333
2639,2025-10-31 08:22:52.388956,2025-10-31 09:44:54.486272,12,20,82.03495526666667
2640,2025-10-31 10:06:33.376275,2025-10-31 12:00:39.726102,12,218,114.10583045
2641,2025-10-31 12:19:37.786617,2025-10-31 22:09:36.837404,12,166,589.9841797833334
2642,2025-10-31 22:40:01.288529,2025-10-31 22:40:01.697100,2,2,0.006809516666666667
2643,2025-10-31 22:56:01.668792,2025-10-31 23:20:01.181110,9,5,23.991871966666668
2644,2025-10-31 23:54:01.463100,2025-10-31 23:58:01.456796,1,3,3.999894933333333
2645,2025-11-01 01:10:00.394810,2025-11-01 01:12:00.693687,7,1,2.0049812833333336
2646,2025-11-01 01:29:41.453982,2025-11-01 01:29:41.453982,1,1,0.0
2647,2025-11-01 06:28:01.220153,2025-11-01 06:39:41.833917,9,2,11.676896066666666
2648,2025-11-01 07:16:01.172742,2025-11-01 08:04:37.294424,10,16,48.60202803333333
2649,2025-11-01 09:26:37.222116,2025-11-01 09:28:37.234845,8,1,2.00021215
2650,2025-11-01 11:00:59.647774,2025-11-01 11:03:18.569301,2,1,2.315358783333333
2651,2025-11-01 12:24:59.021985,2025-11-01 12:37:19.177132,8,1,12.335919116666668
2652,2025-11-01 12:53:19.316157,2025-11-01 12:53:19.316157,1,1,0.0
2653,2025-11-01 13:09:19.688933,2025-11-01 13:09:19.688933,1,1,0.0
2654,2025-11-01 13:41:21.700007,2025-11-01 13:41:21.700007,1,1,0.0
2655,2025-11-01 14:05:21.094456,2025-11-01 14:27:21.339809,9,5,22.004089216666667
2656,2025-11-01 14:53:01.282271,2025-11-01 15:15:22.144935,8,1,22.347711066666665
2657,2025-11-01 16:31:21.800030,2025-11-01 16:31:21.800030,1,1,0.0
2658,2025-11-01 16:51:21.317612,2025-11-01 16:51:21.317612,1,1,0.0
2659,2025-11-01 17:09:21.306867,2025-11-01 17:29:21.791500,9,4,20.008077216666667
2660,2025-11-01 18:13:22.024133,2025-11-01 18:25:03.553952,9,2,11.69216365
2661,2025-11-01 19:03:23.437518,2025-11-01 19:27:24.101751,9,2,24.01107055
2662,2025-11-01 19:55:24.123535,2025-11-01 21:13:03.172142,10,38,77.65081011666666
2663,2025-11-01 21:35:19.873488,2025-11-01 22:17:47.326559,10,8,42.45755118333333
2664,2025-11-02 01:27:49.323201,2025-11-02 01:27:49.323201,1,1,0.0
2665,2025-11-02 06:03:05.699441,2025-11-02 06:04:27.246153,5,1,1.3591118666666666
2666,2025-11-02 06:46:27.084192,2025-11-02 06:56:07.377218,2,1,9.671550433333334
2667,2025-11-02 07:52:27.165370,2025-11-02 07:52:27.165370,1,1,0.0
2668,2025-11-02 11:20:54.570236,2025-11-02 11:20:54.570236,1,1,0.0
2669,2025-11-02 14:26:58.757513,2025-11-02 14:50:58.421234,1,4,23.994395349999998
2670,2025-11-02 17:25:15.511972,2025-11-02 17:33:15.341915,1,2,7.997165716666667
2671,2025-11-02 18:17:02.015043,2025-11-02 19:53:28.446158,10,37,96.44051858333334
2672,2025-11-02 20:15:29.018307,2025-11-02 20:21:29.348341,9,3,6.005500566666667
2673,2025-11-02 21:25:32.896398,2025-11-02 21:45:52.010545,7,6,20.318569116666666
2674,2025-11-02 22:01:54.324637,2025-11-02 22:07:32.911286,2,1,5.643110816666667
2675,2025-11-02 23:14:09.628354,2025-11-02 23:15:50.023604,2,1,1.6732541666666667
2676,2025-11-03 04:34:09.912554,2025-11-03 04:52:48.160866,8,2,18.637471866666665
2677,2025-11-03 05:19:59.317029,2025-11-03 05:44:19.656488,9,4,24.338990983333336
2678,2025-11-03 06:06:58.153439,2025-11-03 06:08:20.235322,8,1,1.3680313833333335
2679,2025-11-03 06:30:23.837281,2025-11-03 06:54:03.579649,8,2,23.6623728
2680,2025-11-03 07:12:23.698482,2025-11-03 07:38:24.134249,10,4,26.00726278333333
2681,2025-11-03 08:16:25.477188,2025-11-03 09:00:24.677921,9,8,43.98667888333333
2682,2025-11-03 09:17:03.752747,2025-11-03 11:26:12.090857,10,39,129.1389685
2683,2025-11-03 11:48:32.503151,2025-11-03 12:04:12.521395,8,2,15.666970733333333
2684,2025-11-03 12:20:12.484886,2025-11-03 12:32:32.689557,9,2,12.336744516666666
2685,2025-11-03 12:54:32.069413,2025-11-03 13:56:31.553995,10,10,61.9914097
2686,2025-11-03 14:13:00.414052,2025-11-03 14:28:59.065979,9,3,15.977532116666668
2687,2025-11-03 14:50:40.784707,2025-11-03 19:20:51.954867,10,46,270.18616933333334
2688,2025-11-03 22:19:02.767720,2025-11-03 23:25:22.203376,9,5,66.3239276
2689,2025-11-03 23:45:22.173760,2025-11-03 23:59:02.215902,8,1,13.667369033333333
2690,2025-11-04 00:31:21.288318,2025-11-04 00:35:21.861235,8,1,4.009548616666667
2691,2025-11-04 05:31:31.328088,2025-11-04 05:41:42.769243,7,2,10.190685916666666
2692,2025-11-04 06:27:58.614254,2025-11-04 07:35:57.842026,9,6,67.98712953333333
2693,2025-11-04 08:24:02.864578,2025-11-04 08:44:13.867727,8,2,20.183385816666664
2694,2025-11-04 09:28:14.563481,2025-11-04 09:28:14.563481,1,1,0.0
2695,2025-11-04 09:48:14.144983,2025-11-04 10:22:57.587871,8,2,34.72404813333333
2696,2025-11-04 10:40:19.666238,2025-11-04 10:48:19.708403,8,1,8.00070275
2697,2025-11-04 11:05:59.922032,2025-11-04 11:28:21.229555,9,2,22.355125383333334
2698,2025-11-04 11:48:22.724859,2025-11-04 12:04:22.628187,9,4,15.998388799999999
2699,2025-11-04 12:20:24.210866,2025-11-04 13:04:28.038437,10,5,44.06379285
2700,2025-11-04 13:28:13.161167,2025-11-04 13:50:37.132788,9,2,22.399527016666664
2701,2025-11-04 14:10:17.139035,2025-11-04 14:24:38.078435,8,1,14.348989999999999
2702,2025-11-04 15:02:26.404864,2025-11-04 21:05:57.973103,10,93,363.5261373166667
2703,2025-11-04 21:35:40.655759,2025-11-04 22:18:36.070788,8,2,42.923583816666664
2704,2025-11-05 04:28:55.751912,2025-11-05 04:28:55.751912,1,1,0.0
2705,2025-11-05 04:55:15.993077,2025-11-05 05:03:15.882721,1,2,7.998160733333333
2706,2025-11-05 05:33:16.098234,2025-11-05 05:44:55.650785,8,1,11.659209183333333
2707,2025-11-05 06:07:26.090019,2025-11-05 06:25:05.158509,3,2,17.6511415
2708,2025-11-05 07:03:27.673906,2025-11-05 07:23:07.880211,8,2,19.670105083333333
2709,2025-11-05 07:57:27.777701,2025-11-05 08:13:17.461454,8,2,15.82806255
2710,2025-11-05 08:35:17.606980,2025-11-05 08:47:37.958278,8,1,12.3391883
2711,2025-11-05 09:15:46.515340,2025-11-05 10:03:53.149159,9,9,48.11056365
2712,2025-11-05 10:23:53.877160,2025-11-05 11:16:17.696889,4,5,52.39699548333333
2713,2025-11-05 12:03:55.495721,2025-11-05 12:34:25.372305,6,5,30.497943066666668
2714,2025-11-05 13:08:27.208640,2025-11-05 13:30:36.339490,10,3,22.152180833333333
2715,2025-11-05 14:25:39.443224,2025-11-05 14:39:02.152724,9,3,13.378491666666667
2716,2025-11-05 15:05:01.978714,2025-11-05 15:11:01.830270,1,4,5.997525933333334
2717,2025-11-05 16:16:54.140338,2025-11-05 16:17:54.905758,8,6,1.012757
2718,2025-11-05 16:37:14.060882,2025-11-05 17:08:54.057758,9,5,31.6666146
2719,2025-11-05 17:27:58.033361,2025-11-05 18:39:21.800490,9,8,71.39611881666666
2720,2025-11-05 19:23:29.509665,2025-11-05 19:37:54.105731,8,2,14.409934433333332
2721,2025-11-05 20:01:44.905759,2025-11-05 20:30:47.623071,9,3,29.045288533333334
2722,2025-11-05 21:08:47.714423,2025-11-05 21:38:27.773430,9,8,29.667650116666668
2723,2025-11-05 21:58:27.843303,2025-11-05 22:55:22.538306,9,8,56.91158338333333
2724,2025-11-06 03:11:57.734699,2025-11-06 04:32:37.033345,9,9,80.65497743333334
2725,2025-11-06 05:25:58.288389,2025-11-06 05:31:58.708545,6,2,6.007002600000001
2726,2025-11-06 06:04:07.108338,2025-11-06 06:04:07.108338,1,1,0.0
2727,2025-11-06 06:26:22.304595,2025-11-06 06:30:22.332438,2,2,4.00046405
2728,2025-11-06 06:48:23.043678,2025-11-06 06:48:23.043678,1,1,0.0
2729,2025-11-06 07:32:26.876053,2025-11-06 07:34:26.567676,3,1,1.9948603833333334
2730,2025-11-06 07:50:26.705843,2025-11-06 07:52:06.601525,2,1,1.6649280333333332
2731,2025-11-06 08:32:06.278778,2025-11-06 09:52:26.579024,10,26,80.33833743333334
2732,2025-11-06 10:10:13.579089,2025-11-06 12:28:24.281329,10,42,138.17837066666667
2733,2025-11-06 14:06:51.677064,2025-11-06 14:22:31.722640,5,2,15.667426266666666
2734,2025-11-06 14:46:52.440638,2025-11-06 14:46:52.440638,1,1,0.0
2735,2025-11-06 15:27:22.841569,2025-11-06 17:17:29.149199,10,24,110.10512716666668
2736,2025-11-06 18:03:08.826453,2025-11-06 18:03:08.826453,1,1,0.0
2737,2025-11-06 18:43:29.905342,2025-11-06 19:37:45.266308,9,4,54.256016100000004
2738,2025-11-06 20:23:48.394770,2025-11-06 20:35:48.328930,9,2,11.998902666666668
2739,2025-11-06 21:04:27.005383,2025-11-06 21:13:47.809109,8,1,9.346728766666667
2740,2025-11-06 21:45:50.319597,2025-11-06 21:45:50.319597,1,1,0.0
2741,2025-11-06 22:34:13.863622,2025-11-06 22:46:14.006445,8,1,12.002380383333334
2742,2025-11-06 23:04:14.049611,2025-11-06 23:19:54.230835,8,1,15.669687066666667
2743,2025-11-06 23:45:54.777163,2025-11-07 00:10:14.133607,2,3,24.3226074
2744,2025-11-07 00:30:22.393319,2025-11-07 00:38:22.518231,6,1,8.002081866666666
2745,2025-11-07 01:38:31.832845,2025-11-07 01:38:31.832845,1,1,0.0
2746,2025-11-07 04:16:34.208624,2025-11-07 04:40:32.678874,9,2,23.97450416666667
2747,2025-11-07 05:25:23.219128,2025-11-07 06:05:07.405715,9,5,39.73644311666667
2748,2025-11-07 06:53:34.685172,2025-11-07 07:01:25.896809,4,1,7.853527283333333
2749,2025-11-07 07:38:01.070513,2025-11-07 08:39:41.268803,9,6,61.669971499999996
2750,2025-11-07 08:58:00.835824,2025-11-07 08:58:00.835824,1,1,0.0
2751,2025-11-07 09:40:17.984482,2025-11-07 11:28:21.214527,9,8,108.05383408333334
2752,2025-11-07 11:46:01.459016,2025-11-07 12:10:59.576356,9,5,24.968622333333332
2753,2025-11-07 13:16:07.968854,2025-11-07 13:32:39.281778,9,22,16.521882066666667
2754,2025-11-07 14:10:47.992555,2025-11-07 14:23:13.106803,8,1,12.4185708
2755,2025-11-07 15:51:25.770425,2025-11-07 15:51:25.770425,1,1,0.0
2756,2025-11-07 16:43:43.809945,2025-11-07 16:53:23.792718,8,1,9.666379549999998
2757,2025-11-07 17:14:25.393121,2025-11-07 17:44:54.727005,9,2,30.488898066666664
2758,2025-11-07 18:22:58.635543,2025-11-07 18:23:37.214820,7,1,0.64298795
2759,2025-11-07 18:40:58.404506,2025-11-07 19:16:49.861188,10,4,35.85761136666667
2760,2025-11-07 19:45:53.077219,2025-11-07 19:47:13.952905,7,1,1.3479281
2761,2025-11-07 20:27:18.604335,2025-11-07 20:39:20.522406,8,2,12.031967850000001
2762,2025-11-07 21:11:19.677577,2025-11-07 21:19:02.866537,7,1,7.719816
2763,2025-11-07 21:35:22.448274,2025-11-07 21:35:22.448274,1,1,0.0
2764,2025-11-08 03:49:40.319231,2025-11-08 04:06:38.665794,9,3,16.972442716666666
2765,2025-11-08 04:54:10.856788,2025-11-08 05:59:51.309131,9,7,65.67420571666666
2766,2025-11-08 06:16:11.129028,2025-11-08 06:24:10.961342,9,34,7.997205233333333
2767,2025-11-08 06:48:24.836608,2025-11-08 07:28:04.698183,9,5,39.66435958333333
2768,2025-11-08 08:30:21.668181,2025-11-08 08:44:41.407480,8,1,14.328988316666665
2769,2025-11-08 09:28:26.218525,2025-11-08 09:46:46.638338,8,1,18.340330216666665
2770,2025-11-08 10:14:46.253808,2025-11-08 10:51:01.893379,8,2,36.26065951666667
2771,2025-11-08 12:12:48.558361,2025-11-08 12:21:08.082494,8,2,8.325402216666667
2772,2025-11-08 12:45:08.182901,2025-11-08 12:49:11.458049,1,2,4.0545858
2773,2025-11-08 14:09:21.837426,2025-11-08 16:25:42.798068,10,17,136.34934403333332
2774,2025-11-08 18:03:54.211363,2025-11-08 20:44:32.829284,9,57,160.64363201666666
2775,2025-11-08 21:19:34.411157,2025-11-08 21:33:53.762204,8,1,14.32251745
2776,2025-11-08 22:18:03.920913,2025-11-08 23:42:04.055900,10,6,84.00224978333334
2777,2025-11-09 10:11:38.491803,2025-11-09 10:13:11.037562,10,5,1.5424293166666667
2778,2025-11-09 10:55:57.647869,2025-11-09 11:38:03.915529,8,2,42.104461
2779,2025-11-09 12:10:39.763944,2025-11-09 12:28:03.714783,8,1,17.39918065
2780,2025-11-09 12:58:03.683251,2025-11-09 13:42:04.379091,9,4,44.011597333333334
2781,2025-11-09 14:16:40.181094,2025-11-09 15:52:04.380849,10,11,95.40332925
2782,2025-11-09 16:18:04.877835,2025-11-09 16:18:04.877835,1,1,0.0
2783,2025-11-09 16:40:04.507215,2025-11-09 17:18:11.406046,10,7,38.11498051666667
2784,2025-11-09 17:42:11.369967,2025-11-09 17:56:11.524332,1,2,14.00257275
2785,2025-11-09 19:12:12.000659,2025-11-09 19:12:12.000659,1,1,0.0
2786,2025-11-09 19:32:11.424370,2025-11-09 19:32:11.424370,1,1,0.0
2787,2025-11-09 20:38:11.435895,2025-11-09 20:38:11.435895,1,1,0.0
2788,2025-11-09 21:00:10.919207,2025-11-09 21:06:11.280628,2,3,6.006023683333334
2789,2025-11-09 21:34:10.809415,2025-11-09 22:14:46.513869,8,4,40.595074233333335
2790,2025-11-10 00:26:02.636666,2025-11-10 00:26:02.636666,1,1,0.0
2791,2025-11-10 05:16:26.263329,2025-11-10 05:17:12.617897,7,1,0.7725761333333333
2792,2025-11-10 05:34:32.632295,2025-11-10 05:34:32.632295,1,1,0.0
2793,2025-11-10 06:44:53.116561,2025-11-10 06:54:53.941138,6,1,10.01374295
2794,2025-11-10 07:46:34.643127,2025-11-10 07:47:32.503952,10,3,0.9643470833333333
2795,2025-11-10 08:16:34.331814,2025-11-10 11:45:05.988035,12,184,208.52760368333333
2796,2025-11-10 12:19:46.963201,2025-11-10 13:29:12.384158,11,29,69.42368261666667
2797,2025-11-10 13:45:12.569718,2025-11-10 13:45:12.569718,1,1,0.0
2798,2025-11-10 16:01:17.928313,2025-11-10 16:19:17.008305,9,13,17.984666533333332
2799,2025-11-10 18:15:18.684351,2025-11-10 18:15:18.713193,1,2,0.0004807
2800,2025-11-10 18:57:17.764664,2025-11-10 19:47:03.392789,12,157,49.76046875
2801,2025-11-10 20:27:21.145796,2025-11-10 21:25:32.966011,12,29,58.197003583333334
2802,2025-11-10 22:31:51.194288,2025-11-10 22:31:51.194288,1,1,0.0
2803,2025-11-10 22:56:26.382291,2025-11-11 00:30:56.940652,12,15,94.50930601666667
2804,2025-11-11 03:16:43.408594,2025-11-11 03:17:02.664719,4,3,0.3209354166666667
2805,2025-11-11 04:11:01.779475,2025-11-11 12:32:10.012271,12,157,501.13721326666666
2806,2025-11-11 12:52:10.769822,2025-11-11 14:00:47.671111,12,10,68.61502148333334
2807,2025-11-11 14:37:52.199618,2025-11-11 15:16:12.410880,11,3,38.336854366666664
2808,2025-11-11 15:33:53.584155,2025-11-11 17:02:12.834510,12,11,88.32083925
2809,2025-11-11 17:22:48.427826,2025-11-11 17:52:11.682497,11,5,29.38757785
2810,2025-11-11 18:10:11.863875,2025-11-11 19:17:56.855334,12,44,67.74985765
2811,2025-11-11 19:36:14.850168,2025-11-11 20:34:14.228987,12,13,57.98964698333334
2812,2025-11-11 21:16:14.497766,2025-11-12 00:20:27.769850,12,94,184.2212014
2813,2025-11-12 01:16:12.076611,2025-11-12 01:17:54.187570,5,5,1.7018493166666666
2814,2025-11-12 03:18:46.255449,2025-11-12 03:20:46.858771,11,46,2.0100553666666667
2815,2025-11-12 04:43:51.869644,2025-11-12 16:42:11.985267,12,151,718.3352603833333
2816,2025-11-12 17:23:53.993433,2025-11-12 17:24:48.794087,8,1,0.9133442333333334
2817,2025-11-12 17:59:54.188266,2025-11-12 20:56:12.949070,12,45,176.31268006666667
2818,2025-11-12 21:12:12.962440,2025-11-12 23:30:27.697201,12,49,138.24557934999999
2819,2025-11-13 00:26:28.222390,2025-11-13 00:48:27.690571,11,1,21.991136349999998
2820,2025-11-13 04:08:28.237391,2025-11-13 04:41:04.642750,12,2,32.606755983333336
2821,2025-11-13 05:03:05.042851,2025-11-13 07:36:30.770428,12,62,153.42879295
2822,2025-11-13 08:18:29.060829,2025-11-13 08:18:29.060829,1,1,0.0
2823,2025-11-13 08:50:29.259644,2025-11-13 08:50:29.259644,1,1,0.0
2824,2025-11-13 09:30:28.537824,2025-11-13 09:30:28.537824,1,1,0.0
2825,2025-11-13 12:36:28.851878,2025-11-13 12:36:28.851878,1,1,0.0
2826,2025-11-13 12:58:28.992372,2025-11-13 13:16:35.120535,1,3,18.102136050000002
2827,2025-11-13 13:42:33.789469,2025-11-13 13:42:33.789469,1,1,0.0
2828,2025-11-13 14:04:33.611452,2025-11-13 14:04:33.611452,1,1,0.0
2829,2025-11-13 14:20:33.400018,2025-11-13 14:20:33.400018,1,1,0.0
2830,2025-11-13 14:52:33.707119,2025-11-13 14:52:33.707119,1,1,0.0
2831,2025-11-13 15:16:15.821810,2025-11-13 16:34:43.127808,12,211,78.45509996666667
2832,2025-11-13 17:06:43.270029,2025-11-13 17:06:43.270029,1,1,0.0
2833,2025-11-13 17:50:43.383267,2025-11-13 18:08:43.707141,8,3,18.0053979
2834,2025-11-13 18:28:43.597682,2025-11-13 19:00:43.430699,11,2,31.99721695
2835,2025-11-13 19:16:24.875398,2025-11-13 19:30:43.590345,11,3,14.311915783333335
2836,2025-11-13 21:36:42.737908,2025-11-13 21:36:42.737908,1,1,0.0
2837,2025-11-13 22:16:25.813394,2025-11-13 22:17:38.554359,11,45,1.2123494166666666
2838,2025-11-13 23:01:02.238820,2025-11-13 23:02:00.591032,7,45,0.9725368666666667
2839,2025-11-13 23:17:21.379501,2025-11-14 00:17:21.373258,12,13,59.99989595
2840,2025-11-14 01:17:20.751278,2025-11-14 01:17:21.379788,5,4,0.010475166666666667
2841,2025-11-14 02:17:20.574388,2025-11-14 02:17:20.966975,5,3,0.006543116666666667
2842,2025-11-14 03:17:20.628425,2025-11-14 03:17:21.252065,6,1,0.010393999999999999
2843,2025-11-14 04:17:21.157564,2025-11-14 04:33:21.348601,10,4,16.00318395
2844,2025-11-14 04:59:02.385633,2025-11-14 06:35:01.978636,12,10,95.99321671666667
2845,2025-11-14 06:53:20.823698,2025-11-14 08:27:32.888858,12,10,94.201086
2846,2025-11-14 09:13:32.582463,2025-11-14 10:44:32.450236,12,8,90.99779621666667
2847,2025-11-14 11:11:11.055521,2025-11-14 11:20:50.250069,1,6,9.653242466666667
2848,2025-11-14 11:47:47.687298,2025-11-14 14:40:15.354156,12,51,172.46111430000002
2849,2025-11-14 15:24:15.102158,2025-11-14 15:25:09.802256,11,1,0.9116683
2850,2025-11-14 15:48:34.164392,2025-11-14 16:08:34.253824,11,1,20.00149053333333
2851,2025-11-14 16:46:39.027848,2025-11-14 17:06:37.381572,12,2,19.97256206666667
2852,2025-11-14 17:30:45.813303,2025-11-14 20:50:52.974330,12,37,200.11935045
2853,2025-11-14 21:10:52.974902,2025-11-14 23:31:17.551445,12,37,140.40960905
2854,2025-11-15 02:01:27.462753,2025-11-15 02:03:08.784030,7,3,1.6886879499999998
2855,2025-11-15 05:09:26.986701,2025-11-15 05:31:28.159362,12,1,22.01954435
2856,2025-11-15 06:03:27.096586,2025-11-15 06:55:08.922320,12,3,51.69709556666667
2857,2025-11-15 09:35:28.162324,2025-11-15 09:45:28.568822,5,1,10.006774966666667
2858,2025-11-15 12:11:29.058295,2025-11-15 13:15:34.644516,12,2,64.09310368333334
2859,2025-11-15 17:26:44.291909,2025-11-15 19:38:43.873539,12,7,131.99302716666665
2860,2025-11-15 21:04:25.343030,2025-11-15 21:12:44.096496,2,1,8.312557766666666
2861,2025-11-15 22:06:43.785605,2025-11-15 22:14:43.793871,1,2,8.000137766666667
2862,2025-11-16 00:21:08.303971,2025-11-16 00:55:07.745893,12,2,33.9906987
2863,2025-11-16 03:43:08.101240,2025-11-16 04:07:07.983041,11,1,23.998030016666668
2864,2025-11-16 06:23:08.537341,2025-11-16 06:47:09.087741,3,1,24.009173333333333
2865,2025-11-16 10:13:10.322345,2025-11-16 10:27:10.325696,1,2,14.000055849999999
2866,2025-11-16 11:05:10.420777,2025-11-16 11:15:10.261925,3,2,9.997352466666666
2867,2025-11-16 11:57:10.270724,2025-11-16 12:01:11.218223,3,1,4.01579165
2868,2025-11-16 12:55:10.732427,2025-11-16 12:55:10.732427,1,1,0.0
2869,2025-11-16 14:44:51.709889,2025-11-16 14:44:51.709889,1,1,0.0
2870,2025-11-16 15:02:52.056355,2025-11-16 15:17:12.336302,11,2,14.337999116666667
2871,2025-11-16 15:52:51.969904,2025-11-16 15:52:51.969904,1,1,0.0
2872,2025-11-16 16:41:10.575590,2025-11-17 01:43:48.295745,12,96,542.62866925
2873,2025-11-17 02:04:06.414862,2025-11-17 06:16:08.202232,12,60,252.0297895
2874,2025-11-17 06:37:49.216794,2025-11-17 08:21:48.518384,12,16,103.98835983333333
2875,2025-11-17 08:45:49.028161,2025-11-17 11:44:56.338784,12,26,179.12184371666666
2876,2025-11-17 12:02:56.447552,2025-11-17 12:08:57.799389,5,11,6.022530616666667
2877,2025-11-17 12:30:56.424434,2025-11-17 12:34:57.136606,5,3,4.011869533333334
2878,2025-11-17 13:16:38.301706,2025-11-17 13:39:11.705610,12,51,22.556731733333333
2879,2025-11-17 13:57:12.071404,2025-11-17 14:23:12.477257,11,12,26.006764216666667
2880,2025-11-17 14:39:18.875757,2025-11-17 15:11:19.334224,5,5,32.00764111666667
2881,2025-11-17 15:39:19.415736,2025-11-17 16:16:06.394568,5,7,36.78298053333333
2882,2025-11-17 16:38:06.227766,2025-11-17 20:50:03.337066,12,124,251.95182166666666
2883,2025-11-17 21:10:03.233391,2025-11-17 22:28:48.564363,12,38,78.7555162
2884,2025-11-17 22:44:30.025460,2025-11-17 22:44:30.025460,1,1,0.0
2885,2025-11-17 23:18:30.705770,2025-11-17 23:18:30.705770,1,1,0.0
2886,2025-11-18 00:06:48.289889,2025-11-18 00:44:48.678862,12,17,38.006482883333334
2887,2025-11-18 01:16:50.181044,2025-11-18 01:16:50.181044,1,1,0.0
2888,2025-11-18 03:18:56.667328,2025-11-18 03:30:57.192800,9,2,12.008757866666667
2889,2025-11-18 03:48:57.119151,2025-11-18 19:46:40.850529,12,274,957.7288563
2890,2025-11-18 20:02:22.536024,2025-11-18 20:18:21.829670,11,13,15.988227433333332
2891,2025-11-18 20:44:21.667755,2025-11-18 20:44:21.667755,1,1,0.0
2892,2025-11-18 21:00:22.298775,2025-11-18 21:40:21.794446,11,4,39.991594516666666
2893,2025-11-18 21:58:39.877203,2025-11-18 22:48:56.994251,12,40,50.285284133333334
2894,2025-11-19 00:03:14.959962,2025-11-19 00:03:15.276716,1,9,0.005279233333333333
2895,2025-11-19 00:24:56.754500,2025-11-19 00:36:56.190810,1,2,11.990605166666667
2896,2025-11-19 01:13:14.547742,2025-11-19 01:13:14.547742,1,1,0.0
2897,2025-11-19 04:11:15.366468,2025-11-19 04:11:15.758474,3,1,0.006533433333333334
2898,2025-11-19 04:36:56.654371,2025-11-19 04:38:56.544812,1,2,1.9981740166666666
2899,2025-11-19 04:57:15.909679,2025-11-19 08:23:03.225912,12,70,205.78860388333334
2900,2025-11-19 08:45:03.180104,2025-11-19 08:45:03.180104,1,1,0.0
2901,2025-11-19 09:01:03.699002,2025-11-19 09:01:03.699002,1,1,0.0
2902,2025-11-19 09:21:03.652927,2025-11-19 09:21:03.652927,1,1,0.0
2903,2025-11-19 10:17:03.683662,2025-11-19 15:41:22.181668,12,119,324.30830010000005
2904,2025-11-19 15:59:30.111486,2025-11-19 20:57:30.136218,12,97,298.0004122
2905,2025-11-19 21:23:10.712712,2025-11-19 21:39:10.814380,1,3,16.001694466666667
2906,2025-11-19 22:05:29.175419,2025-11-19 23:33:10.746952,12,25,87.69285888333334
2907,2025-11-20 00:41:16.949254,2025-11-20 00:41:16.949254,1,1,0.0
2908,2025-11-20 04:17:37.035426,2025-11-20 04:39:17.228702,9,2,21.66988793333333
2909,2025-11-20 04:59:17.775457,2025-11-20 04:59:17.775457,1,1,0.0
2910,2025-11-20 05:25:36.671651,2025-11-20 06:01:18.037371,11,4,35.689428666666664
2911,2025-11-20 06:21:36.683768,2025-11-20 06:21:36.683768,1,1,0.0
2912,2025-11-20 06:37:36.990875,2025-11-20 09:11:56.324758,12,84,154.32223138333333
2913,2025-11-20 10:16:40.972159,2025-11-20 15:19:56.135195,12,103,303.2527172666667
2914,2025-11-20 15:37:56.036057,2025-11-20 22:52:44.672929,12,162,434.8106145333333
2915,2025-11-20 23:08:43.289863,2025-11-20 23:32:45.021940,12,3,24.02886795
2916,2025-11-21 00:02:26.756331,2025-11-21 00:02:26.756331,1,1,0.0
2917,2025-11-21 01:16:31.685498,2025-11-21 01:18:49.486646,12,4,2.2966858
2918,2025-11-21 03:48:50.244311,2025-11-21 04:58:31.961511,12,8,69.69528666666666
2919,2025-11-21 05:24:31.456994,2025-11-21 06:02:31.772054,11,6,38.005251
2920,2025-11-21 06:18:32.175523,2025-11-21 06:40:33.297129,11,5,22.018693433333333
2921,2025-11-21 07:08:52.523890,2025-11-21 09:41:14.309995,12,114,152.36310175
2922,2025-11-21 09:59:14.414299,2025-11-21 09:59:14.414299,1,1,0.0
2923,2025-11-21 10:25:15.043490,2025-11-21 10:59:15.972726,10,4,34.01548726666667
2924,2025-11-21 11:17:33.184694,2025-11-21 19:41:54.819594,12,86,504.3605816666667
2925,2025-11-21 19:59:35.355721,2025-11-21 19:59:35.355721,1,1,0.0
2926,2025-11-21 20:23:35.499282,2025-11-21 20:23:35.499282,1,1,0.0
2927,2025-11-21 20:39:35.593887,2025-11-21 20:39:35.593887,1,1,0.0
2928,2025-11-21 20:57:54.617284,2025-11-21 22:41:49.917821,12,66,103.92167561666666
2929,2025-11-21 23:17:49.679194,2025-11-21 23:17:49.679194,1,1,0.0
2930,2025-11-21 23:59:49.872506,2025-11-21 23:59:49.872506,1,1,0.0
2931,2025-11-22 00:39:49.974092,2025-11-22 00:39:49.974092,1,1,0.0
2932,2025-11-22 01:39:49.427275,2025-11-22 01:39:49.427275,1,1,0.0
2933,2025-11-22 02:58:07.686159,2025-11-22 03:10:07.537093,8,1,11.997515566666667
2934,2025-11-22 04:10:07.902972,2025-11-22 04:16:09.311061,5,1,6.02346815
2935,2025-11-22 04:32:08.198670,2025-11-22 06:21:50.469946,12,81,109.70452126666667
2936,2025-11-22 06:57:49.968414,2025-11-22 06:57:49.968414,1,1,0.0
2937,2025-11-22 07:21:50.603637,2025-11-22 07:21:50.603637,1,1,0.0
2938,2025-11-22 07:37:50.185155,2025-11-22 07:37:50.185155,1,1,0.0
2939,2025-11-22 08:19:49.990897,2025-11-22 08:44:08.984299,12,4,24.3165567
2940,2025-11-22 08:59:50.210873,2025-11-22 09:21:49.978067,12,5,21.9961199
2941,2025-11-22 09:39:49.920025,2025-11-22 09:43:50.350710,1,2,4.007178083333334
2942,2025-11-22 09:59:49.973367,2025-11-22 10:59:50.518660,12,6,60.00908821666667
2943,2025-11-22 11:17:49.905557,2025-11-22 12:22:08.891440,12,13,64.31643138333332
2944,2025-11-22 12:38:44.382338,2025-11-22 13:19:50.344300,12,6,41.09936603333333
2945,2025-11-22 13:41:52.242717,2025-11-22 13:41:52.242717,1,1,0.0
2946,2025-11-22 13:59:49.922447,2025-11-22 14:39:49.740692,12,6,39.996970749999996
2947,2025-11-22 14:59:50.167036,2025-11-22 14:59:50.167036,1,1,0.0
2948,2025-11-22 15:39:55.494667,2025-11-22 16:45:55.858212,12,13,66.00605908333334
2949,2025-11-22 17:04:21.034289,2025-11-22 20:04:25.413522,12,32,180.07298721666666
2950,2025-11-22 20:22:25.230507,2025-11-22 20:44:25.387851,11,4,22.0026224
2951,2025-11-22 21:00:07.104612,2025-11-22 21:00:07.104612,1,1,0.0
2952,2025-11-22 21:20:07.333992,2025-11-22 21:20:07.333992,1,1,0.0
2953,2025-11-22 21:38:06.783686,2025-11-22 23:24:42.319565,12,30,106.59226465
2954,2025-11-22 23:52:42.032763,2025-11-23 00:14:42.243468,12,2,22.003511749999998
2955,2025-11-23 00:34:24.181058,2025-11-23 01:04:41.715906,12,5,30.292247466666666
2956,2025-11-23 01:22:42.459388,2025-11-23 01:58:42.431400,12,3,35.999533533333334
2957,2025-11-23 03:56:41.854794,2025-11-23 04:06:42.003103,9,1,10.002471816666667
2958,2025-11-23 04:52:24.541205,2025-11-23 05:32:42.303043,12,5,40.29603063333333
2959,2025-11-23 05:50:42.687693,2025-11-23 06:17:18.445475,12,3,26.59596303333333
2960,2025-11-23 07:00:51.142470,2025-11-23 08:44:30.670991,12,71,103.65880868333333
2961,2025-11-23 09:00:31.527002,2025-11-23 09:54:50.062279,12,14,54.30892128333333
2962,2025-11-23 10:28:49.450650,2025-11-23 10:28:49.450650,1,1,0.0
2963,2025-11-23 10:46:31.066071,2025-11-23 12:00:50.322227,12,11,74.32093593333335
2964,2025-11-23 12:18:30.873209,2025-11-23 12:18:30.873209,1,1,0.0
2965,2025-11-23 12:40:30.921487,2025-11-23 12:40:30.921487,1,1,0.0
2966,2025-11-23 13:02:30.499190,2025-11-23 13:20:31.039443,11,13,18.009004216666664
2967,2025-11-23 13:44:31.366382,2025-11-23 14:04:31.468934,10,3,20.0017092
2968,2025-11-23 14:22:30.794006,2025-11-23 14:32:49.518282,11,2,10.312071266666667
2969,2025-11-23 14:48:48.906818,2025-11-23 15:20:30.862688,12,4,31.6992645
2970,2025-11-23 15:42:31.184260,2025-11-23 15:44:30.694218,1,2,1.9918326333333334
2971,2025-11-23 16:00:32.017398,2025-11-23 16:00:32.017398,1,1,0.0
2972,2025-11-23 16:22:30.914138,2025-11-23 17:04:49.248763,12,4,42.30557708333333
2973,2025-11-23 17:22:31.030838,2025-11-23 22:22:30.977981,12,47,299.99911905000005
2974,2025-11-23 23:08:29.938035,2025-11-23 23:18:49.387687,2,2,10.324160866666666
2975,2025-11-23 23:34:49.381203,2025-11-23 23:36:30.630206,2,2,1.6874833833333334
2976,2025-11-24 03:16:37.889160,2025-11-24 03:18:30.922503,3,5,1.88388905
2977,2025-11-24 03:38:48.665456,2025-11-24 13:54:55.420167,12,230,616.1125785166666
2978,2025-11-24 14:16:36.724183,2025-11-24 15:59:01.792594,12,44,102.41780685
2979,2025-11-24 16:51:01.531215,2025-11-24 16:51:01.531215,1,1,0.0
2980,2025-11-24 19:17:05.564003,2025-11-24 19:18:12.643166,12,11,1.1179860499999998
2981,2025-11-24 19:39:26.417183,2025-11-24 20:01:08.207883,12,2,21.696511666666666
2982,2025-11-24 20:17:29.121979,2025-11-24 20:27:26.393602,1,3,9.95452705
2983,2025-11-24 20:49:26.391364,2025-11-24 20:49:26.602718,1,3,0.0035225666666666663
2984,2025-11-24 21:25:26.206952,2025-11-24 21:25:26.206952,1,1,0.0
2985,2025-11-24 21:41:26.215366,2025-11-24 21:41:26.215366,1,1,0.0
2986,2025-11-24 22:37:50.133232,2025-11-24 22:43:31.942725,4,1,5.696824883333333
2987,2025-11-25 03:18:36.986550,2025-11-25 03:20:01.270304,6,1,1.4047292333333334
2988,2025-11-25 03:59:20.275915,2025-11-25 03:59:20.275915,1,1,0.0
2989,2025-11-25 04:49:02.179574,2025-11-25 06:15:30.216755,12,11,86.46728635
2990,2025-11-25 06:33:30.309132,2025-11-25 14:35:53.434487,12,152,482.3854225833333
2991,2025-11-25 14:55:33.453647,2025-11-25 15:21:52.753588,12,1,26.321665683333332
2992,2025-11-25 15:39:52.840884,2025-11-25 15:39:52.840884,1,1,0.0
2993,2025-11-25 15:55:52.247428,2025-11-25 17:19:53.672454,12,46,84.02375043333333
2994,2025-11-25 18:01:54.667071,2025-11-25 20:51:44.435365,12,14,169.82947156666665
2995,2025-11-25 21:12:03.220564,2025-11-25 21:23:45.861610,4,1,11.7106841
2996,2025-11-25 21:56:03.119447,2025-11-25 22:55:44.807569,12,5,59.69480203333333
2997,2025-11-25 23:12:02.582608,2025-11-25 23:30:02.464557,6,2,17.998032483333336
2998,2025-11-25 23:52:02.668732,2025-11-26 00:43:44.127005,12,4,51.69097121666667
2999,2025-11-26 03:36:02.858839,2025-11-26 03:43:44.984218,6,1,7.7020896500000005
3000,2025-11-26 04:26:03.368187,2025-11-26 04:26:03.368187,1,1,0.0
3001,2025-11-26 04:57:44.907424,2025-11-26 07:36:03.667940,12,14,158.31267526666667
3002,2025-11-26 07:52:03.620476,2025-11-26 08:32:03.489935,12,7,39.997824316666666
3003,2025-11-26 09:09:45.173677,2025-11-26 09:10:40.122370,11,1,0.91581155
3004,2025-11-26 09:26:03.627570,2025-11-26 10:53:45.174259,12,9,87.69244481666667
3005,2025-11-26 11:15:50.827238,2025-11-26 15:12:07.339389,12,50,236.27520251666667
3006,2025-11-26 16:04:07.290879,2025-11-26 22:37:08.831542,12,134,393.0256777166667
3007,2025-11-26 22:53:07.812857,2025-11-26 22:55:07.690989,10,1,1.9979688666666666
3008,2025-11-26 23:14:50.193590,2025-11-26 23:19:07.932691,3,3,4.295651683333333
3009,2025-11-26 23:39:07.401901,2025-11-27 00:05:08.321303,12,3,26.015323366666667
3010,2025-11-27 01:11:07.931054,2025-11-27 01:29:08.133815,12,1,18.00337935
3011,2025-11-27 04:13:07.921631,2025-11-27 04:18:49.890590,4,1,5.699482649999999
3012,2025-11-27 04:41:08.121709,2025-11-27 05:47:08.953846,12,6,66.01386895
3013,2025-11-27 06:20:50.252051,2025-11-27 06:25:09.314644,3,1,4.317709883333333
3014,2025-11-27 06:41:09.020848,2025-11-27 07:18:49.991838,12,4,37.68284983333333
3015,2025-11-27 08:33:08.931526,2025-11-27 08:33:08.931526,1,1,0.0
3016,2025-11-27 09:15:08.676611,2025-11-27 09:15:08.676611,1,1,0.0
3017,2025-11-27 13:31:13.243068,2025-11-27 13:31:13.243068,1,1,0.0
3018,2025-11-27 15:16:58.760906,2025-11-27 16:19:18.469436,12,80,62.328475499999996
3019,2025-11-27 16:59:18.276713,2025-11-27 20:39:18.034954,12,36,219.99597068333333
3020,2025-11-27 21:16:59.153162,2025-11-27 21:31:17.384919,12,8,14.303862616666667
3021,2025-11-27 21:55:17.642030,2025-11-27 21:55:17.642030,1,1,0.0
3022,2025-11-27 22:37:46.929740,2025-11-27 23:37:28.508172,12,5,59.69297386666666
3023,2025-11-27 23:53:46.615899,2025-11-28 00:09:46.599528,12,1,15.99972715
3024,2025-11-28 00:27:46.364895,2025-11-28 00:39:46.799384,8,1,12.007241483333333
3025,2025-11-28 02:21:46.486825,2025-11-28 02:37:45.937930,11,1,15.99085175
3026,2025-11-28 04:05:47.692587,2025-11-28 08:01:49.129817,12,43,236.02395383333334
3027,2025-11-28 08:47:29.053663,2025-11-28 08:48:24.081217,11,1,0.9171259
3028,2025-11-28 09:29:47.864352,2025-11-28 09:41:48.211985,10,2,12.005793883333332
3029,2025-11-28 10:25:48.016364,2025-11-29 00:44:15.126363,12,177,858.4518333166667
3030,2025-11-29 01:00:15.255634,2025-11-29 01:00:15.357820,1,2,0.0017031
3031,2025-11-29 01:27:57.318546,2025-11-29 01:58:23.249266,11,5,30.43217866666667
3032,2025-11-29 02:34:23.283801,2025-11-29 02:48:23.236913,11,1,13.999218533333334
3033,2025-11-29 03:34:23.674981,2025-11-29 03:34:23.674981,1,1,0.0
3034,2025-11-29 03:54:23.766344,2025-11-29 05:16:24.038119,11,8,82.00452958333334
3035,2025-11-29 05:36:23.774725,2025-11-29 06:16:24.928892,12,7,40.01923611666667
3036,2025-11-29 06:38:59.363191,2025-11-29 14:22:33.784118,12,68,463.57368211666665
3037,2025-11-29 14:48:34.218362,2025-11-29 17:23:10.191162,11,38,154.59954666666667
3038,2025-11-29 17:52:34.046938,2025-11-29 19:16:35.501476,11,7,84.0242423
3039,2025-11-29 19:34:34.366158,2025-11-29 20:06:33.971413,11,4,31.993420916666665
3040,2025-11-29 20:48:34.252950,2025-11-29 21:17:11.014768,10,6,28.612696966666665
3041,2025-11-29 21:40:33.763919,2025-11-29 21:41:09.291898,11,1,0.5921329833333334
3042,2025-11-30 02:24:49.788507,2025-11-30 02:24:53.153140,1,62,0.056077216666666665
3043,2025-11-30 04:28:34.883003,2025-11-30 04:28:34.883003,1,1,0.0
3044,2025-11-30 07:42:36.063698,2025-11-30 07:42:36.063698,1,1,0.0
3045,2025-11-30 08:40:35.446179,2025-11-30 09:02:36.140420,12,2,22.011570683333332
3046,2025-11-30 09:18:35.863603,2025-11-30 09:46:35.406447,12,2,27.992380733333334
3047,2025-11-30 10:16:17.770627,2025-11-30 10:16:18.379711,1,4,0.0101514
3048,2025-11-30 10:54:34.986984,2025-11-30 11:10:35.844603,12,2,16.01429365
3049,2025-11-30 11:50:35.884812,2025-11-30 12:16:35.593006,12,1,25.995136566666666
3050,2025-11-30 12:56:38.412146,2025-11-30 12:56:38.412146,1,1,0.0
3051,2025-11-30 14:12:19.599479,2025-11-30 14:16:21.545560,1,14,4.032434683333333
3052,2025-11-30 15:50:20.366709,2025-11-30 15:50:20.366709,1,1,0.0
3053,2025-11-30 16:10:19.774176,2025-11-30 16:10:19.774176,1,1,0.0
3054,2025-11-30 16:28:20.266725,2025-11-30 16:28:20.266725,1,1,0.0
3055,2025-11-30 16:48:20.658715,2025-11-30 16:48:20.658715,1,1,0.0
3056,2025-11-30 17:08:20.397642,2025-11-30 17:08:20.397642,1,1,0.0
3057,2025-11-30 17:28:20.559520,2025-11-30 17:28:20.559520,1,1,0.0
3058,2025-11-30 19:02:39.877394,2025-11-30 19:03:16.291540,10,1,0.6069024333333334
3059,2025-11-30 19:18:20.870972,2025-11-30 19:34:20.326691,12,2,15.99092865
3060,2025-11-30 20:12:38.758456,2025-11-30 20:50:39.087417,12,2,38.005482683333334
3061,2025-11-30 21:18:38.703775,2025-11-30 22:23:09.752772,12,3,64.51748328333333
3062,2025-11-30 22:53:09.936699,2025-11-30 22:53:09.936699,1,1,0.0
3063,2025-12-01 03:44:51.479432,2025-12-01 04:05:10.440137,11,2,20.316011749999998
3064,2025-12-01 04:23:10.489757,2025-12-01 04:23:10.489757,1,1,0.0
3065,2025-12-01 04:51:10.450390,2025-12-01 08:54:51.827934,12,36,243.68962573333334
3066,2025-12-01 10:23:18.773074,2025-12-01 10:23:18.773074,1,1,0.0
3067,2025-12-01 10:57:19.178739,2025-12-01 10:57:19.178739,1,1,0.0
3068,2025-12-01 12:07:19.064950,2025-12-01 12:07:19.064950,1,1,0.0
3069,2025-12-01 16:17:02.080073,2025-12-01 16:18:21.737550,12,74,1.3276246166666668
3070,2025-12-01 16:53:11.696630,2025-12-01 19:37:11.309389,12,72,163.99354598333332
3071,2025-12-01 20:03:11.102880,2025-12-01 20:43:30.072691,12,4,40.31616351666666
3072,2025-12-01 21:15:29.245461,2025-12-01 22:29:59.593758,12,11,74.50580495
3073,2025-12-01 22:49:59.605105,2025-12-01 23:18:00.140639,10,4,28.00892556666667
3074,2025-12-01 23:33:59.406021,2025-12-01 23:57:59.159746,12,5,23.995895416666666
3075,2025-12-02 04:11:41.275691,2025-12-02 04:28:00.232459,11,1,16.315946133333334
3076,2025-12-02 05:12:00.300929,2025-12-02 05:12:00.300929,1,1,0.0
3077,2025-12-02 05:53:59.999822,2025-12-02 06:08:00.070048,9,3,14.001170433333334
3078,2025-12-02 06:23:41.567727,2025-12-02 09:02:14.016876,12,21,158.54081915
3079,2025-12-02 09:17:54.411470,2025-12-02 09:28:48.892813,3,1,10.908022383333334
3080,2025-12-02 09:50:12.182408,2025-12-02 10:52:13.115871,10,4,62.01555771666666
3081,2025-12-02 11:14:13.282948,2025-12-02 11:14:13.282948,1,1,0.0
3082,2025-12-02 13:12:13.185628,2025-12-02 13:44:06.401093,11,1,31.886924416666666
3083,2025-12-02 14:56:17.357106,2025-12-02 17:05:55.269225,12,21,129.63186865
3084,2025-12-02 17:27:35.851587,2025-12-02 20:48:28.629553,12,25,200.87963276666667
3085,2025-12-02 21:56:45.671729,2025-12-02 21:56:45.671729,1,1,0.0
3086,2025-12-02 22:16:46.752456,2025-12-02 23:59:43.916987,12,22,102.95274218333334
3087,2025-12-03 00:30:30.997404,2025-12-03 00:54:30.000008,12,1,23.983376733333333
3088,2025-12-03 04:42:33.648010,2025-12-03 05:02:33.897359,12,1,20.004155816666664
3089,2025-12-03 05:32:52.610389,2025-12-03 07:10:34.110498,12,11,97.69166848333333
3090,2025-12-03 07:44:52.587034,2025-12-03 08:50:58.319629,12,7,66.09554325
3091,2025-12-03 09:17:07.527763,2025-12-03 09:31:05.463689,2,5,13.965598766666666
3092,2025-12-03 10:23:08.266347,2025-12-03 11:33:44.129895,12,5,70.5977258
3093,2025-12-03 12:08:52.530061,2025-12-03 13:07:12.273129,12,10,58.32905113333334
3094,2025-12-03 14:05:12.464157,2025-12-03 15:07:12.832522,12,10,62.00613941666666
3095,2025-12-03 15:31:12.384595,2025-12-03 19:44:53.895368,12,39,253.69184621666668
3096,2025-12-03 20:21:12.648258,2025-12-03 20:42:53.886485,12,1,21.687303783333334
3097,2025-12-03 21:35:11.754871,2025-12-03 21:47:12.249672,8,1,12.008246683333335
3098,2025-12-03 22:17:19.096858,2025-12-03 23:29:37.955607,12,32,72.31431248333334
3099,2025-12-03 23:53:38.528468,2025-12-04 00:47:38.457548,11,2,53.998818
3100,2025-12-04 01:16:13.054108,2025-12-04 01:17:39.586365,11,3,1.4422042833333333
3101,2025-12-04 04:23:32.532173,2025-12-04 04:25:51.409270,5,2,2.314618283333333
3102,2025-12-04 04:49:51.196832,2025-12-04 05:21:32.689713,11,3,31.691548016666665
3103,2025-12-04 05:39:58.246247,2025-12-04 06:07:59.115993,12,4,28.014495766666666
3104,2025-12-04 06:23:58.072602,2025-12-04 09:17:59.417879,12,89,174.02242128333333
3105,2025-12-04 09:43:58.111613,2025-12-04 11:03:57.994104,12,13,79.99804151666667
3106,2025-12-04 11:19:57.485839,2025-12-04 12:06:21.969875,12,4,46.40806726666666
3107,2025-12-04 12:38:22.288109,2025-12-04 20:12:44.856825,12,58,454.3761452666667
3108,2025-12-04 20:36:26.455434,2025-12-04 20:37:20.940649,7,1,0.9080869166666666
3109,2025-12-04 21:02:45.775168,2025-12-04 21:02:45.775168,1,1,0.0
3110,2025-12-04 21:24:45.192531,2025-12-04 21:26:45.395856,2,1,2.00338875
3111,2025-12-04 22:06:27.043324,2025-12-05 00:09:20.134672,12,41,122.8848558
3112,2025-12-05 00:37:19.598503,2025-12-05 00:55:20.062216,10,2,18.007728550000003
3113,2025-12-05 02:35:19.562207,2025-12-05 02:53:20.006903,9,1,18.0074116
3114,2025-12-05 03:41:20.317504,2025-12-05 03:53:20.291438,9,1,11.999565566666666
3115,2025-12-05 04:19:20.156448,2025-12-05 10:03:24.156620,12,57,344.0666695333333
3116,2025-12-05 11:17:24.749445,2025-12-05 11:43:25.573783,12,2,26.013738966666665
3117,2025-12-05 12:05:26.097137,2025-12-05 13:09:26.006952,11,6,63.99849691666667
3118,2025-12-05 13:43:34.028810,2025-12-05 14:25:39.207868,12,3,42.08631763333334
3119,2025-12-05 14:47:39.713030,2025-12-05 14:47:39.713030,1,1,0.0
3120,2025-12-05 15:29:38.627959,2025-12-05 15:29:38.627959,1,1,0.0
3121,2025-12-05 15:53:20.577764,2025-12-05 16:39:56.447396,12,8,46.5978272
3122,2025-12-05 16:55:56.329661,2025-12-05 16:55:56.329661,1,1,0.0
3123,2025-12-05 17:16:32.094419,2025-12-05 17:43:56.100068,12,55,27.400094149999997
3124,2025-12-05 18:03:55.683895,2025-12-05 19:45:55.998544,12,8,102.00524415
3125,2025-12-05 20:01:57.441733,2025-12-05 20:01:57.441733,1,1,0.0
3126,2025-12-05 20:54:01.388452,2025-12-05 22:54:05.531510,12,9,120.06905096666667
3127,2025-12-05 23:50:05.717255,2025-12-06 00:58:05.262565,12,18,67.99242183333334
3128,2025-12-06 01:28:05.159688,2025-12-06 01:50:04.893739,12,1,21.995567516666664
3129,2025-12-06 04:48:06.186534,2025-12-06 05:36:05.367934,12,5,47.986356666666666
3130,2025-12-06 06:10:06.586723,2025-12-06 06:54:25.449035,12,4,44.31437186666667
3131,2025-12-06 07:18:24.851396,2025-12-06 08:04:26.009807,11,3,46.01930685
3132,2025-12-06 09:26:06.971193,2025-12-06 10:26:32.363016,12,4,60.42319705
3133,2025-12-06 10:42:31.890890,2025-12-06 10:44:31.775841,3,1,1.9980825166666667
3134,2025-12-06 11:05:07.273849,2025-12-06 11:32:31.828422,12,2,27.40924288333333
3135,2025-12-06 12:38:32.427331,2025-12-06 13:18:32.493849,12,5,40.00110863333334
3136,2025-12-06 13:46:31.830440,2025-12-06 13:54:32.808472,4,2,8.016300533333332
3137,2025-12-06 14:26:31.605074,2025-12-06 18:08:32.465215,12,15,222.01433568333331
3138,2025-12-06 18:40:31.755213,2025-12-06 20:54:31.593844,12,19,133.99731051666666
3139,2025-12-06 21:14:31.269241,2025-12-06 21:14:31.269241,1,1,0.0
3140,2025-12-06 21:56:31.218969,2025-12-06 22:04:31.815744,6,1,8.00994625
3141,2025-12-07 00:00:33.038804,2025-12-07 00:46:34.455074,12,2,46.023604500000005
3142,2025-12-07 01:42:34.851322,2025-12-07 02:08:35.043569,12,1,26.003204116666666
3143,2025-12-07 04:08:34.314487,2025-12-07 04:46:35.458616,11,2,38.01906881666666
3144,2025-12-07 05:10:35.175667,2025-12-07 05:46:16.808163,12,3,35.69387493333333
3145,2025-12-07 06:30:35.432445,2025-12-07 07:52:18.398854,12,17,81.71610681666667
3146,2025-12-07 08:08:18.223267,2025-12-07 08:48:18.576450,12,3,40.00588638333333
3147,2025-12-07 09:08:18.521482,2025-12-07 09:48:18.624796,12,4,40.0017219
3148,2025-12-07 11:18:39.455609,2025-12-07 11:18:39.455609,1,1,0.0
3149,2025-12-07 12:00:40.200419,2025-12-07 12:06:39.947911,3,1,5.995791533333334
3150,2025-12-07 12:46:21.134258,2025-12-07 13:06:40.555734,11,1,20.323691266666668
3151,2025-12-07 13:58:39.964793,2025-12-07 13:58:39.964793,1,1,0.0
3152,2025-12-07 14:16:40.147851,2025-12-07 14:40:40.244946,12,1,24.00161825
3153,2025-12-07 15:04:20.939194,2025-12-07 16:28:39.400745,12,12,84.30769251666668
3154,2025-12-07 16:48:48.130009,2025-12-07 16:56:47.814152,3,1,7.994735716666667
3155,2025-12-07 19:09:28.425553,2025-12-07 19:22:53.644208,12,1,13.420310916666667
3156,2025-12-07 20:01:31.132033,2025-12-07 20:35:05.477252,12,3,33.572420316666665
3157,2025-12-07 21:06:44.378415,2025-12-07 21:45:02.926438,12,3,38.309133716666665
3158,2025-12-07 23:17:22.172458,2025-12-07 23:17:22.172458,1,1,0.0
3159,2025-12-08 03:11:20.725651,2025-12-08 03:29:21.366055,9,1,18.010673399999998
3160,2025-12-08 04:15:15.609721,2025-12-08 04:41:33.572617,12,1,26.2993816
3161,2025-12-08 05:01:35.496188,2025-12-08 05:35:16.100688,12,2,33.676741666666665
3162,2025-12-08 05:57:33.663354,2025-12-08 08:51:34.575588,12,23,174.0152039
3163,2025-12-08 09:16:11.807372,2025-12-08 10:05:36.746587,12,8,49.41565358333333
3164,2025-12-08 10:21:36.117544,2025-12-08 10:47:36.523894,12,3,26.0067725
3165,2025-12-08 11:05:36.198988,2025-12-08 11:29:36.868936,12,1,24.0111658
3166,2025-12-08 12:45:38.630912,2025-12-08 13:33:21.914567,12,33,47.72139425
3167,2025-12-08 13:49:40.141332,2025-12-08 13:49:40.141332,1,1,0.0
3168,2025-12-08 14:11:39.866319,2025-12-08 16:05:46.587341,12,12,114.11201703333333
3169,2025-12-08 16:25:50.899778,2025-12-08 22:22:14.094983,12,79,356.38658675
3170,2025-12-09 04:18:14.436033,2025-12-09 04:32:14.089586,9,1,13.994225883333334
3171,2025-12-09 04:50:14.007667,2025-12-09 19:26:18.998584,12,224,876.08318195
3172,2025-12-09 20:08:41.480341,2025-12-09 22:52:54.898074,12,16,164.22362888333333
3173,2025-12-09 23:47:12.915501,2025-12-10 00:01:14.924790,10,1,14.03348815
3174,2025-12-10 00:53:12.647293,2025-12-10 00:53:12.647293,1,1,0.0
3175,2025-12-10 03:33:40.336633,2025-12-10 04:55:41.066019,12,7,82.01215643333333
3176,2025-12-10 05:59:41.283054,2025-12-10 07:45:47.938916,12,13,106.11093103333333
3177,2025-12-10 08:17:49.100804,2025-12-10 08:17:49.100804,1,1,0.0
3178,2025-12-10 09:45:29.059477,2025-12-10 10:45:48.573104,12,7,60.32522711666666
3179,2025-12-10 11:16:25.379448,2025-12-10 11:17:49.945588,12,1,1.4094356666666668
3180,2025-12-10 12:16:25.163752,2025-12-10 14:47:56.738314,12,87,151.52624269999998
3181,2025-12-10 15:03:57.535358,2025-12-10 15:03:57.535358,1,1,0.0
3182,2025-12-10 16:19:38.616453,2025-12-10 16:20:35.072808,12,3,0.94093925
3183,2025-12-10 17:16:35.933121,2025-12-10 18:47:58.782684,12,99,91.38082605
3184,2025-12-10 19:16:34.314549,2025-12-10 20:11:57.683473,12,3,55.389482066666666
3185,2025-12-10 21:16:32.784138,2025-12-10 23:20:11.730164,12,19,123.64910043333333
3186,2025-12-11 00:04:11.796760,2025-12-11 00:24:11.711153,11,1,19.998573216666667
3187,2025-12-11 03:36:14.295453,2025-12-11 04:00:14.530822,12,1,24.003922816666666
3188,2025-12-11 04:23:56.198646,2025-12-11 04:23:56.198646,1,1,0.0
3189,2025-12-11 05:24:14.641841,2025-12-11 06:05:56.435295,11,3,41.69655756666667
3190,2025-12-11 06:47:56.166121,2025-12-11 06:47:56.166121,1,1,0.0
3191,2025-12-11 08:35:56.756403,2025-12-11 08:53:56.002112,1,3,17.987428483333336
3192,2025-12-11 09:16:14.903890,2025-12-11 09:25:56.279611,12,8,9.68959535
3193,2025-12-11 10:05:56.100207,2025-12-11 11:15:56.409858,1,18,70.00516085
3194,2025-12-11 12:01:57.061799,2025-12-11 12:21:56.653465,1,3,19.993194433333333
3195,2025-12-11 13:21:56.291634,2025-12-11 13:23:56.637758,1,2,2.0057687333333334
3196,2025-12-11 13:39:56.867790,2025-12-11 13:39:56.867790,1,1,0.0
3197,2025-12-11 13:55:56.351743,2025-12-11 14:34:09.779046,12,42,38.223788383333336
3198,2025-12-11 15:12:57.801667,2025-12-11 15:34:38.819929,12,6,21.683637700000002
3199,2025-12-11 15:53:33.047968,2025-12-11 17:18:57.590501,12,33,85.40904221666666
3200,2025-12-11 17:37:06.118905,2025-12-11 17:55:06.103219,11,1,17.999738566666668
3201,2025-12-11 18:15:06.282453,2025-12-11 19:13:07.603138,12,6,58.02201141666667
3202,2025-12-11 19:37:27.287379,2025-12-11 21:01:09.647838,12,9,83.70600765
3203,2025-12-11 21:25:08.700041,2025-12-11 22:43:50.101910,12,14,78.69003115000001
3204,2025-12-12 02:16:25.843327,2025-12-12 02:17:52.376579,12,3,1.4422208666666667
3205,2025-12-12 03:43:49.305387,2025-12-12 05:13:51.366980,12,11,90.03435988333334
3206,2025-12-12 05:33:31.151378,2025-12-12 05:51:50.689807,12,2,18.325640483333334
3207,2025-12-12 06:15:50.041809,2025-12-12 06:15:50.041809,1,1,0.0
3208,2025-12-12 06:53:50.187088,2025-12-12 06:53:50.187088,1,1,0.0
3209,2025-12-12 07:31:50.271738,2025-12-12 08:37:49.911282,12,5,65.9939924
3210,2025-12-12 09:16:27.992223,2025-12-12 09:39:50.175390,12,13,23.369719449999998
3211,2025-12-12 10:00:27.399130,2025-12-13 00:16:38.047112,12,317,856.1774663666667
3212,2025-12-13 05:08:02.194387,2025-12-13 05:08:02.194387,1,1,0.0
3213,2025-12-13 06:16:38.601871,2025-12-13 06:40:02.186968,12,20,23.39308495
3214,2025-12-13 06:56:02.007674,2025-12-13 07:04:02.191790,6,1,8.0030686
3215,2025-12-13 07:41:43.647307,2025-12-13 08:44:02.268338,12,8,62.31035051666667
3216,2025-12-13 09:08:03.231463,2025-12-13 10:56:02.853901,12,8,107.99370730000001
3217,2025-12-13 11:11:43.911144,2025-12-13 12:56:02.699381,12,12,104.31313728333333
3218,2025-12-13 13:44:02.975958,2025-12-13 13:44:02.975958,1,1,0.0
3219,2025-12-13 14:02:04.045663,2025-12-13 18:18:04.562328,12,18,256.00861108333334
3220,2025-12-13 18:33:44.582192,2025-12-13 20:11:56.712598,12,9,98.20217343333334
3221,2025-12-13 20:34:50.527359,2025-12-13 20:36:15.513858,8,1,1.4164416499999999
3222,2025-12-13 20:59:56.828221,2025-12-13 21:56:15.612933,12,7,56.31307853333333
3223,2025-12-13 22:16:15.864638,2025-12-13 22:17:57.408435,12,10,1.6923966166666666
3224,2025-12-13 22:46:14.477015,2025-12-13 23:42:14.484965,12,4,56.0001325
3225,2025-12-14 05:06:23.518513,2025-12-14 06:46:23.459884,12,9,99.99902285
3226,2025-12-14 07:34:24.589745,2025-12-14 10:20:05.083021,12,14,165.6748879333333
3227,2025-12-14 10:40:23.940126,2025-12-14 11:26:26.116685,12,6,46.03627598333333
3228,2025-12-14 11:58:23.245503,2025-12-14 12:00:23.753554,12,1,2.008467516666667
3229,2025-12-14 14:16:24.219546,2025-12-14 19:02:25.565542,12,186,286.02243326666667
3230,2025-12-14 20:14:26.026690,2025-12-14 21:52:25.639849,12,43,97.99355265000001
3231,2025-12-14 22:14:25.896590,2025-12-14 22:14:25.896590,1,1,0.0
3232,2025-12-14 22:40:30.767421,2025-12-15 00:00:30.664513,12,4,79.99828486666667
3233,2025-12-15 02:10:30.699440,2025-12-15 02:10:30.699440,1,1,0.0
3234,2025-12-15 03:04:30.229566,2025-12-15 03:22:30.297304,9,1,18.001128966666666
3235,2025-12-15 04:24:30.113243,2025-12-15 05:02:31.765196,12,3,38.027532550000004
3236,2025-12-15 05:48:31.242864,2025-12-15 10:38:12.557071,12,47,289.68857011666665
3237,2025-12-15 10:54:31.272867,2025-12-15 12:17:11.612164,12,8,82.67232161666668
3238,2025-12-15 13:10:31.642622,2025-12-15 13:10:31.642622,1,1,0.0
3239,2025-12-15 13:46:31.232514,2025-12-15 18:31:38.299497,12,56,285.11778305
3240,2025-12-15 19:03:38.209970,2025-12-15 19:35:59.271380,11,7,32.351023500000004
3241,2025-12-15 19:56:17.280513,2025-12-15 22:54:33.064497,12,29,178.26306639999999
3242,2025-12-15 23:26:32.517078,2025-12-15 23:58:32.748504,12,4,32.0038571
3243,2025-12-16 01:16:26.743158,2025-12-16 01:17:33.434446,12,6,1.1115214666666666
3244,2025-12-16 04:32:18.420363,2025-12-16 04:50:37.498625,11,2,18.317971033333333
3245,2025-12-16 05:22:18.868705,2025-12-16 05:46:37.976098,12,3,24.31845655
3246,2025-12-16 06:54:37.755228,2025-12-16 09:05:14.129857,12,17,130.60624381666668
3247,2025-12-16 09:29:07.495719,2025-12-16 13:03:48.627803,12,77,214.68553473333336
3248,2025-12-16 13:29:47.383492,2025-12-16 14:57:29.299142,12,26,87.69859416666667
3249,2025-12-16 15:15:29.941893,2025-12-16 16:58:08.259729,12,11,102.6386306
3250,2025-12-16 17:29:51.668832,2025-12-16 18:08:08.410768,12,8,38.27903226666667
3251,2025-12-16 18:28:08.221424,2025-12-16 18:59:54.981194,10,4,31.7793295
3252,2025-12-16 19:16:36.534174,2025-12-16 22:16:41.993680,12,41,180.09099176666666
3253,2025-12-16 22:34:55.579150,2025-12-16 22:34:55.579150,1,1,0.0
3254,2025-12-16 23:04:55.646287,2025-12-16 23:18:55.992166,1,3,14.00576465
3255,2025-12-16 23:38:56.489286,2025-12-16 23:48:55.954047,1,2,9.99107935
3256,2025-12-17 00:36:55.245573,2025-12-17 00:44:55.565770,1,2,8.005336616666666
3257,2025-12-17 05:04:57.217209,2025-12-17 05:14:57.361453,7,1,10.002404066666665
3258,2025-12-17 06:04:58.122518,2025-12-17 06:17:37.100172,12,2,12.649627566666668
3259,2025-12-17 07:22:59.997185,2025-12-17 07:37:00.103866,12,2,14.001778016666666
3260,2025-12-17 08:16:41.790159,2025-12-17 10:25:00.241781,12,134,128.30752703333332
3261,2025-12-17 10:42:41.007696,2025-12-17 11:39:08.847227,12,6,56.46399218333333
3262,2025-12-17 12:42:55.339462,2025-12-17 13:01:15.446801,11,1,18.335122316666666
3263,2025-12-17 13:35:14.273444,2025-12-17 14:33:14.081611,12,7,57.99680278333334
3264,2025-12-17 14:55:14.407699,2025-12-17 15:25:14.024322,12,1,29.99361038333333
3265,2025-12-17 15:41:14.034720,2025-12-17 17:11:23.236449,12,9,90.15336215
3266,2025-12-17 17:35:25.561449,2025-12-17 19:17:32.447764,12,20,102.11477191666667
3267,2025-12-17 20:05:29.547894,2025-12-17 21:05:29.007149,12,4,59.990987583333336
3268,2025-12-17 21:21:28.834588,2025-12-17 22:39:33.303387,11,12,78.07447998333333
3269,2025-12-17 23:07:51.108908,2025-12-17 23:33:51.684817,10,2,26.00959848333333
3270,2025-12-18 00:39:33.214880,2025-12-18 00:53:51.077316,9,1,14.297707266666666
3271,2025-12-18 04:17:53.775723,2025-12-18 04:17:53.775723,1,1,0.0
3272,2025-12-18 05:16:30.080730,2025-12-18 05:17:55.251391,10,2,1.4195110166666667
3273,2025-12-18 06:27:53.621478,2025-12-18 06:27:53.621478,1,1,0.0
3274,2025-12-18 06:53:53.947009,2025-12-18 06:53:53.947009,1,1,0.0
3275,2025-12-18 08:47:53.652485,2025-12-18 08:47:53.652485,1,1,0.0
3276,2025-12-18 09:16:30.852369,2025-12-18 09:52:13.026836,12,50,35.70290778333333
3277,2025-12-18 10:11:53.360098,2025-12-18 11:48:17.694795,12,35,96.40557828333334
3278,2025-12-18 12:10:17.649734,2025-12-18 12:32:24.518667,12,1,22.114482216666666
3279,2025-12-18 13:00:05.345354,2025-12-18 16:46:24.810107,12,55,226.32441255
3280,2025-12-18 17:16:26.856489,2025-12-18 17:18:08.749082,12,6,1.6982098833333334
3281,2025-12-18 18:16:25.045579,2025-12-18 20:00:29.278745,12,54,104.07055276666667
3282,2025-12-18 20:16:10.302830,2025-12-18 20:34:28.428263,12,4,18.30209055
3283,2025-12-18 21:08:28.180364,2025-12-18 21:10:10.738049,11,1,1.7092947500000002
3284,2025-12-18 21:26:27.879824,2025-12-18 22:15:03.937413,12,5,48.600959816666666
3285,2025-12-18 22:50:10.566604,2025-12-19 01:02:18.135474,12,18,132.12614783333333
3286,2025-12-19 03:54:39.569326,2025-12-19 07:36:45.304178,12,35,222.09558086666667
3287,2025-12-19 07:52:44.311703,2025-12-19 11:02:47.009866,12,25,190.04496938333332
3288,2025-12-19 11:20:28.223786,2025-12-19 12:02:46.607034,12,3,42.30638746666667
3289,2025-12-19 12:30:46.483046,2025-12-19 12:49:04.489202,11,1,18.3001026
3290,2025-12-19 13:16:45.421164,2025-12-19 13:17:41.633556,12,14,0.9368732000000001
3291,2025-12-19 14:46:47.425601,2025-12-19 14:47:05.928108,2,1,0.30837511666666667
3292,2025-12-19 15:27:05.968825,2025-12-19 17:07:06.930482,12,11,100.01602761666666
3293,2025-12-19 17:36:48.637312,2025-12-19 18:19:06.027389,12,5,42.28983461666667
3294,2025-12-19 19:16:47.914443,2025-12-19 21:27:05.594166,12,55,130.29466205
3295,2025-12-19 22:01:06.848287,2025-12-19 22:31:21.270694,12,46,30.24037345
3296,2025-12-19 23:05:02.860793,2025-12-20 00:15:21.149167,12,5,70.30480623333332
3297,2025-12-20 00:35:20.764126,2025-12-20 00:57:21.275622,11,2,22.008524933333334
3298,2025-12-20 01:35:20.524264,2025-12-20 01:59:02.462734,11,2,23.698974500000002
3299,2025-12-20 04:59:27.376733,2025-12-20 05:09:27.554861,8,1,10.0029688
3300,2025-12-20 05:45:09.416765,2025-12-20 05:46:03.543522,12,1,0.9021126166666666
3301,2025-12-20 06:13:09.552048,2025-12-20 12:49:28.030369,12,80,396.30797201666667
3302,2025-12-20 13:15:09.648564,2025-12-20 17:03:27.977460,12,63,228.3054816
3303,2025-12-20 17:21:28.206764,2025-12-20 22:41:22.997629,12,47,319.9131810833333
3304,2025-12-20 23:51:40.337871,2025-12-21 00:13:49.077947,11,1,22.145667933333335
3305,2025-12-21 00:37:48.416262,2025-12-21 00:55:48.650231,10,1,18.00389948333333
3306,2025-12-21 04:13:58.200633,2025-12-21 04:14:33.251026,9,1,0.5841732166666667
3307,2025-12-21 04:49:57.975908,2025-12-21 07:39:58.971985,12,31,170.01660128333333
3308,2025-12-21 08:03:59.135329,2025-12-21 08:31:58.986519,12,3,27.997519833333335
3309,2025-12-21 08:59:58.622776,2025-12-21 09:25:59.147690,9,1,26.008748566666668
3310,2025-12-21 09:43:59.241928,2025-12-21 17:32:04.864232,12,63,468.0937050666667
3311,2025-12-21 18:06:04.800471,2025-12-21 18:40:04.605382,12,2,33.99674851666666
3312,2025-12-21 18:56:04.161792,2025-12-21 19:16:06.473877,10,1,20.03853475
3313,2025-12-21 20:54:04.068143,2025-12-21 21:56:04.217686,12,3,62.00249238333333
3314,2025-12-21 22:52:04.155649,2025-12-21 23:29:45.449262,12,2,37.68822688333333
3315,2025-12-22 05:16:05.899859,2025-12-22 05:46:04.306744,12,3,29.973448083333334
3316,2025-12-22 06:14:04.298098,2025-12-22 08:30:11.519519,12,14,136.12035701666667
3317,2025-12-22 09:16:11.456340,2025-12-22 12:22:14.612240,12,23,186.05259833333332
3318,2025-12-22 13:00:51.847714,2025-12-22 13:36:15.135100,11,5,35.3881231
3319,2025-12-22 13:54:49.968689,2025-12-22 15:50:15.146662,12,39,115.41963288333334
3320,2025-12-22 16:14:15.127120,2025-12-22 16:28:14.667752,10,1,13.992343866666666
3321,2025-12-22 17:02:16.496206,2025-12-22 18:01:57.297535,12,5,59.68002215
3322,2025-12-22 18:20:14.861807,2025-12-22 20:20:15.062451,12,12,120.00334406666666
3323,2025-12-22 21:10:49.556606,2025-12-22 22:14:14.477153,12,4,63.415342450000004
3324,2025-12-23 00:16:13.860044,2025-12-23 00:18:14.892202,11,2,2.017202633333333
3325,2025-12-23 04:17:56.330322,2025-12-23 04:48:14.946440,11,3,30.310268633333333
3326,2025-12-23 05:11:56.623477,2025-12-23 06:32:15.129091,12,6,80.3084269
3327,2025-12-23 06:47:56.490696,2025-12-23 09:38:14.826601,12,20,170.30559841666667
3328,2025-12-23 09:56:50.153964,2025-12-23 10:20:14.978309,9,3,23.413739083333333
3329,2025-12-23 10:44:14.917134,2025-12-23 12:48:14.926413,12,14,124.00015465
3330,2025-12-23 13:04:14.752932,2025-12-23 13:24:14.824763,12,2,20.001197183333332
3331,2025-12-23 13:54:14.923824,2025-12-23 19:42:15.869019,12,121,348.01575325
3332,2025-12-23 20:18:15.783279,2025-12-23 20:32:15.110321,10,2,13.988784033333333
3333,2025-12-23 21:06:15.740527,2025-12-23 21:20:15.622612,11,1,13.998034749999999
3334,2025-12-23 21:42:14.827824,2025-12-23 22:10:15.139543,12,3,28.00519531666667
3335,2025-12-23 22:30:15.262436,2025-12-23 22:48:15.641743,10,1,18.00632178333333
3336,2025-12-23 23:25:57.148206,2025-12-24 00:15:57.438138,12,6,50.0048322
3337,2025-12-24 04:36:15.184232,2025-12-24 04:56:15.749815,11,1,20.009426383333334
3338,2025-12-24 05:48:15.499398,2025-12-24 07:14:15.563857,12,8,86.00107431666667
3339,2025-12-24 08:58:15.859338,2025-12-24 10:14:15.939401,12,8,76.00133438333334
3340,2025-12-24 11:08:16.511436,2025-12-24 12:18:17.182337,12,10,70.01118168333333
3341,2025-12-24 12:37:58.840287,2025-12-24 20:22:16.827816,12,63,464.29979215000003
3342,2025-12-24 20:42:25.344857,2025-12-24 21:19:59.029319,12,2,37.561407700000004
3343,2025-12-24 22:50:16.504859,2025-12-24 23:31:58.279827,12,4,41.69624946666667
3344,2025-12-25 04:58:16.436455,2025-12-25 04:58:16.535803,2,1,0.0016558
3345,2025-12-25 05:48:16.594332,2025-12-25 06:00:16.982767,7,1,12.006473916666666
3346,2025-12-25 06:18:16.832274,2025-12-25 06:56:16.933440,12,2,38.0016861
3347,2025-12-25 08:30:16.216418,2025-12-25 10:46:17.623318,12,8,136.02344833333333
3348,2025-12-25 11:18:21.289614,2025-12-25 12:54:17.530713,12,5,95.93735165
3349,2025-12-25 13:13:59.279453,2025-12-25 15:14:17.396726,12,9,120.30195454999999
3350,2025-12-25 15:44:18.619163,2025-12-25 16:08:19.077199,12,5,24.007633933333334
3351,2025-12-25 16:24:18.221969,2025-12-25 17:24:18.429513,12,6,60.003459066666665
3352,2025-12-25 17:48:18.045841,2025-12-25 17:52:18.671761,4,1,4.010432
3353,2025-12-25 18:38:18.841873,2025-12-25 19:56:18.987335,12,7,78.00242436666667
3354,2025-12-25 20:12:18.884147,2025-12-25 20:12:18.884147,1,1,0.0
3355,2025-12-25 20:28:18.745486,2025-12-25 22:19:44.083562,12,65,111.42230126666666
3356,2025-12-25 22:44:50.602634,2025-12-25 22:57:08.725834,10,1,12.302053333333333
3357,2025-12-26 00:04:50.713415,2025-12-26 00:17:09.638286,2,1,12.315414516666667
3358,2025-12-26 00:51:08.197200,2025-12-26 00:51:08.197200,1,1,0.0
3359,2025-12-26 01:28:50.709631,2025-12-26 01:43:08.929944,10,1,14.303671883333333
3360,2025-12-26 04:15:08.317239,2025-12-26 04:32:50.571349,11,1,17.704235166666667
3361,2025-12-26 06:03:10.427037,2025-12-26 06:33:10.247504,12,2,29.997007783333334
3362,2025-12-26 06:57:10.416338,2025-12-26 07:17:10.877549,12,1,20.007686850000002
3363,2025-12-26 07:32:52.335990,2025-12-26 09:11:11.110363,12,8,98.31290621666668
3364,2025-12-26 11:03:15.949858,2025-12-26 12:29:16.955533,12,5,86.01676125
3365,2025-12-26 13:11:15.900520,2025-12-26 17:29:15.939452,12,28,258.00064886666667
3366,2025-12-26 17:45:15.944588,2025-12-26 18:25:15.480193,12,5,39.992260083333335
3367,2025-12-26 18:57:16.044207,2025-12-26 21:13:15.447964,12,13,135.99006261666668
3368,2025-12-27 00:33:17.100258,2025-12-27 00:33:17.100258,1,1,0.0
3369,2025-12-27 07:50:59.940526,2025-12-27 08:23:18.115023,12,2,32.30290828333333
3370,2025-12-27 08:49:17.793456,2025-12-27 08:50:59.996375,11,1,1.7033819833333332
3371,2025-12-27 10:49:18.339495,2025-12-27 11:59:22.022694,12,6,70.06138665
3372,2025-12-27 14:21:21.366753,2025-12-27 14:47:21.695768,11,2,26.005483583333334
3373,2025-12-27 15:49:03.199961,2025-12-27 18:55:21.396212,12,45,186.30327085
3374,2025-12-27 19:19:25.247687,2025-12-27 20:57:25.211669,12,7,97.9993997
3375,2025-12-27 21:15:25.215375,2025-12-27 21:15:25.215375,1,1,0.0
3376,2025-12-27 21:35:25.530268,2025-12-27 22:15:25.245210,12,3,39.99524903333334
3377,2025-12-27 23:11:27.479466,2025-12-27 23:59:24.504950,12,3,47.95042473333333
3378,2025-12-28 01:35:24.348318,2025-12-28 01:41:24.275300,5,1,5.998783033333334
3379,2025-12-28 03:45:27.750523,2025-12-28 03:59:27.191994,10,2,13.990691183333333
3380,2025-12-28 04:21:27.766359,2025-12-28 04:21:27.766359,1,1,0.0
3381,2025-12-28 04:43:27.468363,2025-12-28 05:07:27.323577,11,1,23.997586899999998
3382,2025-12-28 05:37:27.432389,2025-12-28 05:37:27.432389,1,1,0.0
3383,2025-12-28 06:47:28.032029,2025-12-28 06:47:28.032029,1,1,0.0
3384,2025-12-28 07:09:15.268334,2025-12-28 07:23:34.061697,11,2,14.313222716666667
3385,2025-12-28 08:39:38.852586,2025-12-28 08:55:38.939992,11,1,16.001456766666667
3386,2025-12-28 09:21:38.810082,2025-12-28 09:21:38.810082,1,1,0.0
3387,2025-12-28 09:41:38.666978,2025-12-28 09:41:38.666978,1,1,0.0
3388,2025-12-28 10:25:53.548416,2025-12-28 10:25:53.548416,1,1,0.0
3389,2025-12-28 11:19:54.229829,2025-12-28 11:57:53.425965,12,2,37.986602266666665
3390,2025-12-28 12:41:53.776768,2025-12-28 12:53:35.341444,8,1,11.6927446
3391,2025-12-28 13:11:53.464263,2025-12-28 13:23:53.913632,9,1,12.007489483333334
3392,2025-12-28 13:51:53.966503,2025-12-28 19:14:00.145481,12,50,322.1029829666667
3393,2025-12-28 19:38:00.193600,2025-12-28 21:15:17.978443,12,9,97.29641405000001
3394,2025-12-28 21:37:18.055810,2025-12-28 21:37:18.177918,2,1,0.0020351333333333333
3395,2025-12-28 22:01:18.686175,2025-12-28 22:23:17.772231,12,3,21.9847676
3396,2025-12-28 22:47:52.446883,2025-12-28 23:31:17.311191,12,3,43.41440513333334
3397,2025-12-28 23:51:52.513874,2025-12-29 00:11:17.933041,11,1,19.423652783333335
3398,2025-12-29 00:43:17.105033,2025-12-29 00:51:17.063122,7,1,7.9993014833333325
3399,2025-12-29 04:06:59.510962,2025-12-29 04:13:18.182711,6,2,6.311195816666666
3400,2025-12-29 05:04:59.908035,2025-12-29 06:23:19.068302,12,23,78.31933778333334
3401,2025-12-29 06:47:18.658260,2025-12-29 07:15:18.800065,11,2,28.002363416666665
3402,2025-12-29 07:35:18.368017,2025-12-29 07:37:18.336452,2,1,1.9994739166666666
3403,2025-12-29 07:59:19.223236,2025-12-29 07:59:19.223236,1,1,0.0
3404,2025-12-29 08:16:59.936602,2025-12-29 09:00:25.784505,12,36,43.43079838333333
3405,2025-12-29 09:18:24.927083,2025-12-29 10:46:27.335946,12,13,88.04014771666667
3406,2025-12-29 11:14:27.951996,2025-12-29 17:02:33.985663,12,63,348.10056111666665
3407,2025-12-29 17:30:33.044741,2025-12-29 17:32:32.811263,2,1,1.9961087
3408,2025-12-29 17:48:32.763654,2025-12-29 20:14:38.937996,12,23,146.1029057
3409,2025-12-29 21:56:21.186377,2025-12-29 22:22:20.550548,12,2,25.989402849999998
3410,2025-12-29 22:50:38.701719,2025-12-29 23:26:21.093810,12,1,35.706534850000004
3411,2025-12-29 23:46:38.555759,2025-12-30 00:08:37.953364,12,1,21.989960083333337
3412,2025-12-30 02:14:38.258851,2025-12-30 02:28:38.212052,11,1,13.999220016666667
3413,2025-12-30 03:16:38.991381,2025-12-30 03:24:38.758762,2,1,7.996123016666667
3414,2025-12-30 04:06:20.627728,2025-12-30 05:14:38.783679,12,4,68.30259918333333
3415,2025-12-30 05:38:39.202264,2025-12-30 10:18:39.376126,12,126,280.0028977
3416,2025-12-30 10:34:39.358788,2025-12-30 15:56:43.627818,12,63,322.0711505
3417,2025-12-30 16:30:44.566219,2025-12-30 20:10:43.317252,12,40,219.97918388333335
3418,2025-12-30 20:28:43.096219,2025-12-30 20:44:43.200351,8,3,16.001735533333335
3419,2025-12-30 21:06:43.624884,2025-12-30 22:20:49.845315,12,69,74.10367384999999
3420,2025-12-30 22:42:50.153717,2025-12-30 22:42:50.153717,1,1,0.0
3421,2025-12-31 04:48:50.327739,2025-12-31 05:04:50.381537,11,3,16.000896633333333
3422,2025-12-31 06:02:50.078608,2025-12-31 08:17:26.116314,12,19,134.60062843333333
3423,2025-12-31 09:34:50.942119,2025-12-31 11:15:25.942322,12,24,100.58333671666666
3424,2025-12-31 11:44:50.172225,2025-12-31 12:46:50.239331,12,3,62.00111843333333
3425,2025-12-31 13:03:25.562572,2025-12-31 13:26:39.319408,12,4,23.2292806
3426,2025-12-31 14:22:56.889332,2025-12-31 15:18:57.748845,12,6,56.01432521666666
3427,2025-12-31 16:38:57.515993,2025-12-31 19:08:57.305167,12,39,149.99648623333331
3428,2025-12-31 19:54:57.206612,2025-12-31 20:48:57.959501,12,33,54.01254815
3429,2025-12-31 22:53:06.515997,2025-12-31 23:12:48.102079,11,1,19.693101366666667
3430,2026-01-01 04:16:55.676068,2026-01-01 04:17:57.737055,12,1,1.0343497833333333
