event_id,stop_id,richtung,t0,n_trips,t0_date,peak_t0,terzil,dauer_min,station_name,stunde
0,8000262,Ost,2025-01-05 15:17:56.152977+00:00,6,2025-01-05,367.5,hoch,0.00077825,Ostbahnhof,15
2,8000262,Ost,2025-01-07 08:17:56.798062+00:00,12,2025-01-07,-290.0,niedrig,11.981390383333332,Ostbahnhof,8
5,8000262,Ost,2025-01-09 19:31:31.984338+00:00,3,2025-01-09,23.333333333333314,mittel,22.01775705,Ostbahnhof,19
7,8000262,Ost,2025-01-10 05:39:32.293257+00:00,4,2025-01-10,380.0,hoch,42.01464491666666,Ostbahnhof,5
11,8000262,Ost,2025-01-13 18:13:38.197224+00:00,15,2025-01-13,,,0.00018460000000000001,Ostbahnhof,18
12,8000262,Ost,2025-01-15 05:08:04.766866+00:00,4,2025-01-15,1006.6666666666666,hoch,1.8314845,Ostbahnhof,5
15,8000262,Ost,2025-01-21 06:33:26.366993+00:00,10,2025-01-21,-46.25,niedrig,101.99076406666667,Ostbahnhof,6
25,8000262,Ost,2025-01-24 22:27:25.444150+00:00,4,2025-01-24,803.5714285714286,hoch,27.990544716666665,Ostbahnhof,22
27,8000262,Ost,2025-01-28 00:03:49.160376+00:00,3,2025-01-28,180.0,hoch,33.99262808333334,Ostbahnhof,0
30,8000262,Ost,2025-02-04 09:17:02.965997+00:00,9,2025-02-04,-171.11111111111111,niedrig,0.0011880833333333333,Ostbahnhof,9
33,8000262,Ost,2025-02-07 13:53:02.099791+00:00,3,2025-02-07,69.44444444444446,mittel,16.002957249999998,Ostbahnhof,13
34,8000262,Ost,2025-02-08 05:33:00.858264+00:00,3,2025-02-08,1345.0,hoch,1.9968103,Ostbahnhof,5
39,8000262,Ost,2025-02-12 10:17:03.565108+00:00,15,2025-02-12,681.0,hoch,0.0052417,Ostbahnhof,10
40,8000262,Ost,2025-02-13 04:41:01.895306+00:00,3,2025-02-13,833.3333333333334,hoch,12.00341705,Ostbahnhof,4
47,8000262,Ost,2025-02-14 22:17:57.187093+00:00,127,2025-02-14,-137.77777777777777,niedrig,120.26428564999999,Ostbahnhof,22
52,8000262,Ost,2025-02-18 21:16:13.252596+00:00,3,2025-02-18,-52.5,niedrig,1.5216666666666666e-05,Ostbahnhof,21
53,8000262,Ost,2025-02-19 05:00:13.703587+00:00,45,2025-02-19,-268.125,niedrig,216.00635488333333,Ostbahnhof,5
55,8000262,Ost,2025-02-20 15:16:14.374036+00:00,8,2025-02-20,232.0,hoch,3.9986139,Ostbahnhof,15
56,8000262,Ost,2025-02-23 12:10:13.657168+00:00,4,2025-02-23,-108.0,niedrig,16.002560183333333,Ostbahnhof,12
63,8000262,Ost,2025-03-04 14:06:41.226569+00:00,3,2025-03-04,-7.5,mittel,17.999171,Ostbahnhof,14
64,8000262,Ost,2025-03-05 08:16:42.335748+00:00,15,2025-03-05,2.0,mittel,7.09e-05,Ostbahnhof,8
68,8000262,Ost,2025-03-06 11:45:15.282641+00:00,5,2025-03-06,-132.5,niedrig,40.01020033333334,Ostbahnhof,11
74,8000262,Ost,2025-03-14 06:23:23.669193+00:00,4,2025-03-14,-180.0,niedrig,4.0012981666666665,Ostbahnhof,6
78,8000262,Ost,2025-03-17 09:01:23.967224+00:00,9,2025-03-17,-56.5,niedrig,2.965e-05,Ostbahnhof,9
86,8000262,Ost,2025-03-24 09:13:23.421329+00:00,4,2025-03-24,122.5,mittel,9.165032583333334,Ostbahnhof,9
88,8000262,Ost,2025-03-25 13:18:06.050384+00:00,7,2025-03-25,-233.33333333333331,niedrig,27.57162023333333,Ostbahnhof,13
92,8000262,Ost,2025-04-02 17:16:22.962001+00:00,6,2025-04-02,-87.22222222222223,niedrig,5.9647057666666665,Ostbahnhof,17
96,8000262,Ost,2025-04-15 06:45:21.667919+00:00,4,2025-04-15,127.22222222222223,mittel,2.0275603666666666,Ostbahnhof,6
99,8000262,Ost,2025-04-16 16:50:29.265036+00:00,3,2025-04-16,195.625,hoch,0.017780149999999998,Ostbahnhof,16
102,8000262,Ost,2025-04-17 14:16:22.290889+00:00,5,2025-04-17,,,0.035500949999999996,Ostbahnhof,14
103,8000262,Ost,2025-04-20 08:09:43.277823+00:00,10,2025-04-20,71.42857142857143,mittel,61.89564311666666,Ostbahnhof,8
104,8000262,Ost,2025-04-22 12:59:46.691528+00:00,45,2025-04-22,105.0,mittel,120.092961,Ostbahnhof,12
105,8000262,Ost,2025-04-22 21:17:22.727174+00:00,4,2025-04-22,,,0.0121604,Ostbahnhof,21
107,8000262,Ost,2025-04-26 06:48:30.713652+00:00,4,2025-04-26,-68.33333333333334,niedrig,13.906995016666666,Ostbahnhof,6
108,8000262,Ost,2025-04-27 06:16:39.669250+00:00,13,2025-04-27,-6.25,mittel,0.8620131833333333,Ostbahnhof,6
109,8000262,Ost,2025-04-27 16:05:49.080689+00:00,3,2025-04-27,29.5,mittel,14.911212466666665,Ostbahnhof,16
111,8000262,Ost,2025-04-27 22:27:05.802979+00:00,24,2025-04-27,328.75,hoch,89.01241306666667,Ostbahnhof,22
112,8000262,Ost,2025-04-28 13:17:37.745368+00:00,4,2025-04-28,,,5.73953745,Ostbahnhof,13
114,8000262,Ost,2025-04-29 08:02:47.596481+00:00,24,2025-04-29,,,72.94840138333333,Ostbahnhof,8
115,8000262,Ost,2025-04-29 21:17:19.798601+00:00,3,2025-04-29,-138.88888888888889,niedrig,0.11781495,Ostbahnhof,21
117,8000262,Ost,2025-05-01 11:04:03.575012+00:00,6,2025-05-01,-47.14285714285714,niedrig,58.184870616666664,Ostbahnhof,11
119,8000262,Ost,2025-05-02 13:43:20.666444+00:00,4,2025-05-02,-22.0,mittel,62.18983386666666,Ostbahnhof,13
120,8000262,Ost,2025-05-02 20:07:59.013980+00:00,36,2025-05-02,759.0,hoch,67.55133306666667,Ostbahnhof,20
121,8000262,Ost,2025-05-04 12:25:49.372033+00:00,134,2025-05-04,,,358.98548423333335,Ostbahnhof,12
123,8000262,Ost,2025-05-05 16:29:11.201883+00:00,3,2025-05-05,-9.333333333333314,mittel,17.772759933333337,Ostbahnhof,16
124,8000262,Ost,2025-05-08 10:19:04.519063+00:00,5,2025-05-08,-103.33333333333334,niedrig,0.00969005,Ostbahnhof,10
125,8000262,Ost,2025-05-09 03:36:24.494049+00:00,51,2025-05-09,80.0,mittel,172.28494861666667,Ostbahnhof,3
127,8000262,Ost,2025-05-15 12:17:06.565401+00:00,4,2025-05-15,334.44444444444446,hoch,0.8296016833333333,Ostbahnhof,12
130,8000262,Ost,2025-05-21 16:11:29.046932+00:00,18,2025-05-21,-283.33333333333337,niedrig,32.83082726666667,Ostbahnhof,16
131,8000262,Ost,2025-05-22 10:04:04.191899+00:00,5,2025-05-22,-67.77777777777777,niedrig,66.46420568333333,Ostbahnhof,10
133,8000262,Ost,2025-05-24 10:17:36.756599+00:00,41,2025-05-24,36.25,mittel,50.12488543333333,Ostbahnhof,10
141,8000262,Ost,2025-05-31 17:20:17.812485+00:00,5,2025-05-31,742.8571428571429,hoch,11.801112283333334,Ostbahnhof,17
142,8000262,Ost,2025-06-03 04:08:33.760390+00:00,9,2025-06-03,-56.66666666666666,niedrig,58.53086811666667,Ostbahnhof,4
148,8000262,Ost,2025-06-16 05:01:57.858391+00:00,4,2025-06-16,441.1111111111111,hoch,21.058776416666667,Ostbahnhof,5
152,8000262,Ost,2025-06-18 22:46:00.728639+00:00,5,2025-06-18,200.0,hoch,19.1285262,Ostbahnhof,22
160,8000262,Ost,2025-06-19 20:37:09.150726+00:00,17,2025-06-19,2013.75,hoch,49.05866195,Ostbahnhof,20
165,8000262,Ost,2025-06-20 18:43:09.638911+00:00,8,2025-06-20,490.0,hoch,34.657563366666665,Ostbahnhof,18
166,8000262,Ost,2025-06-21 20:55:47.965847+00:00,4,2025-06-21,650.0,hoch,44.05165736666667,Ostbahnhof,20
170,8000262,Ost,2025-06-24 07:52:20.575115+00:00,33,2025-06-24,761.6666666666667,hoch,72.94776931666667,Ostbahnhof,7
174,8000262,Ost,2025-06-24 20:01:57.766335+00:00,4,2025-06-24,583.5714285714286,hoch,23.134680783333334,Ostbahnhof,20
176,8000262,Ost,2025-06-25 16:17:35.898726+00:00,32,2025-06-25,460.0,hoch,57.72379786666667,Ostbahnhof,16
178,8000262,Ost,2025-06-26 12:11:43.118919+00:00,7,2025-06-26,17.142857142857167,mittel,40.838955166666665,Ostbahnhof,12
179,8000262,Ost,2025-06-27 02:30:40.982056+00:00,11,2025-06-27,,,0.08638231666666667,Ostbahnhof,2
198,8000262,Ost,2025-07-02 07:17:46.648100+00:00,95,2025-07-02,323.3333333333333,hoch,148.90392179999998,Ostbahnhof,7
202,8000262,Ost,2025-07-02 23:17:24.352214+00:00,3,2025-07-02,-516.0,niedrig,0.00042621666666666663,Ostbahnhof,23
204,8000262,Ost,2025-07-03 13:16:31.533227+00:00,3,2025-07-03,-114.375,niedrig,0.007332733333333333,Ostbahnhof,13
208,8000262,Ost,2025-07-05 14:17:04.508399+00:00,10,2025-07-05,243.33333333333334,hoch,41.30683446666667,Ostbahnhof,14
210,8000262,Ost,2025-07-07 05:49:57.087075+00:00,8,2025-07-07,133.5,mittel,48.04246071666667,Ostbahnhof,5
211,8000262,Ost,2025-07-07 13:37:37.827384+00:00,8,2025-07-07,457.77777777777777,hoch,52.61761815,Ostbahnhof,13
213,8000262,Ost,2025-07-08 14:18:08.749963+00:00,26,2025-07-08,384.375,hoch,31.26482348333333,Ostbahnhof,14
216,8000262,Ost,2025-07-08 20:16:15.487216+00:00,6,2025-07-08,478.75,hoch,0.0038729833333333336,Ostbahnhof,20
232,8000262,Ost,2025-07-12 12:50:52.946415+00:00,11,2025-07-12,-50.0,niedrig,118.99259653333334,Ostbahnhof,12
243,8000262,Ost,2025-07-17 17:50:03.571107+00:00,4,2025-07-17,161.1111111111111,hoch,33.04142361666667,Ostbahnhof,17
250,8000262,Ost,2025-07-21 08:11:16.900618+00:00,64,2025-07-21,707.7777777777778,hoch,158.09465096666665,Ostbahnhof,8
252,8000262,Ost,2025-07-21 17:07:06.442873+00:00,10,2025-07-21,-308.8888888888889,niedrig,103.66100461666666,Ostbahnhof,17
253,8000262,Ost,2025-07-23 09:18:10.407447+00:00,7,2025-07-23,,,0.6495111,Ostbahnhof,9
269,8000262,Ost,2025-08-05 09:55:29.624577+00:00,4,2025-08-05,12.0,mittel,5.495771866666667,Ostbahnhof,9
271,8000262,Ost,2025-08-05 21:17:57.038057+00:00,7,2025-08-05,-51.428571428571416,niedrig,3.836125733333333,Ostbahnhof,21
273,8000262,Ost,2025-08-06 07:04:57.318738+00:00,13,2025-08-06,-53.5,niedrig,14.970093850000001,Ostbahnhof,7
275,8000262,Ost,2025-08-07 12:44:16.756217+00:00,4,2025-08-07,-186.0,niedrig,0.11145836666666667,Ostbahnhof,12
279,8000262,Ost,2025-08-11 08:23:06.350434+00:00,4,2025-08-11,-195.55555555555554,niedrig,23.415342333333335,Ostbahnhof,8
281,8000262,Ost,2025-08-12 20:17:53.895045+00:00,9,2025-08-12,-60.0,niedrig,8.0487898,Ostbahnhof,20
283,8000262,Ost,2025-08-13 04:12:59.163648+00:00,11,2025-08-13,102.0,mittel,45.81383231666667,Ostbahnhof,4
285,8000262,Ost,2025-08-15 18:04:32.981934+00:00,4,2025-08-15,-114.0,niedrig,7.67841345,Ostbahnhof,18
286,8000262,Ost,2025-08-16 11:17:28.585789+00:00,18,2025-08-16,-60.0,niedrig,0.35341875,Ostbahnhof,11
287,8000262,Ost,2025-08-18 05:18:30.869237+00:00,41,2025-08-18,438.0,hoch,215.14057295,Ostbahnhof,5
290,8000262,Ost,2025-08-20 21:16:24.097229+00:00,17,2025-08-20,487.5,hoch,46.39642301666667,Ostbahnhof,21
293,8000262,Ost,2025-08-21 13:11:26.747634+00:00,3,2025-08-21,167.0,hoch,9.6118456,Ostbahnhof,13
294,8000262,Ost,2025-08-21 20:09:19.752108+00:00,8,2025-08-21,-61.111111111111114,niedrig,0.013318,Ostbahnhof,20
297,8000262,Ost,2025-08-23 17:40:10.451932+00:00,4,2025-08-23,474.0,hoch,26.754046416666664,Ostbahnhof,17
303,8000262,Ost,2025-09-01 05:30:27.344929+00:00,3,2025-09-01,258.8888888888889,hoch,36.26850721666666,Ostbahnhof,5
310,8000262,Ost,2025-09-06 16:17:05.295323+00:00,6,2025-09-06,-245.0,niedrig,23.29808016666667,Ostbahnhof,16
312,8000262,Ost,2025-09-07 11:51:08.452024+00:00,4,2025-09-07,247.14285714285714,hoch,20.32137315,Ostbahnhof,11
315,8000262,Ost,2025-09-08 08:29:38.237302+00:00,6,2025-09-08,27.0,mittel,70.27662338333333,Ostbahnhof,8
318,8000262,Ost,2025-09-18 14:41:15.724707+00:00,13,2025-09-18,50.0,mittel,26.802101750000002,Ostbahnhof,14
322,8000262,Ost,2025-09-29 20:17:42.316534+00:00,107,2025-09-29,141.11111111111111,mittel,68.25391208333333,Ostbahnhof,20
325,8000262,Ost,2025-10-06 12:17:30.755548+00:00,46,2025-10-06,-142.5,niedrig,42.069959716666666,Ostbahnhof,12
330,8000262,Ost,2025-10-08 08:31:48.462117+00:00,6,2025-10-08,153.0,mittel,66.00207971666667,Ostbahnhof,8
336,8000262,Ost,2025-10-14 10:17:20.888300+00:00,40,2025-10-14,-432.5,niedrig,0.10285433333333334,Ostbahnhof,10
340,8000262,Ost,2025-10-14 20:17:53.826510+00:00,40,2025-10-14,-60.0,niedrig,38.004439866666665,Ostbahnhof,20
342,8000262,Ost,2025-10-15 09:57:14.853335+00:00,156,2025-10-15,797.7777777777778,hoch,88.29769771666666,Ostbahnhof,9
348,8000262,Ost,2025-10-16 15:16:34.461130+00:00,6,2025-10-16,142.22222222222223,mittel,7.9985207,Ostbahnhof,15
353,8000262,Ost,2025-10-18 04:51:38.094696+00:00,4,2025-10-18,1518.0,hoch,25.998497566666668,Ostbahnhof,4
354,8000262,Ost,2025-10-23 05:55:48.532094+00:00,31,2025-10-23,318.0,hoch,86.13863211666667,Ostbahnhof,5
358,8000262,Ost,2025-10-28 19:16:58.623440+00:00,4,2025-10-28,-73.0,niedrig,1.9957088833333332,Ostbahnhof,19
359,8000262,Ost,2025-10-29 13:16:42.926273+00:00,10,2025-10-29,69.0,mittel,24.2115735,Ostbahnhof,13
360,8000262,Ost,2025-11-09 13:21:45.559363+00:00,4,2025-11-09,-66.66666666666666,niedrig,18.005251366666666,Ostbahnhof,13
364,8000262,Ost,2025-11-10 10:16:34.809192+00:00,97,2025-11-10,1492.5,hoch,56.03950783333333,Ostbahnhof,10
367,8000262,Ost,2025-11-10 19:17:02.852305+00:00,150,2025-11-10,-133.33333333333331,niedrig,101.99507555,Ostbahnhof,19
369,8000262,Ost,2025-11-11 09:05:03.184487+00:00,61,2025-11-11,196.42857142857144,hoch,12.072862116666666,Ostbahnhof,9
381,8000262,Ost,2025-11-12 22:01:55.236227+00:00,9,2025-11-12,-200.0,niedrig,16.2877497,Ostbahnhof,22
384,8000262,Ost,2025-11-13 06:14:10.605190+00:00,3,2025-11-13,-271.5,niedrig,0.0032422666666666665,Ostbahnhof,6
385,8000262,Ost,2025-11-13 15:16:18.084714+00:00,36,2025-11-13,-228.75,niedrig,0.31143238333333334,Ostbahnhof,15
393,8000262,Ost,2025-11-16 22:17:17.915567+00:00,9,2025-11-16,-260.625,niedrig,0.0022930000000000003,Ostbahnhof,22
399,8000262,Ost,2025-11-17 23:16:31.080913+00:00,5,2025-11-17,-137.14285714285714,niedrig,1.9937476166666668,Ostbahnhof,23
411,8000262,Ost,2025-11-18 17:46:20.893720+00:00,3,2025-11-18,-281.25,niedrig,36.00627521666667,Ostbahnhof,17
431,8000262,Ost,2025-11-20 10:17:38.450689+00:00,17,2025-11-20,-407.77777777777777,niedrig,20.02116645,Ostbahnhof,10
435,8000262,Ost,2025-11-20 18:21:56.432125+00:00,4,2025-11-20,-244.0,niedrig,37.99433105,Ostbahnhof,18
453,8000262,Ost,2025-11-23 07:42:30.953930+00:00,8,2025-11-23,683.3333333333334,hoch,78.0095512,Ostbahnhof,7
460,8000262,Ost,2025-11-23 19:20:31.220368+00:00,3,2025-11-23,5.0,mittel,23.99209825,Ostbahnhof,19
463,8000262,Ost,2025-11-24 08:16:31.474765+00:00,7,2025-11-24,3177.0,hoch,3.9944280666666665,Ostbahnhof,8
465,8000262,Ost,2025-11-24 19:17:05.268039+00:00,13,2025-11-24,603.3333333333334,hoch,0.06811228333333334,Ostbahnhof,19
466,8000262,Ost,2025-11-26 11:53:48.517254+00:00,8,2025-11-26,537.5,hoch,33.9966826,Ostbahnhof,11
468,8000262,Ost,2025-12-02 06:51:50.463966+00:00,11,2025-12-02,133.75,mittel,82.00158348333333,Ostbahnhof,6
472,8000262,Ost,2025-12-10 07:31:30.393942+00:00,5,2025-12-10,2557.5,hoch,11.980192950000001,Ostbahnhof,7
474,8000262,Ost,2025-12-10 12:17:31.241742+00:00,84,2025-12-10,-340.0,niedrig,19.973656016666666,Ostbahnhof,12
481,8000262,Ost,2025-12-11 13:21:56.291634+00:00,3,2025-12-11,-176.66666666666669,niedrig,18.01119185,Ostbahnhof,13
483,8000262,Ost,2025-12-11 21:47:08.501500+00:00,15,2025-12-11,26.666666666666686,mittel,54.382534400000004,Ostbahnhof,21
484,8000262,Ost,2025-12-14 17:16:05.167928+00:00,12,2025-12-14,-164.0,niedrig,6.003664850000001,Ostbahnhof,17
486,8000262,Ost,2025-12-16 08:16:36.854613+00:00,4,2025-12-16,400.0,hoch,0.001999383333333333,Ostbahnhof,8
487,8000262,Ost,2025-12-16 14:17:29.534399+00:00,11,2025-12-16,-168.0,niedrig,0.022361299999999997,Ostbahnhof,14
488,8000262,Ost,2025-12-17 08:16:42.436910+00:00,65,2025-12-17,617.5,hoch,121.97870465,Ostbahnhof,8
489,8000262,Ost,2025-12-18 09:39:41.120574+00:00,3,2025-12-18,1100.0,hoch,14.20969635,Ostbahnhof,9
494,8000262,Ost,2025-12-19 20:16:47.943239+00:00,3,2025-12-19,-220.0,niedrig,0.0050706833333333335,Ostbahnhof,20
496,8000262,Ost,2025-12-20 20:09:09.963774+00:00,6,2025-12-20,-95.0,niedrig,48.01346713333333,Ostbahnhof,20
497,8000262,Ost,2025-12-21 06:23:41.179136+00:00,13,2025-12-21,112.5,mittel,93.98938965,Ostbahnhof,6
498,8000262,Ost,2025-12-23 09:57:56.910015+00:00,3,2025-12-23,-481.66666666666663,niedrig,17.997135683333333,Ostbahnhof,9
501,8000262,Ost,2025-12-29 08:16:59.789324+00:00,35,2025-12-29,-212.5,niedrig,47.11493468333333,Ostbahnhof,8
502,8000262,Ost,2025-12-29 19:48:21.530977+00:00,3,2025-12-29,925.0,hoch,13.99752905,Ostbahnhof,19
503,8000262,Ost,2025-12-30 05:36:20.312646+00:00,51,2025-12-30,130.0,mittel,210.01009556666668,Ostbahnhof,5
510,8000262,Ost,2025-12-30 21:16:25.825498+00:00,3,2025-12-30,133.33333333333331,mittel,0.04201351666666667,Ostbahnhof,21
511,8000262,Ost,2025-12-31 08:16:31.830388+00:00,7,2025-12-31,-243.33333333333331,niedrig,8.010437416666667,Ostbahnhof,8
1,8000262,West,2025-01-05 17:39:55.718875+00:00,63,2025-01-05,,,127.99242186666667,Ostbahnhof,17
4,8000262,West,2025-01-09 18:43:33.233508+00:00,3,2025-01-09,65.0,mittel,1.9968261833333334,Ostbahnhof,18
6,8000262,West,2025-01-10 04:13:31.354975+00:00,3,2025-01-10,,,22.0419048,Ostbahnhof,4
10,8000262,West,2025-01-10 14:15:20.577338+00:00,14,2025-01-10,-72.0,niedrig,0.0015535,Ostbahnhof,14
14,8000262,West,2025-01-15 19:17:27.776199+00:00,35,2025-01-15,233.33333333333334,hoch,9.963603449999999,Ostbahnhof,19
16,8000262,West,2025-01-21 20:17:26.904431+00:00,3,2025-01-21,340.7142857142857,hoch,11.973095983333334,Ostbahnhof,20
17,8000262,West,2025-01-22 06:17:28.195933+00:00,49,2025-01-22,-45.0,niedrig,287.96577506666665,Ostbahnhof,6
18,8000262,West,2025-01-22 19:17:29.189545+00:00,5,2025-01-22,31.666666666666686,mittel,0.0003784,Ostbahnhof,19
19,8000262,West,2025-01-23 10:21:26.558379+00:00,3,2025-01-23,426.66666666666663,hoch,5.991489816666667,Ostbahnhof,10
23,8000262,West,2025-01-24 13:25:26.646961+00:00,3,2025-01-24,-160.0,niedrig,1.8500000000000002e-05,Ostbahnhof,13
28,8000262,West,2025-01-30 12:16:51.961433+00:00,15,2025-01-30,-142.5,niedrig,19.97271375,Ostbahnhof,12
29,8000262,West,2025-02-03 15:13:01.686737+00:00,6,2025-02-03,14.285714285714278,mittel,6.003842116666666,Ostbahnhof,15
32,8000262,West,2025-02-07 13:03:02.345267+00:00,3,2025-02-07,336.66666666666663,hoch,19.99854575,Ostbahnhof,13
36,8000262,West,2025-02-09 08:37:01.632548+00:00,5,2025-02-09,170.0,hoch,16.002026033333333,Ostbahnhof,8
41,8000262,West,2025-02-13 16:03:45.240338+00:00,11,2025-02-13,131.11111111111111,mittel,85.99772698333332,Ostbahnhof,16
42,8000262,West,2025-02-14 04:11:43.936155+00:00,10,2025-02-14,,,32.006345333333336,Ostbahnhof,4
50,8000262,West,2025-02-16 10:50:13.272458+00:00,143,2025-02-16,,,249.99764535,Ostbahnhof,10
51,8000262,West,2025-02-18 15:16:13.964222+00:00,3,2025-02-18,211.11111111111111,hoch,25.997304883333335,Ostbahnhof,15
54,8000262,West,2025-02-20 10:38:14.473196+00:00,4,2025-02-20,-81.0,niedrig,13.990207416666667,Ostbahnhof,10
57,8000262,West,2025-02-23 12:58:13.602434+00:00,3,2025-02-23,-26.666666666666657,mittel,11.996288766666668,Ostbahnhof,12
58,8000262,West,2025-02-23 22:16:17.151015+00:00,17,2025-02-23,-160.0,niedrig,21.931615883333333,Ostbahnhof,22
59,8000262,West,2025-02-25 13:58:14.185825+00:00,7,2025-02-25,-33.0,niedrig,76.00591906666666,Ostbahnhof,13
60,8000262,West,2025-02-26 08:40:13.857681+00:00,4,2025-02-26,-96.0,niedrig,30.001063383333335,Ostbahnhof,8
65,8000262,West,2025-03-05 11:20:41.537354+00:00,3,2025-03-05,42.22222222222223,mittel,29.99883668333333,Ostbahnhof,11
66,8000262,West,2025-03-05 22:16:56.374371+00:00,3,2025-03-05,-288.0,niedrig,0.0004757333333333333,Ostbahnhof,22
67,8000262,West,2025-03-06 11:17:16.645862+00:00,3,2025-03-06,173.5,hoch,7.97382465,Ostbahnhof,11
69,8000262,West,2025-03-07 18:17:16.482115+00:00,4,2025-03-07,-61.5,niedrig,3.9133333333333334e-05,Ostbahnhof,18
71,8000262,West,2025-03-08 18:23:15.241616+00:00,21,2025-03-08,271.1111111111111,hoch,163.99693601666667,Ostbahnhof,18
72,8000262,West,2025-03-12 14:17:19.129302+00:00,12,2025-03-12,13.333333333333343,mittel,0.0005933333333333333,Ostbahnhof,14
77,8000262,West,2025-03-17 07:13:24.137940+00:00,20,2025-03-17,-114.44444444444446,niedrig,54.00969105,Ostbahnhof,7
84,8000262,West,2025-03-22 20:08:28.009638+00:00,3,2025-03-22,213.75,hoch,21.673999283333334,Ostbahnhof,20
87,8000262,West,2025-03-25 05:52:15.798386+00:00,20,2025-03-25,61.666666666666686,mittel,76.5645429,Ostbahnhof,5
89,8000262,West,2025-03-26 19:50:29.989278+00:00,3,2025-03-26,-119.375,niedrig,30.183078683333335,Ostbahnhof,19
90,8000262,West,2025-03-28 09:17:13.265656+00:00,15,2025-03-28,153.88888888888889,mittel,67.99389861666667,Ostbahnhof,9
91,8000262,West,2025-03-31 10:18:04.132391+00:00,11,2025-03-31,-68.0,niedrig,0.1085185,Ostbahnhof,10
93,8000262,West,2025-04-03 13:18:11.786793+00:00,3,2025-04-03,,,5.166397683333333,Ostbahnhof,13
94,8000262,West,2025-04-08 04:04:45.814567+00:00,12,2025-04-08,578.75,hoch,67.23269485,Ostbahnhof,4
95,8000262,West,2025-04-15 04:20:23.865349+00:00,9,2025-04-15,1638.888888888889,hoch,54.65131525,Ostbahnhof,4
97,8000262,West,2025-04-16 13:17:29.584234+00:00,9,2025-04-16,-105.0,niedrig,0.0209046,Ostbahnhof,13
101,8000262,West,2025-04-17 13:17:26.877717+00:00,6,2025-04-17,-39.0,niedrig,0.027619383333333337,Ostbahnhof,13
106,8000262,West,2025-04-24 19:19:59.681168+00:00,4,2025-04-24,-38.75,niedrig,14.267845816666666,Ostbahnhof,19
113,8000262,West,2025-04-28 14:01:02.773142+00:00,13,2025-04-28,-6.666666666666657,mittel,125.9726155,Ostbahnhof,14
116,8000262,West,2025-04-30 14:35:02.060838+00:00,3,2025-04-30,-10.0,mittel,12.07698165,Ostbahnhof,14
118,8000262,West,2025-05-01 12:54:42.854497+00:00,6,2025-05-01,,,65.34904015000001,Ostbahnhof,12
122,8000262,West,2025-05-05 08:30:15.752542+00:00,31,2025-05-05,-91.66666666666666,niedrig,108.77390418333333,Ostbahnhof,8
126,8000262,West,2025-05-12 14:44:51.083778+00:00,3,2025-05-12,-108.75,niedrig,23.710654316666666,Ostbahnhof,14
128,8000262,West,2025-05-20 16:17:33.597966+00:00,9,2025-05-20,-22.22222222222223,mittel,0.024192933333333333,Ostbahnhof,16
129,8000262,West,2025-05-21 06:17:40.503751+00:00,9,2025-05-21,-41.599999999999994,niedrig,12.913840133333334,Ostbahnhof,6
136,8000262,West,2025-05-26 10:19:56.356928+00:00,15,2025-05-26,171.66666666666666,hoch,60.291283783333334,Ostbahnhof,10
137,8000262,West,2025-05-26 16:41:01.243210+00:00,18,2025-05-26,16.666666666666657,mittel,0.03610903333333334,Ostbahnhof,16
138,8000262,West,2025-05-28 08:18:05.713617+00:00,3,2025-05-28,-36.66666666666667,niedrig,15.173009,Ostbahnhof,8
140,8000262,West,2025-05-31 14:16:13.025212+00:00,14,2025-05-31,0.0,mittel,0.47587888333333334,Ostbahnhof,14
143,8000262,West,2025-06-03 05:22:28.824315+00:00,7,2025-06-03,175.0,hoch,43.13927773333333,Ostbahnhof,5
144,8000262,West,2025-06-04 07:37:50.495764+00:00,5,2025-06-04,565.0,hoch,31.073531433333336,Ostbahnhof,7
145,8000262,West,2025-06-04 22:32:53.642331+00:00,3,2025-06-04,,,17.093029966666666,Ostbahnhof,22
147,8000262,West,2025-06-14 13:17:53.591924+00:00,4,2025-06-14,,,0.006839733333333334,Ostbahnhof,13
158,8000262,West,2025-06-19 13:22:21.351364+00:00,3,2025-06-19,64.28571428571428,mittel,14.150848366666667,Ostbahnhof,13
159,8000262,West,2025-06-19 17:47:57.191250+00:00,44,2025-06-19,-17.142857142857167,mittel,152.84323573333333,Ostbahnhof,17
161,8000262,West,2025-06-20 09:08:53.249791+00:00,43,2025-06-20,252.0,hoch,157.7263154833333,Ostbahnhof,9
164,8000262,West,2025-06-20 18:16:20.105724+00:00,22,2025-06-20,-96.66666666666666,niedrig,0.05275291666666667,Ostbahnhof,18
169,8000262,West,2025-06-22 14:10:11.939018+00:00,67,2025-06-22,-160.71428571428572,niedrig,91.44103168333332,Ostbahnhof,14
171,8000262,West,2025-06-24 10:17:05.100456+00:00,3,2025-06-24,-95.0,niedrig,9.473022416666668,Ostbahnhof,10
177,8000262,West,2025-06-26 10:58:33.481499+00:00,11,2025-06-26,-26.25,mittel,40.66953496666667,Ostbahnhof,10
184,8000262,West,2025-06-27 18:51:39.624608+00:00,7,2025-06-27,98.5,mittel,28.145081583333333,Ostbahnhof,18
185,8000262,West,2025-06-28 10:16:46.844462+00:00,84,2025-06-28,-30.0,mittel,91.20260548333334,Ostbahnhof,10
192,8000262,West,2025-06-30 13:16:13.612422+00:00,6,2025-06-30,91.11111111111111,mittel,0.010444733333333334,Ostbahnhof,13
193,8000262,West,2025-07-01 09:16:25.606297+00:00,47,2025-07-01,161.25,hoch,20.543196283333334,Ostbahnhof,9
197,8000262,West,2025-07-01 15:28:14.760365+00:00,71,2025-07-01,262.5,hoch,116.380161,Ostbahnhof,15
199,8000262,West,2025-07-02 12:03:28.544348+00:00,36,2025-07-02,442.0,hoch,75.14440883333333,Ostbahnhof,12
203,8000262,West,2025-07-03 06:19:15.915369+00:00,3,2025-07-03,135.55555555555554,mittel,18.755216816666668,Ostbahnhof,6
207,8000262,West,2025-07-04 04:00:33.235665+00:00,6,2025-07-04,-12.222222222222229,mittel,34.8659381,Ostbahnhof,4
209,8000262,West,2025-07-07 04:18:57.617599+00:00,12,2025-07-07,122.0,mittel,14.428208583333333,Ostbahnhof,4
212,8000262,West,2025-07-08 05:55:18.218311+00:00,3,2025-07-08,204.44444444444446,hoch,10.091367700000001,Ostbahnhof,5
214,8000262,West,2025-07-08 15:08:39.711657+00:00,3,2025-07-08,223.33333333333331,hoch,38.37936385,Ostbahnhof,15
221,8000262,West,2025-07-09 12:41:18.398444+00:00,3,2025-07-09,210.0,hoch,20.145192899999998,Ostbahnhof,12
225,8000262,West,2025-07-10 11:16:21.501757+00:00,3,2025-07-10,-14.285714285714278,mittel,0.05326318333333333,Ostbahnhof,11
231,8000262,West,2025-07-12 12:17:37.372004+00:00,15,2025-07-12,88.33333333333334,mittel,14.556636849999999,Ostbahnhof,12
233,8000262,West,2025-07-14 08:50:51.467064+00:00,4,2025-07-14,-26.888888888888886,mittel,33.991409749999995,Ostbahnhof,8
234,8000262,West,2025-07-16 06:16:52.654787+00:00,10,2025-07-16,848.0,hoch,0.010873116666666667,Ostbahnhof,6
238,8000262,West,2025-07-17 11:46:27.786776+00:00,3,2025-07-17,259.0,hoch,18.48236965,Ostbahnhof,11
244,8000262,West,2025-07-17 18:41:38.779783+00:00,3,2025-07-17,327.77777777777777,hoch,7.863170033333334,Ostbahnhof,18
259,8000262,West,2025-07-28 11:17:00.487606+00:00,18,2025-07-28,102.0,mittel,0.16619543333333334,Ostbahnhof,11
267,8000262,West,2025-08-03 15:35:34.097061+00:00,3,2025-08-03,60.0,mittel,31.172194416666667,Ostbahnhof,15
270,8000262,West,2025-08-05 12:17:28.646501+00:00,4,2025-08-05,66.0,mittel,0.009944950000000001,Ostbahnhof,12
272,8000262,West,2025-08-06 06:03:45.182547+00:00,3,2025-08-06,375.0,hoch,14.73013985,Ostbahnhof,6
274,8000262,West,2025-08-06 10:31:01.007740+00:00,58,2025-08-06,31.5,mittel,167.00033679999999,Ostbahnhof,10
280,8000262,West,2025-08-11 19:23:38.222184+00:00,3,2025-08-11,1000.0,hoch,20.285708833333334,Ostbahnhof,19
282,8000262,West,2025-08-12 21:17:45.571642+00:00,4,2025-08-12,16.66666666666667,mittel,0.0018508166666666667,Ostbahnhof,21
291,8000262,West,2025-08-21 04:44:55.734654+00:00,3,2025-08-21,82.22222222222223,mittel,43.18370111666666,Ostbahnhof,4
292,8000262,West,2025-08-21 09:46:19.762497+00:00,78,2025-08-21,116.25,mittel,173.18169876666667,Ostbahnhof,9
298,8000262,West,2025-08-27 13:03:54.226891+00:00,8,2025-08-27,18.0,mittel,0.02009803333333333,Ostbahnhof,13
299,8000262,West,2025-08-28 14:16:31.441414+00:00,6,2025-08-28,-51.25,niedrig,0.12235963333333334,Ostbahnhof,14
300,8000262,West,2025-08-28 18:18:00.522284+00:00,14,2025-08-28,-24.0,mittel,6.653470516666667,Ostbahnhof,18
301,8000262,West,2025-08-29 10:48:50.153583+00:00,4,2025-08-29,255.0,hoch,39.842226800000006,Ostbahnhof,10
302,8000262,West,2025-08-30 20:16:10.782292+00:00,5,2025-08-30,-21.0,mittel,0.02496341666666667,Ostbahnhof,20
304,8000262,West,2025-09-01 12:17:41.017227+00:00,6,2025-09-01,-31.5,niedrig,4.02184765,Ostbahnhof,12
306,8000262,West,2025-09-04 15:17:09.433172+00:00,15,2025-09-04,,,46.70965298333333,Ostbahnhof,15
311,8000262,West,2025-09-07 10:10:44.242864+00:00,10,2025-09-07,435.0,hoch,38.61837686666667,Ostbahnhof,10
313,8000262,West,2025-09-08 06:01:46.549587+00:00,4,2025-09-08,-11.111111111111114,mittel,57.9942,Ostbahnhof,6
317,8000262,West,2025-09-08 14:45:11.655857+00:00,16,2025-09-08,114.0,mittel,32.17930998333333,Ostbahnhof,14
321,8000262,West,2025-09-29 19:23:41.853293+00:00,4,2025-09-29,-31.25,mittel,1.9975433166666667,Ostbahnhof,19
326,8000262,West,2025-10-06 13:17:35.017230+00:00,9,2025-10-06,-22.0,mittel,34.00435756666666,Ostbahnhof,13
329,8000262,West,2025-10-08 06:49:48.996921+00:00,17,2025-10-08,133.0,mittel,52.0009585,Ostbahnhof,6
331,8000262,West,2025-10-08 14:17:50.533027+00:00,4,2025-10-08,-7.0,mittel,0.0007466,Ostbahnhof,14
347,8000262,West,2025-10-15 20:16:30.981737+00:00,5,2025-10-15,-43.888888888888886,niedrig,0.013055299999999999,Ostbahnhof,20
352,8000262,West,2025-10-17 23:07:38.067656+00:00,4,2025-10-17,,,41.99672553333333,Ostbahnhof,23
355,8000262,West,2025-10-23 07:43:57.593111+00:00,5,2025-10-23,38.75,mittel,26.177753966666668,Ostbahnhof,7
357,8000262,West,2025-10-28 17:16:40.771289+00:00,24,2025-10-28,597.5,hoch,56.24371181666667,Ostbahnhof,17
366,8000262,West,2025-11-10 13:22:54.739029+00:00,4,2025-11-10,357.77777777777777,hoch,0.03150031666666667,Ostbahnhof,13
368,8000262,West,2025-11-10 21:37:04.810675+00:00,4,2025-11-10,,,28.003975500000003,Ostbahnhof,21
372,8000262,West,2025-11-12 01:17:53.911534+00:00,5,2025-11-12,,,0.0046006,Ostbahnhof,1
379,8000262,West,2025-11-12 11:57:51.182979+00:00,34,2025-11-12,75.0,mittel,108.02630505,Ostbahnhof,11
382,8000262,West,2025-11-12 23:02:10.408667+00:00,11,2025-11-12,-221.66666666666669,niedrig,0.029619833333333335,Ostbahnhof,23
383,8000262,West,2025-11-13 05:14:10.171657+00:00,6,2025-11-13,,,2.011216,Ostbahnhof,5
394,8000262,West,2025-11-17 07:45:49.393203+00:00,4,2025-11-17,-71.5,niedrig,43.98672875,Ostbahnhof,7
396,8000262,West,2025-11-17 15:17:00.076101+00:00,3,2025-11-17,171.0,hoch,0.0035207000000000003,Ostbahnhof,15
401,8000262,West,2025-11-18 01:16:33.323739+00:00,3,2025-11-18,,,0.0018752833333333335,Ostbahnhof,1
412,8000262,West,2025-11-18 20:44:21.642578+00:00,3,2025-11-18,173.33333333333334,hoch,18.009882100000002,Ostbahnhof,20
416,8000262,West,2025-11-19 01:16:56.530155+00:00,3,2025-11-19,,,0.0026384333333333335,Ostbahnhof,1
418,8000262,West,2025-11-19 06:09:03.404150+00:00,4,2025-11-19,38.75,mittel,35.99291778333334,Ostbahnhof,6
423,8000262,West,2025-11-19 15:03:03.364247+00:00,5,2025-11-19,-16.0,mittel,41.992504716666666,Ostbahnhof,15
433,8000262,West,2025-11-20 15:23:55.813539+00:00,3,2025-11-20,52.22222222222223,mittel,18.003837649999998,Ostbahnhof,15
438,8000262,West,2025-11-21 10:15:14.110148+00:00,6,2025-11-21,97.77777777777777,mittel,103.99959515,Ostbahnhof,10
443,8000262,West,2025-11-21 20:21:35.784054+00:00,3,2025-11-21,56.25,mittel,17.996830550000002,Ostbahnhof,20
447,8000262,West,2025-11-22 11:01:50.390207+00:00,3,2025-11-22,-103.75,niedrig,15.9919225,Ostbahnhof,11
451,8000262,West,2025-11-22 17:22:01.739659+00:00,3,2025-11-22,-5.0,mittel,38.01378355,Ostbahnhof,17
454,8000262,West,2025-11-23 09:16:31.108542+00:00,8,2025-11-23,-61.875,niedrig,27.996965516666666,Ostbahnhof,9
461,8000262,West,2025-11-23 20:00:32.691185+00:00,3,2025-11-23,-18.75,mittel,21.973302349999997,Ostbahnhof,20
464,8000262,West,2025-11-24 14:22:42.535083+00:00,3,2025-11-24,621.3333333333334,hoch,14.002778233333334,Ostbahnhof,14
467,8000262,West,2025-11-26 12:55:48.494844+00:00,6,2025-11-26,-1.0,mittel,48.00517713333333,Ostbahnhof,12
469,8000262,West,2025-12-04 15:16:27.353546+00:00,4,2025-12-04,-94.5,niedrig,9.99326265,Ostbahnhof,15
473,8000262,West,2025-12-10 09:37:28.993969+00:00,12,2025-12-10,700.0,hoch,90.02001818333333,Ostbahnhof,9
475,8000262,West,2025-12-10 17:17:39.225641+00:00,9,2025-12-10,-102.5,niedrig,0.09944936666666666,Ostbahnhof,17
480,8000262,West,2025-12-11 12:09:56.440217+00:00,3,2025-12-11,41.25,mittel,31.997609816666667,Ostbahnhof,12
482,8000262,West,2025-12-11 17:16:39.053789+00:00,9,2025-12-11,-88.75,niedrig,0.0272765,Ostbahnhof,17
485,8000262,West,2025-12-15 22:08:06.823540+00:00,4,2025-12-15,-150.0,niedrig,24.122607650000003,Ostbahnhof,22
490,8000262,West,2025-12-18 10:17:56.038419+00:00,14,2025-12-18,-130.0,niedrig,38.037403033333334,Ostbahnhof,10
491,8000262,West,2025-12-18 14:50:05.000360+00:00,12,2025-12-18,285.0,hoch,84.01823246666666,Ostbahnhof,14
495,8000262,West,2025-12-20 11:33:09.527203+00:00,8,2025-12-20,52.5,mittel,62.002111649999996,Ostbahnhof,11
500,8000262,West,2025-12-27 16:57:02.900356+00:00,3,2025-12-27,-25.0,mittel,27.9997022,Ostbahnhof,16
505,8000262,West,2025-12-30 12:48:21.103655+00:00,3,2025-12-30,105.0,mittel,28.001238366666666,Ostbahnhof,12
512,8004128,West,2025-01-04 14:57:53.372829+00:00,3,2025-01-04,120.0,mittel,6.002801450000001,Donnersbergerbrücke,14
515,8004128,West,2025-01-05 19:31:51.819097+00:00,65,2025-01-05,-65.0,niedrig,8.003713366666666,Donnersbergerbrücke,19
527,8004128,West,2025-01-15 19:17:25.659992+00:00,37,2025-01-15,122.0,mittel,19.983249833333332,Donnersbergerbrücke,19
528,8004128,West,2025-01-18 09:17:23.954342+00:00,3,2025-01-18,,,0.00021131666666666666,Donnersbergerbrücke,9
537,8004128,West,2025-01-22 08:15:24.336391+00:00,31,2025-01-22,-11.666666666666629,mittel,179.99888433333334,Donnersbergerbrücke,8
538,8004128,West,2025-01-22 19:17:27.852718+00:00,5,2025-01-22,,,0.0010684833333333332,Donnersbergerbrücke,19
545,8004128,West,2025-01-27 23:23:47.967736+00:00,5,2025-01-27,360.0,hoch,69.98848078333334,Donnersbergerbrücke,23
546,8004128,West,2025-01-30 12:16:48.979350+00:00,17,2025-01-30,-42.0,niedrig,19.995895916666665,Donnersbergerbrücke,12
547,8004128,West,2025-02-03 15:11:01.091213+00:00,7,2025-02-03,-392.22222222222223,niedrig,19.986289616666667,Donnersbergerbrücke,15
550,8004128,West,2025-02-07 12:59:00.547598+00:00,5,2025-02-07,315.0,hoch,54.00822225,Donnersbergerbrücke,12
555,8004128,West,2025-02-13 16:17:43.752188+00:00,8,2025-02-13,630.0,hoch,48.01626676666667,Donnersbergerbrücke,16
559,8004128,West,2025-02-14 08:17:43.634494+00:00,39,2025-02-14,-292.2222222222222,niedrig,6.003358833333333,Donnersbergerbrücke,8
563,8004128,West,2025-02-14 23:57:47.214025+00:00,113,2025-02-14,36.0,mittel,12.39583385,Donnersbergerbrücke,23
567,8004128,West,2025-02-18 16:36:12.212620+00:00,5,2025-02-18,20.0,mittel,38.0068104,Donnersbergerbrücke,16
568,8004128,West,2025-02-18 21:16:12.063593+00:00,3,2025-02-18,-48.75,niedrig,6.273333333333333e-05,Donnersbergerbrücke,21
570,8004128,West,2025-02-19 05:22:12.475142+00:00,43,2025-02-19,-196.0,niedrig,158.00176445,Donnersbergerbrücke,5
572,8004128,West,2025-02-20 10:48:12.501328+00:00,9,2025-02-20,554.4444444444445,hoch,18.00562205,Donnersbergerbrücke,10
574,8004128,West,2025-02-23 12:04:12.383565+00:00,10,2025-02-23,,,71.9986672,Donnersbergerbrücke,12
575,8004128,West,2025-02-23 22:16:14.579744+00:00,22,2025-02-23,-115.71428571428567,niedrig,9.959567666666667,Donnersbergerbrücke,22
577,8004128,West,2025-02-25 15:02:12.947404+00:00,4,2025-02-25,93.0,mittel,24.002071033333333,Donnersbergerbrücke,15
578,8004128,West,2025-02-26 08:58:12.675363+00:00,5,2025-02-26,376.0,hoch,31.996871966666667,Donnersbergerbrücke,8
582,8004128,West,2025-03-04 14:16:40.573836+00:00,4,2025-03-04,-266.0,niedrig,3.9931266833333336,Donnersbergerbrücke,14
584,8004128,West,2025-03-05 14:14:40.184531+00:00,3,2025-03-05,106.66666666666666,mittel,1.9993070000000002,Donnersbergerbrücke,14
585,8004128,West,2025-03-05 22:16:51.928796+00:00,3,2025-03-05,-6.666666666666686,mittel,0.00743395,Donnersbergerbrücke,22
587,8004128,West,2025-03-07 18:17:14.492876+00:00,10,2025-03-07,-193.0,niedrig,19.99540845,Donnersbergerbrücke,18
588,8004128,West,2025-03-08 18:35:14.188691+00:00,20,2025-03-08,300.0,hoch,143.99416863333332,Donnersbergerbrücke,18
589,8004128,West,2025-03-12 14:17:19.166682+00:00,16,2025-03-12,-30.0,mittel,0.0005894,Donnersbergerbrücke,14
594,8004128,West,2025-03-17 06:41:23.422707+00:00,21,2025-03-17,91.0,mittel,101.986503,Donnersbergerbrücke,6
599,8004128,West,2025-03-25 05:53:16.202213+00:00,21,2025-03-25,148.33333333333331,mittel,78.86859388333333,Donnersbergerbrücke,5
600,8004128,West,2025-03-26 19:57:52.717278+00:00,3,2025-03-26,31.0,mittel,35.944733033333335,Donnersbergerbrücke,19
601,8004128,West,2025-03-28 09:16:17.633073+00:00,17,2025-03-28,-102.22222222222223,niedrig,78.07029591666667,Donnersbergerbrücke,9
602,8004128,West,2025-03-31 10:17:04.294211+00:00,11,2025-03-31,140.0,mittel,0.0495781,Donnersbergerbrücke,10
604,8004128,West,2025-04-03 13:16:30.102290+00:00,3,2025-04-03,-128.75,niedrig,0.06192531666666667,Donnersbergerbrücke,13
605,8004128,West,2025-04-08 04:15:39.631977+00:00,12,2025-04-08,305.0,hoch,63.54510615,Donnersbergerbrücke,4
608,8004128,West,2025-04-16 13:16:09.186597+00:00,9,2025-04-16,26.25,mittel,13.168984933333332,Donnersbergerbrücke,13
612,8004128,West,2025-04-17 12:17:39.097875+00:00,5,2025-04-17,13.333333333333314,mittel,7.310759433333333,Donnersbergerbrücke,12
614,8004128,West,2025-04-20 08:15:56.141047+00:00,10,2025-04-20,,,45.154500399999996,Donnersbergerbrücke,8
617,8004128,West,2025-04-24 14:17:01.973072+00:00,3,2025-04-24,103.75,mittel,0.0192918,Donnersbergerbrücke,14
618,8004128,West,2025-04-24 19:20:57.128364+00:00,4,2025-04-24,17.77777777777777,mittel,9.518337866666666,Donnersbergerbrücke,19
621,8004128,West,2025-04-27 17:16:53.727262+00:00,3,2025-04-27,-12.857142857142861,mittel,12.882530166666667,Donnersbergerbrücke,17
624,8004128,West,2025-04-28 14:02:00.415743+00:00,12,2025-04-28,170.0,hoch,114.73842551666667,Donnersbergerbrücke,14
629,8004128,West,2025-05-01 15:06:33.692774+00:00,3,2025-05-01,56.66666666666666,mittel,20.242550466666668,Donnersbergerbrücke,15
630,8004128,West,2025-05-02 14:12:58.754309+00:00,3,2025-05-02,44.0,mittel,20.918792399999997,Donnersbergerbrücke,14
631,8004128,West,2025-05-02 20:04:01.916985+00:00,33,2025-05-02,188.0,hoch,82.22187023333332,Donnersbergerbrücke,20
635,8004128,West,2025-05-05 09:41:21.537026+00:00,3,2025-05-05,185.0,hoch,53.01286483333333,Donnersbergerbrücke,9
639,8004128,West,2025-05-09 03:37:23.806063+00:00,51,2025-05-09,-122.0,niedrig,190.5733769,Donnersbergerbrücke,3
645,8004128,West,2025-05-21 04:28:05.789963+00:00,4,2025-05-21,400.5,hoch,42.10682718333333,Donnersbergerbrücke,4
647,8004128,West,2025-05-22 10:27:55.819953+00:00,4,2025-05-22,-72.0,niedrig,45.82067361666667,Donnersbergerbrücke,10
649,8004128,West,2025-05-24 10:16:54.105917+00:00,36,2025-05-24,-21.428571428571445,mittel,45.853330766666666,Donnersbergerbrücke,10
652,8004128,West,2025-05-26 11:33:47.955228+00:00,3,2025-05-26,320.0,hoch,27.246828983333334,Donnersbergerbrücke,11
653,8004128,West,2025-05-26 16:41:46.037940+00:00,21,2025-05-26,-53.0,niedrig,0.00943735,Donnersbergerbrücke,16
657,8004128,West,2025-05-30 20:18:10.938884+00:00,4,2025-05-30,-116.66666666666669,niedrig,29.56706193333333,Donnersbergerbrücke,20
658,8004128,West,2025-05-31 14:17:03.944635+00:00,14,2025-05-31,-215.0,niedrig,0.20649426666666668,Donnersbergerbrücke,14
659,8004128,West,2025-06-03 04:17:36.245534+00:00,15,2025-06-03,-183.33333333333334,niedrig,129.84796318333332,Donnersbergerbrücke,4
661,8004128,West,2025-06-04 07:36:36.594262+00:00,4,2025-06-04,-115.71428571428572,niedrig,31.331876616666666,Donnersbergerbrücke,7
662,8004128,West,2025-06-11 15:27:54.986486+00:00,3,2025-06-11,-238.0,niedrig,32.9152529,Donnersbergerbrücke,15
665,8004128,West,2025-06-14 04:57:36.629041+00:00,3,2025-06-14,190.0,hoch,21.416780866666667,Donnersbergerbrücke,4
666,8004128,West,2025-06-14 13:16:50.039602+00:00,5,2025-06-14,128.57142857142856,mittel,0.00328265,Donnersbergerbrücke,13
668,8004128,West,2025-06-16 04:09:31.401710+00:00,3,2025-06-16,-65.55555555555554,niedrig,10.40200895,Donnersbergerbrücke,4
681,8004128,West,2025-06-19 17:57:05.973502+00:00,46,2025-06-19,-71.25,niedrig,163.00036483333332,Donnersbergerbrücke,17
683,8004128,West,2025-06-19 22:05:50.218712+00:00,3,2025-06-19,660.0,hoch,12.494804516666667,Donnersbergerbrücke,22
684,8004128,West,2025-06-20 09:19:53.949807+00:00,39,2025-06-20,656.0,hoch,94.62576478333334,Donnersbergerbrücke,9
691,8004128,West,2025-06-22 09:18:08.650020+00:00,55,2025-06-22,660.0,hoch,177.55159110000002,Donnersbergerbrücke,9
692,8004128,West,2025-06-22 14:10:52.909986+00:00,66,2025-06-22,947.7777777777778,hoch,97.71972336666666,Donnersbergerbrücke,14
695,8004128,West,2025-06-24 14:16:17.001586+00:00,10,2025-06-24,166.0,hoch,0.028918666666666665,Donnersbergerbrücke,14
698,8004128,West,2025-06-25 16:16:17.779280+00:00,32,2025-06-25,834.0,hoch,78.24048881666666,Donnersbergerbrücke,16
699,8004128,West,2025-06-26 11:11:48.627039+00:00,9,2025-06-26,18.0,mittel,23.1713312,Donnersbergerbrücke,11
704,8004128,West,2025-06-27 11:14:51.860431+00:00,17,2025-06-27,-41.111111111111086,niedrig,109.92330206666666,Donnersbergerbrücke,11
713,8004128,West,2025-06-30 13:17:05.725419+00:00,5,2025-06-30,30.0,mittel,0.0004587833333333333,Donnersbergerbrücke,13
717,8004128,West,2025-07-01 15:25:16.188582+00:00,94,2025-07-01,1422.2222222222222,hoch,111.8060728,Donnersbergerbrücke,15
719,8004128,West,2025-07-02 12:15:25.144470+00:00,40,2025-07-02,248.8888888888889,hoch,76.3585401,Donnersbergerbrücke,12
723,8004128,West,2025-07-03 00:17:27.051291+00:00,3,2025-07-03,,,0.008268983333333334,Donnersbergerbrücke,0
724,8004128,West,2025-07-03 06:26:29.211970+00:00,6,2025-07-03,120.5,mittel,10.589994783333333,Donnersbergerbrücke,6
725,8004128,West,2025-07-03 15:27:05.882149+00:00,6,2025-07-03,-5.555555555555543,mittel,111.99854321666666,Donnersbergerbrücke,15
732,8004128,West,2025-07-07 04:25:42.993704+00:00,16,2025-07-07,468.0,hoch,27.444618966666667,Donnersbergerbrücke,4
735,8004128,West,2025-07-07 13:48:48.964034+00:00,9,2025-07-07,54.44444444444446,mittel,74.11049410000001,Donnersbergerbrücke,13
739,8004128,West,2025-07-08 07:18:01.396620+00:00,3,2025-07-08,-147.0,niedrig,1.3688972333333331,Donnersbergerbrücke,7
742,8004128,West,2025-07-08 15:38:15.888145+00:00,3,2025-07-08,-81.0,niedrig,37.11528435,Donnersbergerbrücke,15
750,8004128,West,2025-07-10 11:17:04.381346+00:00,3,2025-07-10,-178.8888888888889,niedrig,0.0012272333333333335,Donnersbergerbrücke,11
757,8004128,West,2025-07-14 09:03:11.979529+00:00,4,2025-07-14,300.0,hoch,30.001834116666664,Donnersbergerbrücke,9
758,8004128,West,2025-07-16 06:17:39.078157+00:00,10,2025-07-16,-110.5,niedrig,0.0022351333333333334,Donnersbergerbrücke,6
760,8004128,West,2025-07-17 07:50:29.624664+00:00,8,2025-07-17,-20.0,mittel,62.023420333333334,Donnersbergerbrücke,7
765,8004128,West,2025-07-17 18:54:58.676206+00:00,4,2025-07-17,986.0,hoch,34.26059781666667,Donnersbergerbrücke,18
769,8004128,West,2025-07-18 18:18:04.599791+00:00,5,2025-07-18,-36.0,niedrig,6.6795442,Donnersbergerbrücke,18
770,8004128,West,2025-07-21 04:44:46.109059+00:00,157,2025-07-21,130.0,mittel,358.92614091666667,Donnersbergerbrücke,4
773,8004128,West,2025-07-21 17:53:21.044998+00:00,3,2025-07-21,156.0,mittel,21.089970049999998,Donnersbergerbrücke,17
777,8004128,West,2025-07-24 14:24:26.963357+00:00,3,2025-07-24,-12.5,mittel,35.9511612,Donnersbergerbrücke,14
781,8004128,West,2025-07-28 11:17:41.631756+00:00,19,2025-07-28,-123.33333333333331,niedrig,11.64407405,Donnersbergerbrücke,11
787,8004128,West,2025-08-03 04:36:36.071670+00:00,4,2025-08-03,3.333333333333343,mittel,14.016479716666668,Donnersbergerbrücke,4
789,8004128,West,2025-08-03 15:09:36.059546+00:00,7,2025-08-03,-128.5,niedrig,47.769286683333334,Donnersbergerbrücke,15
791,8004128,West,2025-08-05 08:01:35.148512+00:00,4,2025-08-05,576.6666666666667,hoch,45.55556238333334,Donnersbergerbrücke,8
795,8004128,West,2025-08-06 10:31:45.370806+00:00,63,2025-08-06,-52.5,niedrig,173.1488693,Donnersbergerbrücke,10
803,8004128,West,2025-08-12 21:17:48.318879+00:00,4,2025-08-12,150.0,mittel,0.00158535,Donnersbergerbrücke,21
804,8004128,West,2025-08-13 04:16:16.770589+00:00,12,2025-08-13,-95.0,niedrig,70.45249881666668,Donnersbergerbrücke,4
809,8004128,West,2025-08-19 04:17:18.527776+00:00,3,2025-08-19,153.0,mittel,2.0025685,Donnersbergerbrücke,4
811,8004128,West,2025-08-20 20:52:38.585837+00:00,18,2025-08-20,581.25,hoch,50.565254366666665,Donnersbergerbrücke,20
812,8004128,West,2025-08-21 04:07:42.726854+00:00,5,2025-08-21,383.33333333333337,hoch,65.58436795,Donnersbergerbrücke,4
814,8004128,West,2025-08-21 13:58:39.573013+00:00,5,2025-08-21,177.22222222222223,hoch,37.26616645,Donnersbergerbrücke,13
821,8004128,West,2025-08-28 18:16:14.298449+00:00,14,2025-08-28,534.0,hoch,32.92415713333333,Donnersbergerbrücke,18
823,8004128,West,2025-08-30 20:16:27.358987+00:00,5,2025-08-30,-237.14285714285717,niedrig,0.00572315,Donnersbergerbrücke,20
824,8004128,West,2025-09-01 12:17:57.975556+00:00,8,2025-09-01,-130.0,niedrig,3.9954547333333332,Donnersbergerbrücke,12
833,8004128,West,2025-09-07 10:22:59.276797+00:00,10,2025-09-07,911.25,hoch,45.185410250000004,Donnersbergerbrücke,10
836,8004128,West,2025-09-08 06:13:31.528966+00:00,12,2025-09-08,197.0,hoch,19.34810935,Donnersbergerbrücke,6
839,8004128,West,2025-09-08 11:35:23.231576+00:00,20,2025-09-08,241.0,hoch,39.724002416666664,Donnersbergerbrücke,11
842,8004128,West,2025-09-29 15:50:00.543102+00:00,9,2025-09-29,1723.3333333333333,hoch,18.006944966666666,Donnersbergerbrücke,15
844,8004128,West,2025-09-29 20:18:00.933247+00:00,105,2025-09-29,1226.0,hoch,23.972234916666665,Donnersbergerbrücke,20
845,8004128,West,2025-10-04 10:40:38.361277+00:00,48,2025-10-04,,,127.99473861666667,Donnersbergerbrücke,10
847,8004128,West,2025-10-06 12:17:51.500329+00:00,52,2025-10-06,25.0,mittel,82.02950181666667,Donnersbergerbrücke,12
851,8004128,West,2025-10-08 09:02:07.897302+00:00,5,2025-10-08,-189.0,niedrig,45.99162786666667,Donnersbergerbrücke,9
852,8004128,West,2025-10-08 14:18:10.311377+00:00,3,2025-10-08,64.0,mittel,0.0017868666666666668,Donnersbergerbrücke,14
857,8004128,West,2025-10-14 10:17:38.314092+00:00,35,2025-10-14,42.85714285714283,mittel,0.09601191666666667,Donnersbergerbrücke,10
860,8004128,West,2025-10-14 18:45:58.299320+00:00,6,2025-10-14,1650.0,hoch,10.000064783333332,Donnersbergerbrücke,18
865,8004128,West,2025-10-15 12:55:55.018507+00:00,3,2025-10-15,-118.33333333333331,niedrig,10.006767016666666,Donnersbergerbrücke,12
867,8004128,West,2025-10-15 20:16:51.057171+00:00,5,2025-10-15,-214.28571428571433,niedrig,11.975363033333334,Donnersbergerbrücke,20
872,8004128,West,2025-10-23 07:52:17.377052+00:00,5,2025-10-23,413.0,hoch,22.203268633333334,Donnersbergerbrücke,7
874,8004128,West,2025-10-28 17:16:59.643077+00:00,31,2025-10-28,780.0,hoch,60.27959945,Donnersbergerbrücke,17
877,8004128,West,2025-11-10 05:16:30.756135+00:00,5,2025-11-10,124.0,mittel,20.033276983333334,Donnersbergerbrücke,5
887,8004128,West,2025-11-11 09:17:23.420028+00:00,51,2025-11-11,208.75,hoch,0.029579816666666665,Donnersbergerbrücke,9
888,8004128,West,2025-11-11 18:22:12.284630+00:00,10,2025-11-11,360.0,hoch,0.0055527499999999995,Donnersbergerbrücke,18
889,8004128,West,2025-11-11 23:00:27.689175+00:00,46,2025-11-11,,,16.008426366666665,Donnersbergerbrücke,23
892,8004128,West,2025-11-12 05:17:45.432373+00:00,3,2025-11-12,,,6.012483416666667,Donnersbergerbrücke,5
897,8004128,West,2025-11-12 12:24:10.657985+00:00,38,2025-11-12,686.25,hoch,84.02463136666667,Donnersbergerbrücke,12
902,8004128,West,2025-11-13 05:14:29.033364+00:00,6,2025-11-13,-122.5,niedrig,2.0248156833333333,Donnersbergerbrücke,5
904,8004128,West,2025-11-13 15:16:36.489805+00:00,36,2025-11-13,127.77777777777777,mittel,4.103198366666667,Donnersbergerbrücke,15
913,8004128,West,2025-11-14 23:01:18.246899+00:00,19,2025-11-14,-180.0,niedrig,0.02952718333333333,Donnersbergerbrücke,23
920,8004128,West,2025-11-18 01:16:51.313043+00:00,3,2025-11-18,,,0.0016777666666666668,Donnersbergerbrücke,1
923,8004128,West,2025-11-18 09:00:58.536664+00:00,15,2025-11-18,975.0,hoch,43.98700851666667,Donnersbergerbrücke,9
929,8004128,West,2025-11-19 01:17:15.658871+00:00,4,2025-11-19,-540.0,niedrig,0.0009769166666666667,Donnersbergerbrücke,1
934,8004128,West,2025-11-19 15:17:23.972460+00:00,17,2025-11-19,,,11.980973116666666,Donnersbergerbrücke,15
938,8004128,West,2025-11-20 10:18:03.035132+00:00,50,2025-11-20,1.1111111111110858,mittel,19.924549000000003,Donnersbergerbrücke,10
943,8004128,West,2025-11-22 05:00:08.968332+00:00,32,2025-11-22,-77.14285714285714,niedrig,0.02892156666666667,Donnersbergerbrücke,5
945,8004128,West,2025-11-22 22:16:30.089147+00:00,11,2025-11-22,,,0.016164466666666665,Donnersbergerbrücke,22
955,8004128,West,2025-11-30 08:40:35.319351+00:00,3,2025-11-30,,,22.007523516666666,Donnersbergerbrücke,8
957,8004128,West,2025-12-02 09:18:13.566945+00:00,3,2025-12-02,246.66666666666666,hoch,33.990612033333335,Donnersbergerbrücke,9
958,8004128,West,2025-12-04 15:16:48.076345+00:00,3,2025-12-04,88.57142857142856,mittel,5.9547393,Donnersbergerbrücke,15
963,8004128,West,2025-12-10 09:47:47.330558+00:00,12,2025-12-10,602.8571428571429,hoch,50.002788200000005,Donnersbergerbrücke,9
965,8004128,West,2025-12-10 17:17:58.623546+00:00,8,2025-12-10,278.57142857142856,hoch,0.06033395,Donnersbergerbrücke,17
967,8004128,West,2025-12-11 17:16:58.083664+00:00,9,2025-12-11,-128.57142857142856,niedrig,0.018225933333333333,Donnersbergerbrücke,17
970,8004128,West,2025-12-16 07:58:45.703148+00:00,5,2025-12-16,60.0,mittel,18.155152966666666,Donnersbergerbrücke,7
982,8004128,West,2025-12-21 06:33:58.555026+00:00,10,2025-12-21,192.5,hoch,58.0005224,Donnersbergerbrücke,6
984,8004128,West,2025-12-27 17:15:21.305401+00:00,4,2025-12-27,120.0,mittel,43.99267806666667,Donnersbergerbrücke,17
513,8004128,Ost,2025-01-05 15:17:51.990558+00:00,6,2025-01-05,-10.0,mittel,0.00267875,Donnersbergerbrücke,15
519,8004128,Ost,2025-01-09 18:45:29.479739+00:00,4,2025-01-09,438.0,hoch,50.00829075,Donnersbergerbrücke,18
522,8004128,Ost,2025-01-10 14:15:05.391485+00:00,28,2025-01-10,-77.14285714285717,niedrig,0.02602695,Donnersbergerbrücke,14
523,8004128,Ost,2025-01-12 23:07:56.378087+00:00,4,2025-01-12,476.0,hoch,12.031079916666666,Donnersbergerbrücke,23
524,8004128,Ost,2025-01-13 18:13:19.227823+00:00,15,2025-01-13,,,0.00020078333333333335,Donnersbergerbrücke,18
525,8004128,Ost,2025-01-15 04:56:16.558747+00:00,4,2025-01-15,212.5,hoch,3.6131715333333334,Donnersbergerbrücke,4
529,8004128,Ost,2025-01-20 10:53:24.103425+00:00,3,2025-01-20,11.25,mittel,22.01011895,Donnersbergerbrücke,10
534,8004128,Ost,2025-01-21 09:53:25.124728+00:00,3,2025-01-21,172.85714285714286,hoch,17.991021233333335,Donnersbergerbrücke,9
535,8004128,Ost,2025-01-22 06:17:26.060464+00:00,9,2025-01-22,1570.0,hoch,31.982113816666665,Donnersbergerbrücke,6
543,8004128,Ost,2025-01-24 22:21:24.094586+00:00,4,2025-01-24,265.7142857142857,hoch,23.99444365,Donnersbergerbrücke,22
544,8004128,Ost,2025-01-27 22:17:59.311793+00:00,4,2025-01-27,,,19.868414716666667,Donnersbergerbrücke,22
548,8004128,Ost,2025-02-04 09:17:03.319511+00:00,9,2025-02-04,-69.5,niedrig,0.0018737666666666665,Donnersbergerbrücke,9
549,8004128,Ost,2025-02-07 11:17:02.344932+00:00,6,2025-02-07,138.125,mittel,21.971449749999998,Donnersbergerbrücke,11
551,8004128,Ost,2025-02-08 05:19:00.509388+00:00,3,2025-02-08,1131.4285714285713,hoch,11.9973669,Donnersbergerbrücke,5
552,8004128,Ost,2025-02-09 09:17:00.821615+00:00,44,2025-02-09,-318.3333333333333,niedrig,17.990652816666667,Donnersbergerbrücke,9
553,8004128,Ost,2025-02-12 10:17:03.780709+00:00,15,2025-02-12,-55.0,niedrig,0.004488666666666667,Donnersbergerbrücke,10
554,8004128,Ost,2025-02-13 04:31:00.271623+00:00,3,2025-02-13,313.75,hoch,8.025954166666667,Donnersbergerbrücke,4
560,8004128,Ost,2025-02-14 09:47:43.888592+00:00,3,2025-02-14,37.5,mittel,5.99725295,Donnersbergerbrücke,9
569,8004128,Ost,2025-02-19 04:04:12.093558+00:00,3,2025-02-19,-51.42857142857143,niedrig,42.0025747,Donnersbergerbrücke,4
571,8004128,Ost,2025-02-19 08:16:12.025789+00:00,3,2025-02-19,-95.5,niedrig,2.002708466666667,Donnersbergerbrücke,8
573,8004128,Ost,2025-02-20 15:16:12.872036+00:00,8,2025-02-20,65.55555555555554,mittel,1.9955833166666668,Donnersbergerbrücke,15
576,8004128,Ost,2025-02-25 14:18:12.840937+00:00,3,2025-02-25,-148.0,niedrig,10.001833033333332,Donnersbergerbrücke,14
580,8004128,Ost,2025-03-04 11:26:39.479477+00:00,9,2025-03-04,-177.0,niedrig,74.00157859999999,Donnersbergerbrücke,11
583,8004128,Ost,2025-03-05 08:16:39.805238+00:00,15,2025-03-05,258.8888888888889,hoch,0.0016687,Donnersbergerbrücke,8
586,8004128,Ost,2025-03-06 11:31:13.810295+00:00,5,2025-03-06,-74.0,niedrig,74.00422641666667,Donnersbergerbrücke,11
595,8004128,Ost,2025-03-17 09:01:22.945750+00:00,9,2025-03-17,-111.0,niedrig,0.00023791666666666666,Donnersbergerbrücke,9
596,8004128,Ost,2025-03-19 12:22:27.843738+00:00,6,2025-03-19,273.8888888888889,hoch,12.269274083333332,Donnersbergerbrücke,12
603,8004128,Ost,2025-04-02 17:07:26.005462+00:00,5,2025-04-02,-79.0,niedrig,9.973640066666666,Donnersbergerbrücke,17
609,8004128,Ost,2025-04-16 14:54:17.099182+00:00,17,2025-04-16,15.0,mittel,110.76807828333334,Donnersbergerbrücke,14
613,8004128,Ost,2025-04-17 14:17:38.934589+00:00,4,2025-04-17,7.5,mittel,6.217634033333334,Donnersbergerbrücke,14
615,8004128,Ost,2025-04-22 13:03:07.179932+00:00,44,2025-04-22,,,110.44264303333333,Donnersbergerbrücke,13
616,8004128,Ost,2025-04-22 21:18:12.264975+00:00,4,2025-04-22,,,0.0027923833333333334,Donnersbergerbrücke,21
619,8004128,Ost,2025-04-26 06:37:23.164415+00:00,4,2025-04-26,12.5,mittel,0.007387883333333333,Donnersbergerbrücke,6
620,8004128,Ost,2025-04-27 06:17:35.218660+00:00,13,2025-04-27,300.0,hoch,0.17623303333333334,Donnersbergerbrücke,6
622,8004128,Ost,2025-04-27 21:06:33.007820+00:00,46,2025-04-27,492.8571428571429,hoch,163.6985463,Donnersbergerbrücke,21
623,8004128,Ost,2025-04-28 13:17:12.046628+00:00,5,2025-04-28,-35.400000000000006,niedrig,23.14027635,Donnersbergerbrücke,13
625,8004128,Ost,2025-04-29 08:06:08.309564+00:00,40,2025-04-29,,,89.64011931666667,Donnersbergerbrücke,8
626,8004128,Ost,2025-04-29 21:17:50.381718+00:00,3,2025-04-29,41.25,mittel,0.06937449999999999,Donnersbergerbrücke,21
628,8004128,Ost,2025-05-01 13:58:41.290335+00:00,6,2025-05-01,8.57142857142857,mittel,23.44754915,Donnersbergerbrücke,13
632,8004128,Ost,2025-05-04 12:26:32.494593+00:00,134,2025-05-04,85.71428571428571,mittel,359.28806231666664,Donnersbergerbrücke,12
633,8004128,Ost,2025-05-04 23:02:11.906656+00:00,15,2025-05-04,,,0.0663443,Donnersbergerbrücke,23
637,8004128,Ost,2025-05-05 20:48:04.044279+00:00,8,2025-05-05,45.0,mittel,71.99669988333333,Donnersbergerbrücke,20
638,8004128,Ost,2025-05-08 04:54:35.524410+00:00,3,2025-05-08,58.33333333333334,mittel,16.79316951666667,Donnersbergerbrücke,4
640,8004128,Ost,2025-05-15 12:18:00.497363+00:00,3,2025-05-15,-42.77777777777777,niedrig,0.08032750000000001,Donnersbergerbrücke,12
641,8004128,Ost,2025-05-19 12:53:37.588098+00:00,3,2025-05-19,-165.0,niedrig,18.6876832,Donnersbergerbrücke,12
644,8004128,Ost,2025-05-20 23:15:54.136385+00:00,3,2025-05-20,,,14.870083283333335,Donnersbergerbrücke,23
646,8004128,Ost,2025-05-21 15:51:17.426999+00:00,16,2025-05-21,-40.55555555555554,niedrig,55.84242335,Donnersbergerbrücke,15
650,8004128,Ost,2025-05-26 04:10:11.550716+00:00,12,2025-05-26,-58.5,niedrig,57.041634216666665,Donnersbergerbrücke,4
654,8004128,Ost,2025-05-28 08:28:38.502515+00:00,4,2025-05-28,3.0,mittel,24.3690085,Donnersbergerbrücke,8
660,8004128,Ost,2025-06-03 20:17:05.186288+00:00,6,2025-06-03,-141.25,niedrig,0.018644333333333332,Donnersbergerbrücke,20
667,8004128,Ost,2025-06-15 19:31:32.665014+00:00,3,2025-06-15,-195.0,niedrig,6.32434585,Donnersbergerbrücke,19
669,8004128,Ost,2025-06-16 04:38:54.499829+00:00,4,2025-06-16,143.5,mittel,32.86626795,Donnersbergerbrücke,4
670,8004128,Ost,2025-06-16 09:17:24.559539+00:00,22,2025-06-16,-81.5,niedrig,84.8690562,Donnersbergerbrücke,9
682,8004128,Ost,2025-06-19 21:00:52.553891+00:00,9,2025-06-19,276.0,hoch,37.86063721666667,Donnersbergerbrücke,21
685,8004128,Ost,2025-06-20 11:12:30.354116+00:00,7,2025-06-20,183.33333333333331,hoch,20.735643466666666,Donnersbergerbrücke,11
690,8004128,Ost,2025-06-21 21:16:21.726614+00:00,3,2025-06-21,-50.55555555555554,niedrig,26.5065517,Donnersbergerbrücke,21
697,8004128,Ost,2025-06-24 20:09:28.083368+00:00,3,2025-06-24,304.5,hoch,14.92732195,Donnersbergerbrücke,20
700,8004128,Ost,2025-06-26 12:12:35.937932+00:00,6,2025-06-26,-197.22222222222223,niedrig,27.138401916666666,Donnersbergerbrücke,12
701,8004128,Ost,2025-06-27 02:31:41.023476+00:00,14,2025-06-27,-52.5,niedrig,0.017193033333333333,Donnersbergerbrücke,2
707,8004128,Ost,2025-06-27 18:52:28.279428+00:00,7,2025-06-27,-72.77777777777777,niedrig,42.92571488333333,Donnersbergerbrücke,18
712,8004128,Ost,2025-06-30 11:18:07.596983+00:00,8,2025-06-30,76.5,mittel,26.348015533333335,Donnersbergerbrücke,11
716,8004128,Ost,2025-07-01 14:13:20.699481+00:00,4,2025-07-01,169.0,hoch,19.561958399999998,Donnersbergerbrücke,14
718,8004128,Ost,2025-07-02 07:18:06.529894+00:00,88,2025-07-02,78.5,mittel,137.2297739,Donnersbergerbrücke,7
721,8004128,Ost,2025-07-02 22:16:10.893740+00:00,4,2025-07-02,,,0.0169053,Donnersbergerbrücke,22
727,8004128,Ost,2025-07-03 23:18:00.455141+00:00,3,2025-07-03,,,0.008716083333333334,Donnersbergerbrücke,23
731,8004128,Ost,2025-07-05 16:01:02.597727+00:00,4,2025-07-05,135.0,mittel,40.61582395000001,Donnersbergerbrücke,16
745,8004128,Ost,2025-07-08 20:16:59.593412+00:00,7,2025-07-08,,,10.2921748,Donnersbergerbrücke,20
747,8004128,Ost,2025-07-09 06:18:55.678607+00:00,3,2025-07-09,74.0,mittel,40.03991799999999,Donnersbergerbrücke,6
748,8004128,Ost,2025-07-09 10:27:41.191403+00:00,4,2025-07-09,-34.0,niedrig,46.40291036666667,Donnersbergerbrücke,10
749,8004128,Ost,2025-07-10 04:11:57.537305+00:00,14,2025-07-10,71.0,mittel,136.91832678333333,Donnersbergerbrücke,4
753,8004128,Ost,2025-07-12 07:44:14.258482+00:00,8,2025-07-12,196.66666666666666,hoch,51.55409076666667,Donnersbergerbrücke,7
759,8004128,Ost,2025-07-16 10:18:54.518784+00:00,4,2025-07-16,-59.33333333333334,niedrig,13.822679383333334,Donnersbergerbrücke,10
763,8004128,Ost,2025-07-17 14:09:43.869484+00:00,4,2025-07-17,431.0,hoch,11.086185016666667,Donnersbergerbrücke,14
764,8004128,Ost,2025-07-17 18:16:32.623273+00:00,5,2025-07-17,-209.0,niedrig,4.109042716666667,Donnersbergerbrücke,18
771,8004128,Ost,2025-07-21 13:17:40.879455+00:00,10,2025-07-21,-55.5,niedrig,0.008829633333333333,Donnersbergerbrücke,13
774,8004128,Ost,2025-07-23 09:16:50.597714+00:00,6,2025-07-23,,,0.07008455,Donnersbergerbrücke,9
776,8004128,Ost,2025-07-24 13:42:17.400197+00:00,3,2025-07-24,182.22222222222223,hoch,21.10238335,Donnersbergerbrücke,13
783,8004128,Ost,2025-08-01 08:29:03.325998+00:00,4,2025-08-01,-3.3333333333333286,mittel,6.52185525,Donnersbergerbrücke,8
790,8004128,Ost,2025-08-04 07:34:32.781764+00:00,4,2025-08-04,-147.77777777777777,niedrig,10.140105283333332,Donnersbergerbrücke,7
792,8004128,Ost,2025-08-05 09:41:18.350222+00:00,4,2025-08-05,125.5,mittel,15.125927883333333,Donnersbergerbrücke,9
793,8004128,Ost,2025-08-05 21:18:01.495027+00:00,7,2025-08-05,124.0,mittel,16.967114483333333,Donnersbergerbrücke,21
794,8004128,Ost,2025-08-06 07:10:16.153131+00:00,13,2025-08-06,-145.5,niedrig,24.320704283333335,Donnersbergerbrücke,7
796,8004128,Ost,2025-08-07 07:23:47.349082+00:00,4,2025-08-07,-136.11111111111111,niedrig,15.141127766666667,Donnersbergerbrücke,7
800,8004128,Ost,2025-08-10 10:55:34.229015+00:00,4,2025-08-10,623.5,hoch,12.0403569,Donnersbergerbrücke,10
801,8004128,Ost,2025-08-11 08:23:58.592106+00:00,3,2025-08-11,279.0,hoch,7.940642066666666,Donnersbergerbrücke,8
802,8004128,Ost,2025-08-12 20:16:37.816191+00:00,8,2025-08-12,-210.0,niedrig,0.05213598333333334,Donnersbergerbrücke,20
806,8004128,Ost,2025-08-15 17:53:44.437550+00:00,4,2025-08-15,718.0,hoch,5.241044733333334,Donnersbergerbrücke,17
807,8004128,Ost,2025-08-16 11:17:50.447304+00:00,17,2025-08-16,4.444444444444443,mittel,0.0099295,Donnersbergerbrücke,11
808,8004128,Ost,2025-08-18 05:04:51.960788+00:00,41,2025-08-18,109.0,mittel,235.48746048333334,Donnersbergerbrücke,5
810,8004128,Ost,2025-08-19 04:39:23.851888+00:00,9,2025-08-19,-48.0,niedrig,42.71975385,Donnersbergerbrücke,4
813,8004128,Ost,2025-08-21 07:18:01.352975+00:00,81,2025-08-21,-134.5,niedrig,356.9676110666667,Donnersbergerbrücke,7
815,8004128,Ost,2025-08-21 20:08:48.761465+00:00,8,2025-08-21,0.0,mittel,0.006348933333333333,Donnersbergerbrücke,20
819,8004128,Ost,2025-08-27 14:21:33.076491+00:00,4,2025-08-27,1682.2222222222222,hoch,3.673546266666667,Donnersbergerbrücke,14
832,8004128,Ost,2025-09-06 16:17:24.593383+00:00,5,2025-09-06,231.11111111111111,hoch,23.283178116666665,Donnersbergerbrücke,16
834,8004128,Ost,2025-09-07 11:46:25.917033+00:00,3,2025-09-07,65.0,mittel,5.020259916666666,Donnersbergerbrücke,11
838,8004128,Ost,2025-09-08 10:41:38.611415+00:00,4,2025-09-08,159.5,hoch,30.284213366666666,Donnersbergerbrücke,10
840,8004128,Ost,2025-09-08 15:17:41.616989+00:00,15,2025-09-08,113.0,mittel,0.03888,Donnersbergerbrücke,15
841,8004128,Ost,2025-09-18 14:41:56.964688+00:00,11,2025-09-18,69.0,mittel,16.356041166666667,Donnersbergerbrücke,14
843,8004128,Ost,2025-09-29 19:24:00.223323+00:00,10,2025-09-29,110.55555555555556,mittel,2.0025409499999998,Donnersbergerbrücke,19
846,8004128,Ost,2025-10-04 14:16:38.637233+00:00,4,2025-10-04,-5.0,mittel,14.00257025,Donnersbergerbrücke,14
849,8004128,Ost,2025-10-08 06:16:06.870221+00:00,4,2025-10-08,-48.888888888888886,niedrig,0.003022066666666667,Donnersbergerbrücke,6
853,8004128,Ost,2025-10-10 13:03:04.894317+00:00,6,2025-10-10,,,29.996221966666667,Donnersbergerbrücke,13
861,8004128,Ost,2025-10-14 20:16:13.546775+00:00,40,2025-10-14,1551.4285714285713,hoch,36.002444266666664,Donnersbergerbrücke,20
863,8004128,Ost,2025-10-15 09:29:35.310125+00:00,157,2025-10-15,-135.625,niedrig,124.29409466666667,Donnersbergerbrücke,9
866,8004128,Ost,2025-10-15 18:16:42.144144+00:00,13,2025-10-15,-71.11111111111111,niedrig,68.13206075,Donnersbergerbrücke,18
868,8004128,Ost,2025-10-16 15:16:55.325762+00:00,6,2025-10-16,-43.33333333333334,niedrig,19.98592988333333,Donnersbergerbrücke,15
870,8004128,Ost,2025-10-17 17:17:21.476189+00:00,13,2025-10-17,-56.875,niedrig,75.9984977,Donnersbergerbrücke,17
871,8004128,Ost,2025-10-23 05:54:09.521874+00:00,31,2025-10-23,228.0,hoch,82.07851656666666,Donnersbergerbrücke,5
875,8004128,Ost,2025-10-28 19:17:19.344423+00:00,4,2025-10-28,-168.8888888888889,niedrig,0.013337133333333334,Donnersbergerbrücke,19
876,8004128,Ost,2025-10-29 13:17:03.698357+00:00,10,2025-10-29,-136.0,niedrig,30.20973143333333,Donnersbergerbrücke,13
881,8004128,Ost,2025-11-10 10:16:55.130141+00:00,111,2025-11-10,628.5,hoch,56.01361263333333,Donnersbergerbrücke,10
884,8004128,Ost,2025-11-10 19:17:23.356578+00:00,151,2025-11-10,116.66666666666667,mittel,75.96932225,Donnersbergerbrücke,19
891,8004128,Ost,2025-11-12 03:20:10.537736+00:00,45,2025-11-12,,,0.018455549999999998,Donnersbergerbrücke,3
899,8004128,Ost,2025-11-12 21:12:13.203345+00:00,3,2025-11-12,-128.33333333333334,niedrig,33.99728005,Donnersbergerbrücke,21
903,8004128,Ost,2025-11-13 06:12:28.415098+00:00,3,2025-11-13,594.4444444444445,hoch,7.899999999999999e-06,Donnersbergerbrücke,6
914,8004128,Ost,2025-11-15 02:01:27.462753+00:00,3,2025-11-15,,,0.0015853333333333333,Donnersbergerbrücke,2
915,8004128,Ost,2025-11-16 22:17:43.594060+00:00,24,2025-11-16,,,16.3989538,Donnersbergerbrücke,22
916,8004128,Ost,2025-11-17 17:18:09.319332+00:00,66,2025-11-17,-249.0,niedrig,29.9595595,Donnersbergerbrücke,17
924,8004128,Ost,2025-11-18 12:11:04.292559+00:00,6,2025-11-18,231.11111111111111,hoch,6.205751983333333,Donnersbergerbrücke,12
925,8004128,Ost,2025-11-18 16:16:41.555544+00:00,5,2025-11-18,-16.666666666666686,mittel,0.00432875,Donnersbergerbrücke,16
927,8004128,Ost,2025-11-18 23:17:16.003951+00:00,4,2025-11-18,-297.5,niedrig,0.0053196833333333336,Donnersbergerbrücke,23
937,8004128,Ost,2025-11-20 07:17:57.575646+00:00,3,2025-11-20,223.125,hoch,9.975241733333332,Donnersbergerbrücke,7
939,8004128,Ost,2025-11-20 22:16:25.786845+00:00,30,2025-11-20,24.0,mittel,0.01117405,Donnersbergerbrücke,22
944,8004128,Ost,2025-11-22 05:16:08.273533+00:00,3,2025-11-22,,,0.0009546666666666666,Donnersbergerbrücke,5
950,8004128,Ost,2025-11-23 13:16:49.864902+00:00,10,2025-11-23,300.0,hoch,69.99511961666667,Donnersbergerbrücke,13
951,8004128,Ost,2025-11-24 08:04:51.292778+00:00,7,2025-11-24,1133.888888888889,hoch,12.00299325,Donnersbergerbrücke,8
952,8004128,Ost,2025-11-24 19:17:27.203470+00:00,11,2025-11-24,-140.0,niedrig,0.05979891666666667,Donnersbergerbrücke,19
959,8004128,Ost,2025-12-05 06:57:20.408017+00:00,4,2025-12-05,745.0,hoch,16.010204883333333,Donnersbergerbrücke,6
961,8004128,Ost,2025-12-06 19:16:33.088931+00:00,4,2025-12-06,-15.0,mittel,0.0036041666666666665,Donnersbergerbrücke,19
962,8004128,Ost,2025-12-10 07:11:47.815759+00:00,6,2025-12-10,2512.5,hoch,13.999596816666667,Donnersbergerbrücke,7
964,8004128,Ost,2025-12-10 12:17:50.393437+00:00,84,2025-12-10,98.0,mittel,7.96553945,Donnersbergerbrücke,12
968,8004128,Ost,2025-12-11 21:49:26.750554+00:00,9,2025-12-11,-174.0,niedrig,40.380019749999995,Donnersbergerbrücke,21
969,8004128,Ost,2025-12-14 17:12:24.187718+00:00,13,2025-12-14,8.571428571428584,mittel,9.992592533333333,Donnersbergerbrücke,17
971,8004128,Ost,2025-12-16 14:17:48.792837+00:00,11,2025-12-16,-117.5,niedrig,0.018803266666666665,Donnersbergerbrücke,14
972,8004128,Ost,2025-12-17 08:17:00.543236+00:00,64,2025-12-17,148.33333333333331,mittel,120.00829738333333,Donnersbergerbrücke,8
973,8004128,Ost,2025-12-18 09:25:58.917508+00:00,3,2025-12-18,1075.0,hoch,12.001525383333334,Donnersbergerbrücke,9
981,8004128,Ost,2025-12-20 19:47:28.308708+00:00,4,2025-12-20,266.0,hoch,23.990606716666665,Donnersbergerbrücke,19
983,8004128,Ost,2025-12-27 16:17:24.507357+00:00,9,2025-12-27,,,19.95616805,Donnersbergerbrücke,16
985,8004128,Ost,2025-12-29 08:17:18.137545+00:00,35,2025-12-29,-120.0,niedrig,43.12744933333333,Donnersbergerbrücke,8
986,8004128,Ost,2025-12-30 05:22:39.015414+00:00,50,2025-12-30,30.0,mittel,224.00400013333334,Donnersbergerbrücke,5
991,8004128,Ost,2025-12-30 17:16:44.134215+00:00,23,2025-12-30,-162.5,niedrig,89.99135088333334,Donnersbergerbrücke,17
992,8004128,Ost,2025-12-30 21:16:44.138844+00:00,4,2025-12-30,268.75,hoch,13.9810707,Donnersbergerbrücke,21
993,8004128,Ost,2025-12-31 08:16:50.594653+00:00,7,2025-12-31,-576.0,niedrig,9.994841133333333,Donnersbergerbrücke,8
994,8004129,West,2025-01-04 14:19:52.087500+00:00,3,2025-01-04,-120.0,niedrig,14.00641365,Hackerbrücke,14
996,8004129,West,2025-01-05 17:59:53.317251+00:00,67,2025-01-05,1242.0,hoch,101.99310188333334,Hackerbrücke,17
997,8004129,West,2025-01-07 08:17:54.616417+00:00,11,2025-01-07,100.0,mittel,11.982443816666667,Hackerbrücke,8
1000,8004129,West,2025-01-09 18:43:29.893340+00:00,3,2025-01-09,192.0,hoch,14.018224333333334,Hackerbrücke,18
1004,8004129,West,2025-01-10 14:15:09.666157+00:00,17,2025-01-10,-210.0,niedrig,0.011107416666666666,Hackerbrücke,14
1008,8004129,West,2025-01-15 19:17:25.874731+00:00,37,2025-01-15,-171.66666666666669,niedrig,23.971813433333335,Hackerbrücke,19
1013,8004129,West,2025-01-22 07:11:25.388214+00:00,42,2025-01-22,-34.28571428571428,niedrig,243.98282083333334,Hackerbrücke,7
1014,8004129,West,2025-01-22 19:17:28.131815+00:00,5,2025-01-22,285.7142857142857,hoch,0.0006031166666666666,Hackerbrücke,19
1019,8004129,West,2025-01-27 23:21:47.911964+00:00,5,2025-01-27,0.0,mittel,71.99049584999999,Hackerbrücke,23
1020,8004129,West,2025-01-30 12:16:49.431469+00:00,17,2025-01-30,,,19.989189783333334,Hackerbrücke,12
1021,8004129,West,2025-02-03 10:31:00.018793+00:00,3,2025-02-03,45.0,mittel,44.005432983333336,Hackerbrücke,10
1022,8004129,West,2025-02-03 15:09:00.185685+00:00,7,2025-02-03,-105.55555555555554,niedrig,20.0096965,Hackerbrücke,15
1031,8004129,West,2025-02-13 16:13:43.701230+00:00,8,2025-02-13,500.625,hoch,50.00450021666666,Hackerbrücke,16
1038,8004129,West,2025-02-14 23:57:49.104296+00:00,113,2025-02-14,96.25,mittel,10.360721666666667,Hackerbrücke,23
1041,8004129,West,2025-02-18 16:32:14.395820+00:00,5,2025-02-18,603.3333333333334,hoch,37.96889243333333,Hackerbrücke,16
1042,8004129,West,2025-02-18 21:16:12.114249+00:00,3,2025-02-18,-23.333333333333314,mittel,2.805e-05,Hackerbrücke,21
1045,8004129,West,2025-02-19 05:42:12.591263+00:00,41,2025-02-19,-10.0,mittel,138.00028745,Hackerbrücke,5
1047,8004129,West,2025-02-20 10:48:12.564866+00:00,9,2025-02-20,491.5,hoch,18.0051301,Hackerbrücke,10
1049,8004129,West,2025-02-23 12:04:12.449171+00:00,10,2025-02-23,,,67.99678853333333,Hackerbrücke,12
1050,8004129,West,2025-02-23 22:16:15.568196+00:00,22,2025-02-23,-456.0,niedrig,11.942616716666667,Hackerbrücke,22
1051,8004129,West,2025-02-25 14:16:13.212503+00:00,7,2025-02-25,-64.44444444444446,niedrig,68.00392123333333,Hackerbrücke,14
1052,8004129,West,2025-02-26 08:58:12.740266+00:00,5,2025-02-26,1528.5,hoch,31.997307983333332,Hackerbrücke,8
1055,8004129,West,2025-03-04 14:16:40.623157+00:00,4,2025-03-04,,,7.994351033333333,Hackerbrücke,14
1058,8004129,West,2025-03-05 22:16:52.648191+00:00,3,2025-03-05,-30.0,mittel,0.0016749500000000001,Hackerbrücke,22
1060,8004129,West,2025-03-07 18:17:14.554423+00:00,8,2025-03-07,-200.0,niedrig,19.99518438333333,Hackerbrücke,18
1062,8004129,West,2025-03-08 19:47:13.970411+00:00,10,2025-03-08,-88.125,niedrig,90.02832833333333,Hackerbrücke,19
1063,8004129,West,2025-03-09 17:29:14.136784+00:00,3,2025-03-09,59.0,mittel,46.00099066666667,Hackerbrücke,17
1064,8004129,West,2025-03-12 14:17:19.520755+00:00,14,2025-03-12,-110.0,niedrig,0.0011113,Hackerbrücke,14
1072,8004129,West,2025-03-17 07:59:22.622845+00:00,5,2025-03-17,88.88888888888891,mittel,21.99598695,Hackerbrücke,7
1076,8004129,West,2025-03-20 06:12:05.160697+00:00,3,2025-03-20,-162.5,niedrig,7.340708133333334,Hackerbrücke,6
1077,8004129,West,2025-03-24 07:29:40.282701+00:00,6,2025-03-24,-46.111111111111114,niedrig,39.05095118333334,Hackerbrücke,7
1079,8004129,West,2025-03-25 05:51:08.623261+00:00,21,2025-03-25,91.0,mittel,88.12883143333333,Hackerbrücke,5
1080,8004129,West,2025-03-26 19:59:48.120996+00:00,3,2025-03-26,224.0,hoch,34.04406281666667,Hackerbrücke,19
1083,8004129,West,2025-03-31 10:17:09.509991+00:00,11,2025-03-31,170.0,hoch,0.016615766666666667,Hackerbrücke,10
1085,8004129,West,2025-04-03 13:16:34.239523+00:00,3,2025-04-03,-182.5,niedrig,0.0027395333333333333,Hackerbrücke,13
1086,8004129,West,2025-04-08 03:55:17.171306+00:00,13,2025-04-08,155.0,mittel,85.95472823333333,Hackerbrücke,3
1089,8004129,West,2025-04-15 04:46:46.063809+00:00,3,2025-04-15,87.0,mittel,0.0013460166666666668,Hackerbrücke,4
1090,8004129,West,2025-04-16 13:16:12.630204+00:00,9,2025-04-16,-38.0,niedrig,9.056788483333333,Hackerbrücke,13
1094,8004129,West,2025-04-17 12:17:41.248348+00:00,5,2025-04-17,-90.0,niedrig,7.289068216666666,Hackerbrücke,12
1096,8004129,West,2025-04-20 08:15:59.562522+00:00,13,2025-04-20,1088.5714285714287,hoch,45.10551666666667,Hackerbrücke,8
1099,8004129,West,2025-04-24 14:17:03.670492+00:00,3,2025-04-24,159.0,hoch,0.0014368833333333333,Hackerbrücke,14
1100,8004129,West,2025-04-24 19:20:59.323906+00:00,4,2025-04-24,88.33333333333333,mittel,7.323962116666666,Hackerbrücke,19
1102,8004129,West,2025-04-27 17:16:54.405363+00:00,3,2025-04-27,-64.28571428571428,niedrig,12.872656650000001,Hackerbrücke,17
1106,8004129,West,2025-04-28 15:51:04.328455+00:00,4,2025-04-28,-6.5,mittel,27.969091683333332,Hackerbrücke,15
1112,8004129,West,2025-05-01 15:04:00.516487+00:00,3,2025-05-01,158.75,hoch,18.061506216666665,Hackerbrücke,15
1113,8004129,West,2025-05-02 14:13:01.492612+00:00,3,2025-05-02,22.0,mittel,20.885884416666666,Hackerbrücke,14
1114,8004129,West,2025-05-02 20:04:08.273986+00:00,32,2025-05-02,54.0,mittel,79.63346406666666,Hackerbrücke,20
1117,8004129,West,2025-05-05 08:31:19.979932+00:00,31,2025-05-05,-266.6666666666667,niedrig,33.6558297,Hackerbrücke,8
1120,8004129,West,2025-05-09 03:46:42.192040+00:00,51,2025-05-09,141.25,mittel,168.39242541666667,Hackerbrücke,3
1122,8004129,West,2025-05-20 15:17:33.938042+00:00,10,2025-05-20,8.0,mittel,64.82537368333334,Hackerbrücke,15
1124,8004129,West,2025-05-21 07:51:07.966718+00:00,3,2025-05-21,-156.66666666666666,niedrig,41.95044468333333,Hackerbrücke,7
1129,8004129,West,2025-05-24 10:16:54.293863+00:00,35,2025-05-24,10.0,mittel,39.80390191666667,Hackerbrücke,10
1133,8004129,West,2025-05-26 16:41:47.554146+00:00,19,2025-05-26,7.0,mittel,0.0012457833333333332,Hackerbrücke,16
1134,8004129,West,2025-05-28 08:26:34.827228+00:00,3,2025-05-28,-169.44444444444446,niedrig,5.9616979500000005,Hackerbrücke,8
1136,8004129,West,2025-05-30 20:18:11.328666+00:00,4,2025-05-30,45.0,mittel,29.578184766666666,Hackerbrücke,20
1137,8004129,West,2025-05-31 14:17:19.044837+00:00,14,2025-05-31,-307.5,niedrig,0.0036790833333333333,Hackerbrücke,14
1138,8004129,West,2025-06-03 04:17:38.441680+00:00,15,2025-06-03,-141.0,niedrig,127.95956698333333,Hackerbrücke,4
1140,8004129,West,2025-06-04 07:57:22.336303+00:00,3,2025-06-04,141.1111111111111,mittel,17.014514116666668,Hackerbrücke,7
1146,8004129,West,2025-06-16 04:07:11.701703+00:00,3,2025-06-16,389.44444444444446,hoch,36.414762833333334,Hackerbrücke,4
1156,8004129,West,2025-06-19 13:33:13.294576+00:00,3,2025-06-19,354.2857142857143,hoch,4.004338583333333,Hackerbrücke,13
1157,8004129,West,2025-06-19 17:57:07.370742+00:00,46,2025-06-19,3.75,mittel,157.0037084,Hackerbrücke,17
1159,8004129,West,2025-06-19 21:57:37.737152+00:00,3,2025-06-19,,,6.42353835,Hackerbrücke,21
1160,8004129,West,2025-06-20 09:17:23.783285+00:00,47,2025-06-20,373.33333333333337,hoch,160.06471993333335,Hackerbrücke,9
1171,8004129,West,2025-06-22 14:10:54.448041+00:00,65,2025-06-22,1316.6666666666667,hoch,77.79722915,Hackerbrücke,14
1174,8004129,West,2025-06-24 14:16:18.974043+00:00,9,2025-06-24,77.0,mittel,0.010938316666666666,Hackerbrücke,14
1176,8004129,West,2025-06-24 20:09:29.145325+00:00,4,2025-06-24,50.55555555555554,mittel,8.036812716666667,Hackerbrücke,20
1179,8004129,West,2025-06-26 11:09:10.010146+00:00,11,2025-06-26,31.111111111111086,mittel,37.2353699,Hackerbrücke,11
1190,8004129,West,2025-06-28 10:17:32.219144+00:00,87,2025-06-28,168.75,hoch,86.89300433333332,Hackerbrücke,10
1196,8004129,West,2025-06-30 13:17:07.172947+00:00,5,2025-06-30,290.0,hoch,0.00035421666666666667,Hackerbrücke,13
1201,8004129,West,2025-07-01 17:17:05.235843+00:00,4,2025-07-01,30.0,mittel,0.00041568333333333335,Hackerbrücke,17
1203,8004129,West,2025-07-02 12:13:27.553311+00:00,38,2025-07-02,406.0,hoch,80.76950363333334,Hackerbrücke,12
1207,8004129,West,2025-07-03 00:17:30.940512+00:00,3,2025-07-03,,,0.00351045,Hackerbrücke,0
1208,8004129,West,2025-07-03 06:19:59.124698+00:00,6,2025-07-03,-96.66666666666669,niedrig,17.128653933333332,Hackerbrücke,6
1214,8004129,West,2025-07-05 14:17:43.729824+00:00,9,2025-07-05,-56.666666666666686,niedrig,19.1604826,Hackerbrücke,14
1217,8004129,West,2025-07-07 04:25:43.155302+00:00,16,2025-07-07,443.0,hoch,25.410024033333332,Hackerbrücke,4
1220,8004129,West,2025-07-07 13:46:32.713944+00:00,9,2025-07-07,-50.0,niedrig,74.36757381666666,Hackerbrücke,13
1223,8004129,West,2025-07-08 07:18:01.629389+00:00,3,2025-07-08,-102.0,niedrig,4.18190045,Hackerbrücke,7
1224,8004129,West,2025-07-08 13:16:40.506457+00:00,17,2025-07-08,-4.0,mittel,18.5476676,Hackerbrücke,13
1233,8004129,West,2025-07-10 11:17:06.623911+00:00,3,2025-07-10,-60.0,niedrig,0.00012728333333333333,Hackerbrücke,11
1241,8004129,West,2025-07-14 08:53:22.256503+00:00,4,2025-07-14,68.88888888888891,mittel,41.858096616666664,Hackerbrücke,8
1242,8004129,West,2025-07-16 06:17:39.669499+00:00,10,2025-07-16,-107.77777777777777,niedrig,0.0022217666666666668,Hackerbrücke,6
1243,8004129,West,2025-07-17 07:09:39.779577+00:00,3,2025-07-17,-72.77777777777777,niedrig,2.083250816666667,Hackerbrücke,7
1245,8004129,West,2025-07-17 11:57:55.980537+00:00,10,2025-07-17,571.0,hoch,82.19143613333334,Hackerbrücke,11
1248,8004129,West,2025-07-17 18:54:59.563735+00:00,4,2025-07-17,590.0,hoch,38.83373245,Hackerbrücke,18
1253,8004129,West,2025-07-18 18:18:05.168748+00:00,5,2025-07-18,201.0,hoch,11.349626266666666,Hackerbrücke,18
1254,8004129,West,2025-07-21 04:44:47.429862+00:00,157,2025-07-21,392.22222222222223,hoch,356.9150931166667,Hackerbrücke,4
1257,8004129,West,2025-07-21 17:49:19.007865+00:00,4,2025-07-21,78.0,mittel,49.618903233333334,Hackerbrücke,17
1265,8004129,West,2025-07-28 11:17:45.695675+00:00,19,2025-07-28,,,0.013252116666666668,Hackerbrücke,11
1271,8004129,West,2025-08-03 04:50:38.097878+00:00,5,2025-08-03,43.33333333333334,mittel,4.189979883333334,Hackerbrücke,4
1272,8004129,West,2025-08-03 11:16:16.519721+00:00,35,2025-08-03,-3.75,mittel,69.17127118333333,Hackerbrücke,11
1274,8004129,West,2025-08-03 15:26:58.632197+00:00,3,2025-08-03,-105.6,niedrig,15.560158433333333,Hackerbrücke,15
1277,8004129,West,2025-08-05 11:36:01.413355+00:00,3,2025-08-05,-168.0,niedrig,23.288430316666666,Hackerbrücke,11
1280,8004129,West,2025-08-06 10:35:46.542145+00:00,63,2025-08-06,-94.44444444444446,niedrig,162.70621996666665,Hackerbrücke,10
1286,8004129,West,2025-08-12 21:17:54.757906+00:00,4,2025-08-12,-37.5,niedrig,0.0008335666666666667,Hackerbrücke,21
1287,8004129,West,2025-08-13 04:16:17.661531+00:00,12,2025-08-13,-159.0,niedrig,67.58683153333332,Hackerbrücke,4
1291,8004129,West,2025-08-19 04:17:21.053587+00:00,3,2025-08-19,72.0,mittel,8.748016533333333,Hackerbrücke,4
1293,8004129,West,2025-08-20 20:52:39.241548+00:00,18,2025-08-20,-255.0,niedrig,54.88679305,Hackerbrücke,20
1295,8004129,West,2025-08-21 07:18:02.433156+00:00,81,2025-08-21,-22.22222222222223,mittel,356.95248638333334,Hackerbrücke,7
1296,8004129,West,2025-08-21 13:56:39.674696+00:00,3,2025-08-21,3.3333333333333144,mittel,34.60806785,Hackerbrücke,13
1303,8004129,West,2025-08-28 18:16:14.470860+00:00,13,2025-08-28,252.0,hoch,6.6862955,Hackerbrücke,18
1305,8004129,West,2025-08-30 20:16:27.404525+00:00,5,2025-08-30,,,0.010794366666666666,Hackerbrücke,20
1306,8004129,West,2025-09-01 12:17:57.997587+00:00,6,2025-09-01,-113.33333333333334,niedrig,3.9936108,Hackerbrücke,12
1308,8004129,West,2025-09-04 15:17:28.777298+00:00,15,2025-09-04,199.0,hoch,55.79760043333333,Hackerbrücke,15
1311,8004129,West,2025-09-05 17:17:37.069672+00:00,44,2025-09-05,297.77777777777777,hoch,16.197948833333335,Hackerbrücke,17
1313,8004129,West,2025-09-07 10:19:11.577764+00:00,10,2025-09-07,0.0,mittel,38.98276531666667,Hackerbrücke,10
1316,8004129,West,2025-09-08 06:13:31.748359+00:00,3,2025-09-08,127.0,mittel,17.518047799999998,Hackerbrücke,6
1319,8004129,West,2025-09-08 11:35:23.081668+00:00,20,2025-09-08,294.0,hoch,39.72145751666667,Hackerbrücke,11
1322,8004129,West,2025-09-29 15:48:00.736000+00:00,8,2025-09-29,1937.0,hoch,19.991455416666668,Hackerbrücke,15
1325,8004129,West,2025-10-04 10:40:37.785887+00:00,47,2025-10-04,,,126.00635396666667,Hackerbrücke,10
1331,8004129,West,2025-10-08 09:02:07.954891+00:00,4,2025-10-08,-396.0,niedrig,27.98452145,Hackerbrücke,9
1332,8004129,West,2025-10-08 14:16:10.765242+00:00,3,2025-10-08,90.0,mittel,0.00068155,Hackerbrücke,14
1340,8004129,West,2025-10-14 18:45:58.514309+00:00,6,2025-10-14,1305.5,hoch,26.183470133333334,Hackerbrücke,18
1347,8004129,West,2025-10-15 20:16:50.636198+00:00,5,2025-10-15,93.0,mittel,1.9843354166666667,Hackerbrücke,20
1352,8004129,West,2025-10-23 07:46:17.854102+00:00,5,2025-10-23,-156.0,niedrig,24.180614616666666,Hackerbrücke,7
1354,8004129,West,2025-10-28 17:16:59.564668+00:00,30,2025-10-28,786.6666666666667,hoch,58.259506683333335,Hackerbrücke,17
1357,8004129,West,2025-11-10 05:16:31.622826+00:00,4,2025-11-10,-128.0,niedrig,14.009531083333334,Hackerbrücke,5
1362,8004129,West,2025-11-10 13:05:09.851186+00:00,4,2025-11-10,330.0,hoch,2.00894815,Hackerbrücke,13
1364,8004129,West,2025-11-10 20:51:21.465530+00:00,6,2025-11-10,940.0,hoch,48.03204913333333,Hackerbrücke,20
1365,8004129,West,2025-11-11 09:17:23.357588+00:00,50,2025-11-11,-21.0,mittel,0.0294473,Hackerbrücke,9
1368,8004129,West,2025-11-12 00:16:27.529294+00:00,13,2025-11-12,,,4.000772083333334,Hackerbrücke,0
1370,8004129,West,2025-11-12 05:17:45.369929+00:00,3,2025-11-12,1360.0,hoch,2.0110715,Hackerbrücke,5
1375,8004129,West,2025-11-12 12:14:10.618532+00:00,37,2025-11-12,483.33333333333337,hoch,80.01876731666667,Hackerbrücke,12
1379,8004129,West,2025-11-13 05:14:28.978923+00:00,6,2025-11-13,-82.5,niedrig,2.0237349,Hackerbrücke,5
1401,8004129,West,2025-11-17 04:18:08.130960+00:00,3,2025-11-17,,,0.0010777166666666666,Hackerbrücke,4
1404,8004129,West,2025-11-17 14:17:13.805998+00:00,9,2025-11-17,-86.66666666666669,niedrig,58.08125438333333,Hackerbrücke,14
1410,8004129,West,2025-11-18 01:16:51.212597+00:00,3,2025-11-18,,,0.005766016666666667,Hackerbrücke,1
1413,8004129,West,2025-11-18 09:22:57.430276+00:00,14,2025-11-18,-343.5,niedrig,22.010862633333332,Hackerbrücke,9
1419,8004129,West,2025-11-19 01:17:15.611366+00:00,4,2025-11-19,,,0.00261355,Hackerbrücke,1
1423,8004129,West,2025-11-19 15:17:24.337182+00:00,13,2025-11-19,32.22222222222223,mittel,11.98103035,Hackerbrücke,15
1427,8004129,West,2025-11-20 10:18:02.642949+00:00,50,2025-11-20,55.0,mittel,19.92795345,Hackerbrücke,10
1432,8004129,West,2025-11-22 05:00:08.968764+00:00,32,2025-11-22,-498.33333333333337,niedrig,0.015430816666666668,Hackerbrücke,5
1434,8004129,West,2025-11-22 22:16:29.914688+00:00,11,2025-11-22,190.0,hoch,0.014535583333333333,Hackerbrücke,22
1436,8004129,West,2025-11-23 09:16:49.462080+00:00,5,2025-11-23,78.0,mittel,0.00278255,Hackerbrücke,9
1443,8004129,West,2025-11-26 13:30:06.637916+00:00,4,2025-11-26,151.42857142857144,mittel,22.013703749999998,Hackerbrücke,13
1444,8004129,West,2025-12-02 07:04:09.139873+00:00,11,2025-12-02,-202.22222222222223,niedrig,80.0553504,Hackerbrücke,7
1445,8004129,West,2025-12-04 15:16:47.808206+00:00,3,2025-12-04,-30.0,mittel,3.9626109499999997,Hackerbrücke,15
1450,8004129,West,2025-12-10 09:49:47.671672+00:00,12,2025-12-10,1230.0,hoch,48.00891431666666,Hackerbrücke,9
1452,8004129,West,2025-12-10 17:17:58.615424+00:00,10,2025-12-10,80.0,mittel,27.990357850000002,Hackerbrücke,17
1454,8004129,West,2025-12-11 17:16:57.899238+00:00,9,2025-12-11,-132.0,niedrig,0.01873351666666667,Hackerbrücke,17
1458,8004129,West,2025-12-16 07:58:45.193878+00:00,5,2025-12-16,142.5,mittel,18.161736666666666,Hackerbrücke,7
1462,8004129,West,2025-12-18 10:16:14.430894+00:00,14,2025-12-18,393.0,hoch,40.03502275,Hackerbrücke,10
1463,8004129,West,2025-12-18 14:46:23.705781+00:00,13,2025-12-18,144.16666666666669,mittel,96.01646898333334,Hackerbrücke,14
1465,8004129,West,2025-12-20 11:47:28.245649+00:00,8,2025-12-20,104.0,mittel,41.99779783333334,Hackerbrücke,11
1467,8004129,West,2025-12-21 06:31:58.334131+00:00,11,2025-12-21,0.0,mittel,78.0110542,Hackerbrücke,6
1470,8004129,West,2025-12-27 17:17:21.533194+00:00,4,2025-12-27,-12.0,mittel,41.99164091666667,Hackerbrücke,17
995,8004129,Ost,2025-01-05 15:17:52.635119+00:00,6,2025-01-05,20.0,mittel,0.0019372833333333333,Hackerbrücke,15
1001,8004129,Ost,2025-01-09 19:19:30.160323+00:00,3,2025-01-09,699.2857142857142,hoch,20.01100885,Hackerbrücke,19
1005,8004129,Ost,2025-01-13 18:13:19.633690+00:00,15,2025-01-13,,,0.00023953333333333332,Hackerbrücke,18
1006,8004129,Ost,2025-01-15 04:56:16.597204+00:00,4,2025-01-15,765.7142857142858,hoch,7.616956366666667,Hackerbrücke,4
1011,8004129,Ost,2025-01-21 09:53:25.167576+00:00,3,2025-01-21,-40.0,niedrig,19.988365416666667,Hackerbrücke,9
1012,8004129,Ost,2025-01-22 06:17:26.136547+00:00,9,2025-01-22,2150.0,hoch,31.981538783333335,Hackerbrücke,6
1016,8004129,Ost,2025-01-24 12:15:25.633774+00:00,8,2025-01-24,-20.0,mittel,69.98858101666666,Hackerbrücke,12
1017,8004129,Ost,2025-01-24 22:21:24.212111+00:00,4,2025-01-24,426.0,hoch,26.003705500000002,Hackerbrücke,22
1018,8004129,Ost,2025-01-27 22:17:59.718867+00:00,5,2025-01-27,,,47.79381498333333,Hackerbrücke,22
1023,8004129,Ost,2025-02-04 09:17:03.825367+00:00,9,2025-02-04,-18.75,mittel,0.00065785,Hackerbrücke,9
1027,8004129,Ost,2025-02-08 05:17:03.857204+00:00,3,2025-02-08,958.0,hoch,13.942378133333333,Hackerbrücke,5
1028,8004129,Ost,2025-02-09 09:17:00.883557+00:00,44,2025-02-09,-20.0,mittel,19.995317833333335,Hackerbrücke,9
1029,8004129,Ost,2025-02-12 10:17:04.195127+00:00,15,2025-02-12,-21.0,mittel,0.00121495,Hackerbrücke,10
1030,8004129,Ost,2025-02-13 04:33:01.155423+00:00,3,2025-02-13,513.75,hoch,4.008330133333334,Hackerbrücke,4
1036,8004129,Ost,2025-02-14 09:49:44.177533+00:00,3,2025-02-14,-85.0,niedrig,9.366666666666666e-06,Hackerbrücke,9
1037,8004129,Ost,2025-02-14 22:47:43.123905+00:00,9,2025-02-14,858.0,hoch,47.99783143333333,Hackerbrücke,22
1046,8004129,Ost,2025-02-19 08:16:12.188843+00:00,3,2025-02-19,-181.0,niedrig,3.9991486166666665,Hackerbrücke,8
1048,8004129,Ost,2025-02-20 15:16:12.908041+00:00,8,2025-02-20,1.6666666666666572,mittel,3.9953898,Hackerbrücke,15
1053,8004129,Ost,2025-03-04 10:18:39.433293+00:00,5,2025-03-04,-41.0,niedrig,48.00690821666667,Hackerbrücke,10
1057,8004129,Ost,2025-03-05 10:52:40.042175+00:00,3,2025-03-05,-131.0,niedrig,39.99769825,Hackerbrücke,10
1059,8004129,Ost,2025-03-06 11:53:13.884391+00:00,3,2025-03-06,-9.0,mittel,20.0059603,Hackerbrücke,11
1068,8004129,Ost,2025-03-17 04:45:21.880478+00:00,6,2025-03-17,-16.66666666666667,mittel,36.02144551666667,Hackerbrücke,4
1073,8004129,Ost,2025-03-17 09:01:22.987908+00:00,9,2025-03-17,-60.5,niedrig,0.0001019,Hackerbrücke,9
1075,8004129,Ost,2025-03-19 14:01:06.330999+00:00,3,2025-03-19,140.0,mittel,6.481666666666667e-05,Hackerbrücke,14
1078,8004129,Ost,2025-03-24 08:31:46.752421+00:00,6,2025-03-24,30.0,mittel,33.56449561666667,Hackerbrücke,8
1084,8004129,Ost,2025-04-02 17:11:16.345565+00:00,5,2025-04-02,-143.0,niedrig,20.094875433333335,Hackerbrücke,17
1087,8004129,Ost,2025-04-10 12:54:41.723224+00:00,3,2025-04-10,-195.0,niedrig,11.398362166666667,Hackerbrücke,12
1088,8004129,Ost,2025-04-15 04:02:29.692360+00:00,6,2025-04-15,116.66666666666667,mittel,28.40422565,Hackerbrücke,4
1091,8004129,Ost,2025-04-16 14:58:44.333539+00:00,17,2025-04-16,-30.555555555555543,mittel,104.3715601,Hackerbrücke,14
1095,8004129,Ost,2025-04-17 14:17:39.541173+00:00,5,2025-04-17,48.0,mittel,0.0007899333333333333,Hackerbrücke,14
1097,8004129,Ost,2025-04-22 13:07:26.116961+00:00,45,2025-04-22,597.0,hoch,103.51493276666666,Hackerbrücke,13
1098,8004129,Ost,2025-04-22 17:17:28.444487+00:00,4,2025-04-22,-32.5,niedrig,0.007827250000000001,Hackerbrücke,17
1101,8004129,Ost,2025-04-27 06:17:46.921646+00:00,13,2025-04-27,11.111111111111114,mittel,0.020481433333333333,Hackerbrücke,6
1103,8004129,Ost,2025-04-27 21:09:11.308185+00:00,46,2025-04-27,627.1428571428571,hoch,155.1358728666667,Hackerbrücke,21
1104,8004129,Ost,2025-04-28 13:17:14.841544+00:00,5,2025-04-28,78.0,mittel,14.493747533333334,Hackerbrücke,13
1107,8004129,Ost,2025-04-29 08:03:45.186902+00:00,40,2025-04-29,400.0,hoch,93.992329,Hackerbrücke,8
1108,8004129,Ost,2025-04-29 21:17:59.981001+00:00,3,2025-04-29,-40.0,niedrig,0.0335521,Hackerbrücke,21
1111,8004129,Ost,2025-05-01 14:16:58.601917+00:00,5,2025-05-01,-90.0,niedrig,5.199594416666667,Hackerbrücke,14
1115,8004129,Ost,2025-05-04 12:26:33.129906+00:00,134,2025-05-04,-22.5,mittel,359.29393711666665,Hackerbrücke,12
1116,8004129,Ost,2025-05-04 23:02:17.214522+00:00,15,2025-05-04,56.0,mittel,0.03898565,Hackerbrücke,23
1118,8004129,Ost,2025-05-05 09:28:48.244972+00:00,4,2025-05-05,76.0,mittel,37.57528305,Hackerbrücke,9
1119,8004129,Ost,2025-05-05 17:16:44.079131+00:00,4,2025-05-05,-85.0,niedrig,12.428938816666665,Hackerbrücke,17
1121,8004129,Ost,2025-05-15 12:18:05.773623+00:00,4,2025-05-15,-123.33333333333333,niedrig,0.007572316666666666,Hackerbrücke,12
1126,8004129,Ost,2025-05-21 17:10:41.055271+00:00,3,2025-05-21,346.66666666666663,hoch,21.046999933333332,Hackerbrücke,17
1127,8004129,Ost,2025-05-22 10:42:53.452844+00:00,3,2025-05-22,229.0,hoch,4.2996028,Hackerbrücke,10
1130,8004129,Ost,2025-05-26 04:10:14.456619+00:00,12,2025-05-26,-78.88888888888889,niedrig,55.567195950000006,Hackerbrücke,4
1139,8004129,Ost,2025-06-03 20:17:08.123884+00:00,6,2025-06-03,-78.125,niedrig,0.0037318,Hackerbrücke,20
1141,8004129,Ost,2025-06-08 12:11:35.077742+00:00,3,2025-06-08,1361.4285714285713,hoch,21.694803333333333,Hackerbrücke,12
1142,8004129,Ost,2025-06-10 10:47:57.573485+00:00,4,2025-06-10,1725.0,hoch,33.059332733333335,Hackerbrücke,10
1145,8004129,Ost,2025-06-14 13:16:50.693542+00:00,4,2025-06-14,5.555555555555557,mittel,0.0020701,Hackerbrücke,13
1147,8004129,Ost,2025-06-16 05:00:56.572079+00:00,3,2025-06-16,17.0,mittel,14.072773466666666,Hackerbrücke,5
1148,8004129,Ost,2025-06-16 09:17:29.234550+00:00,22,2025-06-16,-185.2,niedrig,77.82746323333335,Hackerbrücke,9
1149,8004129,Ost,2025-06-18 22:37:10.089180+00:00,3,2025-06-18,840.0,hoch,1.7217009166666666,Hackerbrücke,22
1158,8004129,Ost,2025-06-19 21:05:14.896339+00:00,8,2025-06-19,-134.44444444444446,niedrig,32.07672135,Hackerbrücke,21
1166,8004129,Ost,2025-06-21 21:16:23.882987+00:00,3,2025-06-21,1.6666666666666572,mittel,26.478604416666666,Hackerbrücke,21
1170,8004129,Ost,2025-06-22 11:31:48.731256+00:00,6,2025-06-22,-77.14285714285714,niedrig,9.064274000000001,Hackerbrücke,11
1172,8004129,Ost,2025-06-24 07:45:48.401393+00:00,31,2025-06-24,811.25,hoch,67.24085503333333,Hackerbrücke,7
1175,8004129,Ost,2025-06-24 17:17:11.541513+00:00,27,2025-06-24,223.75,hoch,0.004242616666666667,Hackerbrücke,17
1180,8004129,Ost,2025-06-26 12:12:36.572640+00:00,7,2025-06-26,-288.3333333333333,niedrig,42.81725175,Hackerbrücke,12
1181,8004129,Ost,2025-06-27 02:31:42.372205+00:00,14,2025-06-27,-6.0,mittel,0.005737433333333333,Hackerbrücke,2
1189,8004129,Ost,2025-06-27 20:17:49.461620+00:00,4,2025-06-27,217.5,hoch,53.911327666666665,Hackerbrücke,20
1199,8004129,Ost,2025-07-01 14:13:21.408102+00:00,4,2025-07-01,141.0,mittel,19.55598095,Hackerbrücke,14
1202,8004129,Ost,2025-07-02 07:16:14.001864+00:00,89,2025-07-02,159.0,hoch,131.71543031666667,Hackerbrücke,7
1205,8004129,Ost,2025-07-02 22:16:13.431947+00:00,4,2025-07-02,161.11111111111111,hoch,0.006406566666666667,Hackerbrücke,22
1210,8004129,Ost,2025-07-03 23:18:02.720227+00:00,3,2025-07-03,-377.14285714285717,niedrig,0.0017007833333333334,Hackerbrücke,23
1216,8004129,Ost,2025-07-05 16:01:03.016602+00:00,4,2025-07-05,163.0,hoch,56.25864253333334,Hackerbrücke,16
1227,8004129,Ost,2025-07-08 20:16:59.891615+00:00,7,2025-07-08,,,10.292977366666666,Hackerbrücke,20
1228,8004129,Ost,2025-07-09 03:31:52.992872+00:00,5,2025-07-09,-77.77777777777777,niedrig,57.7146561,Hackerbrücke,3
1232,8004129,Ost,2025-07-10 06:23:37.988724+00:00,3,2025-07-10,118.0,mittel,9.3875305,Hackerbrücke,6
1240,8004129,Ost,2025-07-12 14:15:43.115515+00:00,3,2025-07-12,45.0,mittel,19.59541108333333,Hackerbrücke,14
1244,8004129,Ost,2025-07-17 07:55:35.045629+00:00,6,2025-07-17,-70.0,niedrig,56.940124383333334,Hackerbrücke,7
1246,8004129,Ost,2025-07-17 14:09:44.259034+00:00,6,2025-07-17,-84.5,niedrig,37.227533099999995,Hackerbrücke,14
1247,8004129,Ost,2025-07-17 18:16:36.273622+00:00,5,2025-07-17,-103.5,niedrig,4.05454905,Hackerbrücke,18
1255,8004129,Ost,2025-07-21 13:17:42.241707+00:00,10,2025-07-21,-16.875,mittel,0.0065702,Hackerbrücke,13
1258,8004129,Ost,2025-07-23 09:16:57.949024+00:00,6,2025-07-23,,,0.0028518999999999997,Hackerbrücke,9
1259,8004129,Ost,2025-07-24 12:06:26.440008+00:00,8,2025-07-24,-147.77777777777777,niedrig,59.42003135,Hackerbrücke,12
1270,8004129,Ost,2025-08-01 20:16:46.186563+00:00,104,2025-08-01,7.5,mittel,60.3628351,Hackerbrücke,20
1273,8004129,Ost,2025-08-03 13:00:59.735017+00:00,3,2025-08-03,200.0,hoch,14.677659366666667,Hackerbrücke,13
1276,8004129,Ost,2025-08-05 09:39:32.906221+00:00,4,2025-08-05,30.0,mittel,10.356404283333335,Hackerbrücke,9
1278,8004129,Ost,2025-08-05 21:18:06.049706+00:00,7,2025-08-05,185.625,hoch,16.8937101,Hackerbrücke,21
1279,8004129,Ost,2025-08-06 06:51:46.925717+00:00,14,2025-08-06,-101.11111111111111,niedrig,63.52572668333333,Hackerbrücke,6
1284,8004129,Ost,2025-08-11 08:11:57.411138+00:00,4,2025-08-11,32.0,mittel,23.022137999999998,Hackerbrücke,8
1285,8004129,Ost,2025-08-12 20:16:41.443957+00:00,8,2025-08-12,-195.0,niedrig,0.0032783833333333333,Hackerbrücke,20
1288,8004129,Ost,2025-08-15 17:53:44.882817+00:00,5,2025-08-15,671.0,hoch,22.101472450000003,Hackerbrücke,17
1289,8004129,Ost,2025-08-16 11:17:52.174132+00:00,17,2025-08-16,72.22222222222223,mittel,0.00219715,Hackerbrücke,11
1290,8004129,Ost,2025-08-18 05:06:41.346547+00:00,42,2025-08-18,19.0,mittel,236.16854758333332,Hackerbrücke,5
1292,8004129,Ost,2025-08-19 04:41:44.775242+00:00,9,2025-08-19,62.0,mittel,40.378026950000006,Hackerbrücke,4
1297,8004129,Ost,2025-08-21 20:08:50.113262+00:00,8,2025-08-21,93.0,mittel,0.003952266666666667,Hackerbrücke,20
1301,8004129,Ost,2025-08-27 14:21:34.252141+00:00,4,2025-08-27,,,3.6655384833333335,Hackerbrücke,14
1312,8004129,Ost,2025-09-06 16:17:24.581910+00:00,5,2025-09-06,151.11111111111111,mittel,36.239660283333336,Hackerbrücke,16
1314,8004129,Ost,2025-09-07 11:39:03.276732+00:00,4,2025-09-07,82.22222222222223,mittel,21.407447983333334,Hackerbrücke,11
1318,8004129,Ost,2025-09-08 08:35:38.858903+00:00,3,2025-09-08,52.5,mittel,36.98175236666667,Hackerbrücke,8
1320,8004129,Ost,2025-09-08 15:17:41.173275+00:00,15,2025-09-08,,,0.042245283333333335,Hackerbrücke,15
1321,8004129,Ost,2025-09-18 14:41:56.834651+00:00,11,2025-09-18,42.0,mittel,18.361834416666667,Hackerbrücke,14
1326,8004129,Ost,2025-10-04 14:16:38.745185+00:00,4,2025-10-04,-115.0,niedrig,13.989916183333333,Hackerbrücke,14
1327,8004129,Ost,2025-10-06 12:17:51.570933+00:00,51,2025-10-06,156.66666666666666,mittel,86.03190289999999,Hackerbrücke,12
1330,8004129,Ost,2025-10-08 08:26:07.335233+00:00,4,2025-10-08,-211.25,niedrig,17.997233466666668,Hackerbrücke,8
1333,8004129,Ost,2025-10-10 13:03:05.465556+00:00,6,2025-10-10,1064.4444444444443,hoch,29.990928583333336,Hackerbrücke,13
1336,8004129,Ost,2025-10-10 18:17:27.032664+00:00,37,2025-10-10,70.0,mittel,77.98734173333334,Hackerbrücke,18
1337,8004129,Ost,2025-10-14 10:17:33.605815+00:00,36,2025-10-14,-71.5,niedrig,0.10614818333333333,Hackerbrücke,10
1341,8004129,Ost,2025-10-14 20:16:13.557319+00:00,40,2025-10-14,1702.2222222222222,hoch,36.00542541666667,Hackerbrücke,20
1343,8004129,Ost,2025-10-15 09:29:35.115761+00:00,157,2025-10-15,249.44444444444446,hoch,124.2977013,Hackerbrücke,9
1346,8004129,Ost,2025-10-15 18:16:42.126841+00:00,13,2025-10-15,-303.3333333333333,niedrig,70.13587416666665,Hackerbrücke,18
1348,8004129,Ost,2025-10-16 15:16:55.201566+00:00,6,2025-10-16,42.22222222222223,mittel,17.9868771,Hackerbrücke,15
1350,8004129,Ost,2025-10-17 17:17:21.549762+00:00,12,2025-10-17,13.75,mittel,53.98842116666666,Hackerbrücke,17
1351,8004129,Ost,2025-10-23 05:54:09.043450+00:00,31,2025-10-23,226.5,hoch,82.08485393333333,Hackerbrücke,5
1355,8004129,Ost,2025-10-28 19:17:19.099202+00:00,4,2025-10-28,34.0,mittel,0.01239165,Hackerbrücke,19
1356,8004129,Ost,2025-10-29 13:17:03.575495+00:00,10,2025-10-29,-70.0,niedrig,18.217433649999997,Hackerbrücke,13
1361,8004129,Ost,2025-11-10 10:16:55.276862+00:00,111,2025-11-10,383.5,hoch,56.00652543333333,Hackerbrücke,10
1363,8004129,Ost,2025-11-10 19:17:23.271246+00:00,150,2025-11-10,103.0,mittel,69.97069356666665,Hackerbrücke,19
1366,8004129,Ost,2025-11-11 20:12:14.444409+00:00,7,2025-11-11,106.66666666666666,mittel,0.004247116666666667,Hackerbrücke,20
1369,8004129,Ost,2025-11-12 03:20:10.692283+00:00,45,2025-11-12,,,0.017605183333333333,Hackerbrücke,3
1380,8004129,Ost,2025-11-13 06:12:28.400722+00:00,3,2025-11-13,662.2222222222222,hoch,0.00051515,Hackerbrücke,6
1381,8004129,Ost,2025-11-13 15:16:36.952829+00:00,36,2025-11-13,-297.77777777777777,niedrig,0.18521328333333334,Hackerbrücke,15
1392,8004129,Ost,2025-11-15 02:01:27.639709+00:00,3,2025-11-15,,,7.333333333333334e-06,Hackerbrücke,2
1402,8004129,Ost,2025-11-17 05:16:07.506324+00:00,3,2025-11-17,-41.0,niedrig,0.0007562666666666667,Hackerbrücke,5
1403,8004129,Ost,2025-11-17 12:08:56.528567+00:00,10,2025-11-17,15.0,mittel,0.0098714,Hackerbrücke,12
1406,8004129,Ost,2025-11-17 19:16:06.903507+00:00,3,2025-11-17,41.0,mittel,26.25132036666667,Hackerbrücke,19
1409,8004129,Ost,2025-11-18 00:16:49.466706+00:00,5,2025-11-18,-35.0,niedrig,25.98298455,Hackerbrücke,0
1414,8004129,Ost,2025-11-18 12:11:04.813007+00:00,6,2025-11-18,384.44444444444446,hoch,6.198454933333333,Hackerbrücke,12
1415,8004129,Ost,2025-11-18 16:16:41.502905+00:00,5,2025-11-18,-160.5,niedrig,0.0038870500000000004,Hackerbrücke,16
1417,8004129,Ost,2025-11-18 23:17:16.062988+00:00,4,2025-11-18,-300.625,niedrig,0.017485233333333336,Hackerbrücke,23
1424,8004129,Ost,2025-11-19 16:17:33.095198+00:00,3,2025-11-19,-87.5,niedrig,0.0028946166666666668,Hackerbrücke,16
1426,8004129,Ost,2025-11-20 07:17:57.452403+00:00,3,2025-11-20,225.0,hoch,11.962963916666666,Hackerbrücke,7
1428,8004129,Ost,2025-11-20 22:16:25.727841+00:00,30,2025-11-20,-60.5,niedrig,0.00870955,Hackerbrücke,22
1433,8004129,Ost,2025-11-22 05:16:08.126927+00:00,3,2025-11-22,-110.0,niedrig,0.0021737333333333333,Hackerbrücke,5
1439,8004129,Ost,2025-11-23 13:16:49.904882+00:00,10,2025-11-23,220.0,hoch,69.98893878333334,Hackerbrücke,13
1440,8004129,Ost,2025-11-24 08:06:50.390356+00:00,7,2025-11-24,1696.111111111111,hoch,10.014495,Hackerbrücke,8
1441,8004129,Ost,2025-11-24 19:17:26.992287+00:00,12,2025-11-24,-8.888888888888886,mittel,0.04632473333333333,Hackerbrücke,19
1446,8004129,Ost,2025-12-05 06:59:20.615520+00:00,4,2025-12-05,474.0,hoch,15.99803805,Hackerbrücke,6
1448,8004129,Ost,2025-12-06 19:16:33.151643+00:00,4,2025-12-06,-60.0,niedrig,0.006477083333333333,Hackerbrücke,19
1449,8004129,Ost,2025-12-10 07:11:48.078712+00:00,6,2025-12-10,,,16.039131766666667,Hackerbrücke,7
1451,8004129,Ost,2025-12-10 12:17:50.296914+00:00,84,2025-12-10,202.0,hoch,9.959797816666667,Hackerbrücke,12
1457,8004129,Ost,2025-12-14 17:12:23.995397+00:00,13,2025-12-14,-80.0,niedrig,14.002614416666667,Hackerbrücke,17
1459,8004129,Ost,2025-12-16 14:17:48.950164+00:00,11,2025-12-16,-110.0,niedrig,0.02077685,Hackerbrücke,14
1460,8004129,Ost,2025-12-17 08:17:00.920224+00:00,65,2025-12-17,574.0,hoch,120.00192136666666,Hackerbrücke,8
1461,8004129,Ost,2025-12-18 09:27:58.902264+00:00,3,2025-12-18,1320.0,hoch,12.005305316666666,Hackerbrücke,9
1466,8004129,Ost,2025-12-20 19:47:28.710207+00:00,3,2025-12-20,-76.66666666666666,niedrig,23.984184266666666,Hackerbrücke,19
1468,8004129,Ost,2025-12-21 08:17:59.092291+00:00,3,2025-12-21,-56.0,niedrig,27.9952607,Hackerbrücke,8
1469,8004129,Ost,2025-12-27 16:17:24.373281+00:00,9,2025-12-27,-30.0,mittel,21.944582949999997,Hackerbrücke,16
1471,8004129,Ost,2025-12-29 08:17:18.131610+00:00,35,2025-12-29,-77.0,niedrig,28.007095183333334,Hackerbrücke,8
1472,8004129,Ost,2025-12-30 05:24:38.979329+00:00,46,2025-12-30,95.0,mittel,158.0107362166667,Hackerbrücke,5
1479,8004129,Ost,2025-12-30 21:16:44.440897+00:00,3,2025-12-30,57.5,mittel,0.025590916666666668,Hackerbrücke,21
1480,8004129,Ost,2025-12-31 08:16:50.473278+00:00,7,2025-12-31,-200.0,niedrig,12.002778616666665,Hackerbrücke,8
1484,8004131,West,2025-01-05 17:47:54.487956+00:00,65,2025-01-05,862.5,hoch,122.01781553333333,Isartor,17
1485,8004131,West,2025-01-07 08:17:56.447525+00:00,11,2025-01-07,-46.0,niedrig,0.00032585,Isartor,8
1487,8004131,West,2025-01-09 18:43:31.686997+00:00,3,2025-01-09,220.0,hoch,15.987585816666666,Isartor,18
1489,8004131,West,2025-01-10 10:01:30.771433+00:00,6,2025-01-10,36.0,mittel,43.98883418333333,Isartor,10
1490,8004131,West,2025-01-10 14:15:17.691718+00:00,18,2025-01-10,-175.71428571428572,niedrig,0.0028991999999999998,Isartor,14
1494,8004131,West,2025-01-15 19:17:26.220843+00:00,36,2025-01-15,278.57142857142856,hoch,23.967321183333336,Isartor,19
1498,8004131,West,2025-01-21 20:17:25.964069+00:00,3,2025-01-21,163.75,hoch,13.978096200000001,Isartor,20
1501,8004131,West,2025-01-22 08:07:25.004148+00:00,31,2025-01-22,518.0,hoch,177.99537861666667,Isartor,8
1502,8004131,West,2025-01-22 19:17:28.356047+00:00,5,2025-01-22,370.7142857142857,hoch,0.0006029333333333333,Isartor,19
1503,8004131,West,2025-01-23 10:21:24.842025+00:00,3,2025-01-23,28.0,mittel,10.000850033333334,Isartor,10
1510,8004131,West,2025-01-27 23:45:47.820956+00:00,4,2025-01-27,,,61.99718538333333,Isartor,23
1511,8004131,West,2025-01-30 12:16:49.686140+00:00,16,2025-01-30,47.0,mittel,19.98591628333333,Isartor,12
1512,8004131,West,2025-02-03 15:03:00.438925+00:00,7,2025-02-03,-138.33333333333331,niedrig,16.002452666666667,Isartor,15
1515,8004131,West,2025-02-07 12:51:00.704456+00:00,3,2025-02-07,236.66666666666669,hoch,20.008973216666668,Isartor,12
1519,8004131,West,2025-02-09 08:41:00.563461+00:00,7,2025-02-09,0.0,mittel,15.998685516666665,Isartor,8
1524,8004131,West,2025-02-13 16:03:43.875750+00:00,10,2025-02-13,-56.5,niedrig,80.00188556666667,Isartor,16
1530,8004131,West,2025-02-14 22:19:43.429454+00:00,4,2025-02-14,358.8888888888889,hoch,13.993174816666668,Isartor,22
1532,8004131,West,2025-02-15 08:16:11.998635+00:00,3,2025-02-15,88.33333333333333,mittel,21.99529745,Isartor,8
1534,8004131,West,2025-02-16 12:36:11.831199+00:00,99,2025-02-16,190.0,hoch,136.00367783333334,Isartor,12
1535,8004131,West,2025-02-18 16:24:12.668026+00:00,4,2025-02-18,449.5,hoch,30.0130532,Isartor,16
1536,8004131,West,2025-02-18 21:16:12.173119+00:00,3,2025-02-18,,,4.0499999999999995e-05,Isartor,21
1538,8004131,West,2025-02-19 05:14:12.599697+00:00,45,2025-02-19,149.0,mittel,201.99410268333335,Isartor,5
1539,8004131,West,2025-02-20 10:40:12.061655+00:00,7,2025-02-20,127.0,mittel,16.00459945,Isartor,10
1542,8004131,West,2025-02-23 22:16:16.259577+00:00,20,2025-02-23,37.5,mittel,17.936468966666666,Isartor,22
1544,8004131,West,2025-02-25 14:52:13.217428+00:00,4,2025-02-25,86.0,mittel,26.0065323,Isartor,14
1545,8004131,West,2025-02-26 08:46:12.820226+00:00,5,2025-02-26,-70.0,niedrig,40.00340853333333,Isartor,8
1547,8004131,West,2025-03-04 14:16:40.690901+00:00,3,2025-03-04,-136.5,niedrig,9.9852272,Isartor,14
1549,8004131,West,2025-03-05 22:16:53.109299+00:00,3,2025-03-05,,,0.0018491833333333333,Isartor,22
1551,8004131,West,2025-03-07 18:17:14.643434+00:00,4,2025-03-07,-158.0,niedrig,0.0001794,Isartor,18
1553,8004131,West,2025-03-08 18:23:13.658486+00:00,20,2025-03-08,477.0,hoch,152.01112828333333,Isartor,18
1554,8004131,West,2025-03-12 14:17:19.916377+00:00,14,2025-03-12,-175.0,niedrig,0.0003885333333333333,Isartor,14
1556,8004131,West,2025-03-14 05:39:22.526410+00:00,3,2025-03-14,-112.5,niedrig,5.997229833333334,Isartor,5
1567,8004131,West,2025-03-22 20:07:25.821474+00:00,3,2025-03-22,60.0,mittel,21.862083816666665,Isartor,20
1570,8004131,West,2025-03-25 05:47:22.924251+00:00,21,2025-03-25,168.75,hoch,82.4689091,Isartor,5
1571,8004131,West,2025-03-25 12:51:57.155981+00:00,3,2025-03-25,6.666666666666686,mittel,6.5462892,Isartor,12
1574,8004131,West,2025-03-28 09:44:18.813468+00:00,11,2025-03-28,351.66666666666663,hoch,41.9276538,Isartor,9
1575,8004131,West,2025-03-31 10:17:11.447816+00:00,11,2025-03-31,14.0,mittel,0.007698583333333333,Isartor,10
1577,8004131,West,2025-04-03 13:16:34.701282+00:00,3,2025-04-03,-8.888888888888886,mittel,0.0014931,Isartor,13
1578,8004131,West,2025-04-08 04:08:00.621923+00:00,12,2025-04-08,523.3333333333334,hoch,61.27714565,Isartor,4
1580,8004131,West,2025-04-15 04:19:36.424623+00:00,7,2025-04-15,23.888888888888886,mittel,27.207543133333335,Isartor,4
1581,8004131,West,2025-04-16 13:16:17.675409+00:00,9,2025-04-16,184.0,hoch,2.36036035,Isartor,13
1585,8004131,West,2025-04-17 12:17:43.729045+00:00,5,2025-04-17,163.88888888888889,hoch,7.262424583333333,Isartor,12
1593,8004131,West,2025-04-27 23:25:49.031551+00:00,8,2025-04-27,290.0,hoch,14.172164033333333,Isartor,23
1596,8004131,West,2025-04-28 15:33:21.111623+00:00,5,2025-04-28,-128.0,niedrig,43.01234376666666,Isartor,15
1599,8004131,West,2025-04-30 14:36:13.416194+00:00,3,2025-04-30,278.0,hoch,16.859788733333332,Isartor,14
1604,8004131,West,2025-05-01 14:56:50.305456+00:00,3,2025-05-01,17.14285714285714,mittel,19.280211683333334,Isartor,14
1605,8004131,West,2025-05-02 14:02:53.320670+00:00,3,2025-05-02,16.599999999999994,mittel,19.968201166666667,Isartor,14
1609,8004131,West,2025-05-05 08:31:25.145289+00:00,30,2025-05-05,,,40.52467696666667,Isartor,8
1614,8004131,West,2025-05-09 05:20:32.575172+00:00,28,2025-05-09,-2.0,mittel,80.68678216666667,Isartor,5
1618,8004131,West,2025-05-21 07:01:03.617272+00:00,3,2025-05-21,176.0,hoch,10.217277816666666,Isartor,7
1626,8004131,West,2025-05-26 16:41:48.867997+00:00,22,2025-05-26,-56.666666666666686,niedrig,0.0028211166666666666,Isartor,16
1627,8004131,West,2025-05-28 08:23:22.212190+00:00,3,2025-05-28,-203.75,niedrig,9.199439916666668,Isartor,8
1630,8004131,West,2025-05-30 20:18:11.740925+00:00,3,2025-05-30,-150.0,niedrig,11.8980283,Isartor,20
1631,8004131,West,2025-05-31 14:17:19.593248+00:00,14,2025-05-31,-112.85714285714286,niedrig,0.0011268833333333333,Isartor,14
1644,8004131,West,2025-06-16 10:04:02.467201+00:00,6,2025-06-16,189.375,hoch,23.780352783333335,Isartor,10
1651,8004131,West,2025-06-19 13:27:15.376377+00:00,3,2025-06-19,185.0,hoch,11.869964533333333,Isartor,13
1652,8004131,West,2025-06-19 17:57:07.968763+00:00,45,2025-06-19,1017.1428571428571,hoch,171.83420398333334,Isartor,17
1654,8004131,West,2025-06-20 09:09:50.571194+00:00,47,2025-06-20,692.0,hoch,151.63091403333334,Isartor,9
1663,8004131,West,2025-06-22 14:10:55.133405+00:00,66,2025-06-22,638.5714285714286,hoch,91.53206041666667,Isartor,14
1665,8004131,West,2025-06-24 10:17:55.983933+00:00,3,2025-06-24,232.22222222222223,hoch,11.384545683333332,Isartor,10
1668,8004131,West,2025-06-24 20:17:31.905500+00:00,5,2025-06-24,306.25,hoch,24.33705755,Isartor,20
1671,8004131,West,2025-06-26 11:17:37.264780+00:00,10,2025-06-26,-2.5,mittel,22.349766416666668,Isartor,11
1677,8004131,West,2025-06-28 10:17:32.632227+00:00,85,2025-06-28,33.33333333333334,mittel,84.8324364,Isartor,10
1679,8004131,West,2025-06-30 06:16:13.527945+00:00,16,2025-06-30,173.33333333333334,hoch,63.47096908333333,Isartor,6
1683,8004131,West,2025-06-30 13:17:07.686887+00:00,5,2025-06-30,48.571428571428584,mittel,0.00011365000000000001,Isartor,13
1686,8004131,West,2025-07-01 14:44:35.565675+00:00,92,2025-07-01,1177.0,hoch,152.50845313333332,Isartor,14
1688,8004131,West,2025-07-02 12:09:19.267227+00:00,38,2025-07-02,353.75,hoch,68.00216156666667,Isartor,12
1692,8004131,West,2025-07-03 00:17:33.810636+00:00,3,2025-07-03,,,0.0009009666666666666,Isartor,0
1693,8004131,West,2025-07-03 06:18:02.773913+00:00,6,2025-07-03,243.75,hoch,19.093147866666666,Isartor,6
1694,8004131,West,2025-07-03 16:00:54.281920+00:00,3,2025-07-03,-133.33333333333331,niedrig,19.975165566666664,Isartor,16
1701,8004131,West,2025-07-07 04:23:37.992860+00:00,15,2025-07-07,312.8571428571429,hoch,21.302200016666667,Isartor,4
1703,8004131,West,2025-07-07 13:38:30.797394+00:00,9,2025-07-07,51.25,mittel,76.38527908333334,Isartor,13
1705,8004131,West,2025-07-08 07:18:01.807987+00:00,3,2025-07-08,581.25,hoch,0.00015653333333333333,Isartor,7
1707,8004131,West,2025-07-08 14:02:50.363519+00:00,5,2025-07-08,340.5,hoch,62.2475549,Isartor,14
1712,8004131,West,2025-07-09 07:34:06.182789+00:00,7,2025-07-09,316.66666666666663,hoch,111.8234371,Isartor,7
1715,8004131,West,2025-07-09 12:24:26.481680+00:00,4,2025-07-09,-88.75,niedrig,42.4900666,Isartor,12
1717,8004131,West,2025-07-10 11:17:06.793622+00:00,3,2025-07-10,198.0,hoch,0.00012806666666666667,Isartor,11
1723,8004131,West,2025-07-12 12:17:23.958870+00:00,15,2025-07-12,80.0,mittel,0.000815,Isartor,12
1725,8004131,West,2025-07-14 08:53:22.800723+00:00,4,2025-07-14,228.0,hoch,32.29094893333333,Isartor,8
1726,8004131,West,2025-07-16 06:17:40.324320+00:00,10,2025-07-16,-104.44444444444446,niedrig,0.0012591833333333332,Isartor,6
1729,8004131,West,2025-07-17 07:50:32.454807+00:00,5,2025-07-17,-17.142857142857167,mittel,27.184335383333334,Isartor,7
1735,8004131,West,2025-07-17 18:58:24.289539+00:00,3,2025-07-17,203.75,hoch,24.255183116666668,Isartor,18
1738,8004131,West,2025-07-18 18:18:05.662669+00:00,6,2025-07-18,-79.0,niedrig,13.3493975,Isartor,18
1742,8004131,West,2025-07-21 16:55:42.954931+00:00,8,2025-07-21,-166.66666666666669,niedrig,86.964387,Isartor,16
1749,8004131,West,2025-07-28 11:17:47.071747+00:00,19,2025-07-28,32.0,mittel,0.005085016666666667,Isartor,11
1754,8004131,West,2025-08-03 04:59:06.529863+00:00,4,2025-08-03,-8.888888888888886,mittel,13.883574000000001,Isartor,4
1755,8004131,West,2025-08-03 11:16:18.079442+00:00,35,2025-08-03,286.25,hoch,62.98736471666667,Isartor,11
1759,8004131,West,2025-08-06 06:08:26.282316+00:00,3,2025-08-06,375.0,hoch,21.28308601666667,Isartor,6
1761,8004131,West,2025-08-06 10:33:44.656294+00:00,61,2025-08-06,97.5,mittel,164.76585304999998,Isartor,10
1764,8004131,West,2025-08-08 09:16:48.180954+00:00,6,2025-08-08,171.0,hoch,0.0005914166666666667,Isartor,9
1767,8004131,West,2025-08-11 19:22:19.177424+00:00,3,2025-08-11,576.0,hoch,24.76900626666667,Isartor,19
1769,8004131,West,2025-08-12 21:17:57.366601+00:00,4,2025-08-12,,,0.00014788333333333334,Isartor,21
1770,8004131,West,2025-08-13 04:09:51.621393+00:00,13,2025-08-13,23.0,mittel,80.63448926666666,Isartor,4
1777,8004131,West,2025-08-20 20:29:27.182129+00:00,3,2025-08-20,398.57142857142856,hoch,28.748117266666668,Isartor,20
1779,8004131,West,2025-08-21 07:18:04.163739+00:00,79,2025-08-21,-76.0,niedrig,325.5056303666667,Isartor,7
1780,8004131,West,2025-08-21 14:04:23.129377+00:00,4,2025-08-21,22.0,mittel,17.05198215,Isartor,14
1787,8004131,West,2025-08-28 18:16:14.341031+00:00,14,2025-08-28,152.0,mittel,12.685477850000002,Isartor,18
1788,8004131,West,2025-08-30 20:16:27.139233+00:00,5,2025-08-30,,,0.0142574,Isartor,20
1789,8004131,West,2025-09-01 12:17:57.942824+00:00,6,2025-09-01,-147.0,niedrig,0.006768283333333333,Isartor,12
1791,8004131,West,2025-09-04 15:17:28.554880+00:00,15,2025-09-04,-63.0,niedrig,46.71188508333333,Isartor,15
1794,8004131,West,2025-09-05 17:17:37.056127+00:00,45,2025-09-05,-62.0,niedrig,32.23077151666667,Isartor,17
1795,8004131,West,2025-09-06 16:17:24.721180+00:00,6,2025-09-06,71.5,mittel,30.092592649999997,Isartor,16
1796,8004131,West,2025-09-07 10:13:02.638937+00:00,10,2025-09-07,561.4285714285714,hoch,34.62670983333333,Isartor,10
1799,8004131,West,2025-09-08 05:49:31.180470+00:00,4,2025-09-08,184.0,hoch,32.60700033333333,Isartor,5
1801,8004131,West,2025-09-08 11:27:58.192530+00:00,20,2025-09-08,123.0,mittel,38.226078199999996,Isartor,11
1813,8004131,West,2025-10-08 06:06:06.550385+00:00,20,2025-10-08,514.5,hoch,106.00361208333334,Isartor,6
1815,8004131,West,2025-10-08 14:16:10.682707+00:00,5,2025-10-08,70.0,mittel,15.968758166666667,Isartor,14
1827,8004131,West,2025-10-15 11:55:53.105664+00:00,7,2025-10-15,48.0,mittel,68.0269253,Isartor,11
1830,8004131,West,2025-10-15 20:16:52.584400+00:00,5,2025-10-15,49.0,mittel,0.016659749999999997,Isartor,20
1836,8004131,West,2025-10-23 07:48:17.965010+00:00,5,2025-10-23,246.0,hoch,22.182025716666665,Isartor,7
1838,8004131,West,2025-10-28 17:17:03.684565+00:00,28,2025-10-28,916.0,hoch,56.203733850000006,Isartor,17
1844,8004131,West,2025-11-10 08:16:53.485080+00:00,13,2025-11-10,-93.0,niedrig,12.008352533333333,Isartor,8
1847,8004131,West,2025-11-10 13:23:13.817152+00:00,4,2025-11-10,-5.0,mittel,0.01291725,Isartor,13
1848,8004131,West,2025-11-10 19:17:23.102410+00:00,156,2025-11-10,-89.5,niedrig,184.4728236,Isartor,19
1849,8004131,West,2025-11-11 09:17:23.303465+00:00,61,2025-11-11,-15.0,mittel,0.029019033333333333,Isartor,9
1851,8004131,West,2025-11-12 01:16:12.137596+00:00,5,2025-11-12,,,0.00141815,Isartor,1
1857,8004131,West,2025-11-12 12:18:10.954009+00:00,36,2025-11-12,183.33333333333331,hoch,90.01442101666666,Isartor,12
1861,8004131,West,2025-11-13 05:14:28.975132+00:00,6,2025-11-13,-250.0,niedrig,2.0286018666666665,Isartor,5
1870,8004131,West,2025-11-14 19:54:54.630516+00:00,3,2025-11-14,-183.0,niedrig,25.97238168333333,Isartor,19
1873,8004131,West,2025-11-16 22:17:44.449167+00:00,25,2025-11-16,,,16.385491166666664,Isartor,22
1882,8004131,West,2025-11-18 09:02:57.531434+00:00,15,2025-11-18,145.0,mittel,42.00490946666666,Isartor,9
1888,8004131,West,2025-11-19 01:17:15.687289+00:00,4,2025-11-19,,,0.0026955000000000004,Isartor,1
1892,8004131,West,2025-11-19 15:17:24.262442+00:00,13,2025-11-19,-197.0,niedrig,11.981439116666667,Isartor,15
1896,8004131,West,2025-11-20 10:18:03.203292+00:00,50,2025-11-20,97.22222222222223,mittel,19.918597766666668,Isartor,10
1898,8004131,West,2025-11-21 07:28:52.394178+00:00,45,2025-11-21,-242.22222222222223,niedrig,8.018517566666667,Isartor,7
1901,8004131,West,2025-11-22 04:58:08.191282+00:00,34,2025-11-22,447.5,hoch,18.001362866666668,Isartor,4
1902,8004131,West,2025-11-22 22:16:30.026235+00:00,11,2025-11-22,-97.5,niedrig,0.016341416666666667,Isartor,22
1904,8004131,West,2025-11-23 09:16:49.545214+00:00,5,2025-11-23,-154.16666666666666,niedrig,0.003560583333333333,Isartor,9
1912,8004131,West,2025-11-26 13:04:07.203951+00:00,4,2025-11-26,40.0,mittel,18.010881633333334,Isartor,13
1914,8004131,West,2025-12-04 15:16:47.712241+00:00,3,2025-12-04,252.0,hoch,0.013784033333333334,Isartor,15
1918,8004131,West,2025-12-10 09:37:47.860850+00:00,13,2025-12-10,743.3333333333334,hoch,87.98763141666667,Isartor,9
1920,8004131,West,2025-12-10 17:17:58.581697+00:00,10,2025-12-10,408.75,hoch,17.98348195,Isartor,17
1922,8004131,West,2025-12-11 17:16:58.222516+00:00,9,2025-12-11,-278.3333333333333,niedrig,0.016941849999999998,Isartor,17
1929,8004131,West,2025-12-18 10:16:14.472770+00:00,14,2025-12-18,112.5,mittel,40.031889666666665,Isartor,10
1934,8004131,West,2025-12-20 11:41:28.028079+00:00,8,2025-12-20,15.0,mittel,13.996539566666666,Isartor,11
1943,8004131,West,2025-12-30 17:16:44.099857+00:00,14,2025-12-30,-110.0,niedrig,26.000541183333333,Isartor,17
1483,8004131,Ost,2025-01-05 15:17:54.725589+00:00,6,2025-01-05,170.0,hoch,0.003480033333333333,Isartor,15
1488,8004131,Ost,2025-01-09 19:23:31.212725+00:00,3,2025-01-09,593.0,hoch,24.013884599999997,Isartor,19
1491,8004131,Ost,2025-01-13 18:13:20.472399+00:00,15,2025-01-13,,,0.00122495,Isartor,18
1492,8004131,Ost,2025-01-15 05:05:53.835322+00:00,4,2025-01-15,332.0,hoch,3.9962273666666666,Isartor,5
1497,8004131,Ost,2025-01-21 10:01:24.201723+00:00,3,2025-01-21,65.0,mittel,18.009427533333334,Isartor,10
1508,8004131,Ost,2025-01-24 22:37:24.530675+00:00,3,2025-01-24,65.0,mittel,15.99865705,Isartor,22
1509,8004131,Ost,2025-01-27 22:17:59.891302+00:00,4,2025-01-27,33.75,mittel,29.801233533333335,Isartor,22
1513,8004131,Ost,2025-02-04 09:17:04.260688+00:00,9,2025-02-04,-57.5,niedrig,0.00098285,Isartor,9
1516,8004131,Ost,2025-02-07 13:51:00.560254+00:00,3,2025-02-07,464.44444444444446,hoch,14.01155955,Isartor,13
1517,8004131,Ost,2025-02-08 05:27:00.440319+00:00,3,2025-02-08,1268.3333333333333,hoch,4.0002497833333335,Isartor,5
1522,8004131,Ost,2025-02-12 10:17:04.502573+00:00,15,2025-02-12,208.57142857142858,hoch,0.006699166666666667,Isartor,10
1523,8004131,Ost,2025-02-13 04:35:01.102419+00:00,3,2025-02-13,460.0,hoch,14.001808183333333,Isartor,4
1531,8004131,Ost,2025-02-14 22:59:43.018955+00:00,120,2025-02-14,-221.25,niedrig,64.47250126666667,Isartor,22
1533,8004131,Ost,2025-02-16 08:50:11.986253+00:00,64,2025-02-16,,,207.99024823333332,Isartor,8
1540,8004131,Ost,2025-02-20 15:16:12.963513+00:00,8,2025-02-20,-43.33333333333334,niedrig,12.006956683333334,Isartor,15
1541,8004131,Ost,2025-02-23 12:02:12.996377+00:00,10,2025-02-23,,,79.98935911666668,Isartor,12
1543,8004131,Ost,2025-02-25 14:04:13.319916+00:00,4,2025-02-25,-183.75,niedrig,29.998879233333334,Isartor,14
1546,8004131,Ost,2025-03-04 09:36:39.831998+00:00,18,2025-03-04,360.0,hoch,217.9967028,Isartor,9
1548,8004131,Ost,2025-03-05 08:16:40.266675+00:00,15,2025-03-05,18.0,mittel,0.0013791833333333333,Isartor,8
1550,8004131,Ost,2025-03-06 12:01:13.775511+00:00,3,2025-03-06,3.333333333333343,mittel,20.007002800000002,Isartor,12
1552,8004131,Ost,2025-03-07 18:37:14.337687+00:00,6,2025-03-07,-65.0,niedrig,1.9953058000000001,Isartor,18
1562,8004131,Ost,2025-03-17 09:01:23.052819+00:00,9,2025-03-17,104.0,mittel,2.96e-05,Isartor,9
1566,8004131,Ost,2025-03-20 06:07:23.379891+00:00,3,2025-03-20,-99.0,niedrig,12.037883533333334,Isartor,6
1569,8004131,Ost,2025-03-24 09:05:22.967719+00:00,4,2025-03-24,342.5,hoch,4.718502366666667,Isartor,9
1572,8004131,Ost,2025-03-26 19:39:41.621925+00:00,3,2025-03-26,216.25,hoch,48.1480396,Isartor,19
1573,8004131,Ost,2025-03-28 09:16:24.416008+00:00,6,2025-03-28,491.6666666666667,hoch,0.0041788,Isartor,9
1576,8004131,Ost,2025-04-02 17:09:21.961001+00:00,6,2025-04-02,-65.5,niedrig,16.056189516666667,Isartor,17
1579,8004131,Ost,2025-04-10 12:54:48.685620+00:00,3,2025-04-10,-96.25,niedrig,15.811155916666667,Isartor,12
1583,8004131,Ost,2025-04-16 16:45:06.339389+00:00,3,2025-04-16,138.75,mittel,4.5118126,Isartor,16
1586,8004131,Ost,2025-04-17 14:17:40.099870+00:00,5,2025-04-17,-3.333333333333343,mittel,0.0003839,Isartor,14
1587,8004131,Ost,2025-04-20 08:08:28.649225+00:00,10,2025-04-20,-96.66666666666667,niedrig,59.04340695,Isartor,8
1588,8004131,Ost,2025-04-22 13:13:49.050976+00:00,45,2025-04-22,580.0,hoch,94.98870148333334,Isartor,13
1589,8004131,Ost,2025-04-22 17:17:32.270513+00:00,4,2025-04-22,-152.0,niedrig,0.007184866666666666,Isartor,17
1590,8004131,Ost,2025-04-27 06:17:48.483475+00:00,13,2025-04-27,6.666666666666671,mittel,0.008170533333333334,Isartor,6
1592,8004131,Ost,2025-04-27 21:16:30.201710+00:00,40,2025-04-27,,,110.33712906666666,Isartor,21
1597,8004131,Ost,2025-04-29 08:13:55.399870+00:00,40,2025-04-29,368.8888888888889,hoch,101.01620996666666,Isartor,8
1598,8004131,Ost,2025-04-29 21:18:03.741994+00:00,3,2025-04-29,-50.0,niedrig,0.005809166666666667,Isartor,21
1603,8004131,Ost,2025-05-01 13:46:44.388589+00:00,7,2025-05-01,115.0,mittel,30.28194885,Isartor,13
1606,8004131,Ost,2025-05-02 20:04:13.409693+00:00,36,2025-05-02,1271.6666666666667,hoch,75.09479401666667,Isartor,20
1607,8004131,Ost,2025-05-04 12:33:55.175226+00:00,134,2025-05-04,-45.0,niedrig,359.94155615,Isartor,12
1608,8004131,Ost,2025-05-04 23:02:20.400640+00:00,16,2025-05-04,245.14285714285717,hoch,0.016616733333333335,Isartor,23
1610,8004131,Ost,2025-05-05 09:34:52.277684+00:00,4,2025-05-05,370.55555555555554,hoch,38.418867866666666,Isartor,9
1611,8004131,Ost,2025-05-05 17:16:50.949355+00:00,4,2025-05-05,7.7777777777777715,mittel,12.33971915,Isartor,17
1612,8004131,Ost,2025-05-08 04:54:41.326650+00:00,3,2025-05-08,559.375,hoch,26.941044116666667,Isartor,4
1613,8004131,Ost,2025-05-09 03:40:42.265120+00:00,23,2025-05-09,25.0,mittel,84.55711106666666,Isartor,3
1615,8004131,Ost,2025-05-15 12:18:06.580524+00:00,4,2025-05-15,106.66666666666666,mittel,0.0039512,Isartor,12
1620,8004131,Ost,2025-05-21 17:17:07.922955+00:00,3,2025-05-21,-191.25,niedrig,28.87242001666667,Isartor,17
1622,8004131,Ost,2025-05-24 10:16:54.539817+00:00,39,2025-05-24,18.75,mittel,45.91298105,Isartor,10
1623,8004131,Ost,2025-05-26 04:10:17.137523+00:00,12,2025-05-26,180.0,hoch,61.009236783333336,Isartor,4
1632,8004131,Ost,2025-05-31 17:12:22.749490+00:00,4,2025-05-31,763.75,hoch,8.914862166666667,Isartor,17
1633,8004131,Ost,2025-06-03 04:03:34.939653+00:00,14,2025-06-03,-58.33333333333333,niedrig,106.43742581666667,Isartor,4
1634,8004131,Ost,2025-06-03 20:17:08.736184+00:00,6,2025-06-03,-120.0,niedrig,0.0007471166666666667,Isartor,20
1635,8004131,Ost,2025-06-04 07:29:39.647995+00:00,4,2025-06-04,87.0,mittel,38.283824366666664,Isartor,7
1636,8004131,Ost,2025-06-07 05:40:18.426008+00:00,3,2025-06-07,892.1428571428571,hoch,12.950266050000002,Isartor,5
1637,8004131,Ost,2025-06-08 12:22:18.942781+00:00,3,2025-06-08,,,19.06487428333333,Isartor,12
1638,8004131,Ost,2025-06-10 10:55:58.237996+00:00,3,2025-06-10,1707.5,hoch,11.542560616666666,Isartor,10
1639,8004131,Ost,2025-06-11 13:40:53.402993+00:00,3,2025-06-11,612.2222222222222,hoch,3.6833333333333334e-06,Isartor,13
1642,8004131,Ost,2025-06-16 04:58:51.959936+00:00,4,2025-06-16,356.66666666666663,hoch,27.507167133333333,Isartor,4
1645,8004131,Ost,2025-06-16 11:06:02.220901+00:00,4,2025-06-16,82.22222222222223,mittel,28.538222183333335,Isartor,11
1646,8004131,Ost,2025-06-18 22:42:53.606362+00:00,3,2025-06-18,791.4285714285714,hoch,0.0002566166666666667,Isartor,22
1653,8004131,Ost,2025-06-19 21:05:15.080423+00:00,7,2025-06-19,,,33.51352656666667,Isartor,21
1660,8004131,Ost,2025-06-21 21:16:24.442375+00:00,4,2025-06-21,153.75,mittel,24.524755350000003,Isartor,21
1664,8004131,Ost,2025-06-24 07:45:48.781010+00:00,33,2025-06-24,778.5,hoch,75.60798933333334,Isartor,7
1667,8004131,Ost,2025-06-24 17:17:12.443671+00:00,28,2025-06-24,-173.33333333333331,niedrig,2.0422629666666667,Isartor,17
1670,8004131,Ost,2025-06-25 16:16:19.489523+00:00,34,2025-06-25,197.0,hoch,90.19646743333332,Isartor,16
1672,8004131,Ost,2025-06-26 12:12:37.334369+00:00,4,2025-06-26,-94.44444444444446,niedrig,10.520635316666667,Isartor,12
1673,8004131,Ost,2025-06-27 02:31:42.903926+00:00,14,2025-06-27,,,0.00093615,Isartor,2
1687,8004131,Ost,2025-07-02 07:16:14.642737+00:00,93,2025-07-02,-355.5,niedrig,157.55443096666667,Isartor,7
1690,8004131,Ost,2025-07-02 22:16:16.010194+00:00,4,2025-07-02,-82.22222222222223,niedrig,0.0021830499999999997,Isartor,22
1696,8004131,Ost,2025-07-03 23:18:03.896005+00:00,3,2025-07-03,6.0,mittel,0.0010534333333333333,Isartor,23
1700,8004131,Ost,2025-07-05 16:30:23.742141+00:00,3,2025-07-05,-153.33333333333334,niedrig,26.9210349,Isartor,16
1702,8004131,Ost,2025-07-07 05:34:46.514635+00:00,6,2025-07-07,57.5,mittel,29.01952,Isartor,5
1710,8004131,Ost,2025-07-08 20:17:00.149992+00:00,7,2025-07-08,,,1.76840905,Isartor,20
1711,8004131,Ost,2025-07-09 03:37:14.829414+00:00,4,2025-07-09,-48.888888888888886,niedrig,47.06867815,Isartor,3
1714,8004131,Ost,2025-07-09 10:42:31.293163+00:00,5,2025-07-09,-187.77777777777777,niedrig,64.85800016666667,Isartor,10
1716,8004131,Ost,2025-07-10 03:47:14.805369+00:00,17,2025-07-10,-108.88888888888889,niedrig,187.24570864999998,Isartor,3
1727,8004131,Ost,2025-07-16 10:08:45.186421+00:00,4,2025-07-16,132.85714285714283,mittel,10.168535733333332,Isartor,10
1728,8004131,Ost,2025-07-17 06:53:06.612642+00:00,4,2025-07-17,118.88888888888891,mittel,16.55513935,Isartor,6
1734,8004131,Ost,2025-07-17 18:16:37.899545+00:00,6,2025-07-17,105.0,mittel,4.035032316666666,Isartor,18
1740,8004131,Ost,2025-07-21 08:13:14.380284+00:00,63,2025-07-21,372.0,hoch,159.7916776,Isartor,8
1741,8004131,Ost,2025-07-21 13:17:43.422990+00:00,11,2025-07-21,-31.111111111111114,mittel,0.005047783333333333,Isartor,13
1743,8004131,Ost,2025-07-23 09:16:58.590782+00:00,7,2025-07-23,,,0.0003725166666666667,Isartor,9
1745,8004131,Ost,2025-07-24 13:32:18.641032+00:00,4,2025-07-24,-53.5,niedrig,41.781984683333334,Isartor,13
1750,8004131,Ost,2025-08-01 08:24:45.018034+00:00,4,2025-08-01,-46.25,niedrig,10.857165199999999,Isartor,8
1753,8004131,Ost,2025-08-01 20:16:46.453301+00:00,104,2025-08-01,162.0,hoch,63.16940745,Isartor,20
1756,8004131,Ost,2025-08-03 15:40:07.683684+00:00,3,2025-08-03,-138.0,niedrig,19.43132608333333,Isartor,15
1757,8004131,Ost,2025-08-05 09:51:44.922959+00:00,6,2025-08-05,-18.0,mittel,24.940339016666666,Isartor,9
1758,8004131,Ost,2025-08-05 21:18:06.503851+00:00,8,2025-08-05,-390.0,niedrig,18.5266012,Isartor,21
1760,8004131,Ost,2025-08-06 06:59:50.157165+00:00,14,2025-08-06,-27.0,mittel,40.7561531,Isartor,6
1762,8004131,Ost,2025-08-07 07:36:58.112293+00:00,4,2025-08-07,363.0,hoch,14.484787516666668,Isartor,7
1766,8004131,Ost,2025-08-11 08:35:00.206155+00:00,3,2025-08-11,55.0,mittel,7.962163266666667,Isartor,8
1768,8004131,Ost,2025-08-12 20:16:41.982982+00:00,9,2025-08-12,3.3333333333333286,mittel,6.374661916666667,Isartor,20
1771,8004131,Ost,2025-08-15 18:02:48.529624+00:00,4,2025-08-15,694.0,hoch,2.3394145166666664,Isartor,18
1772,8004131,Ost,2025-08-16 11:17:52.664961+00:00,18,2025-08-16,61.0,mittel,0.0032689666666666666,Isartor,11
1774,8004131,Ost,2025-08-18 07:15:47.522630+00:00,17,2025-08-18,106.0,mittel,94.8364247,Isartor,7
1778,8004131,Ost,2025-08-20 21:17:15.243667+00:00,17,2025-08-20,3.3333333333333357,mittel,25.9662358,Isartor,21
1781,8004131,Ost,2025-08-21 20:08:50.988228+00:00,12,2025-08-21,-143.33333333333334,niedrig,0.003551883333333333,Isartor,20
1785,8004131,Ost,2025-08-27 14:21:35.704212+00:00,4,2025-08-27,-56.0,niedrig,11.7474835,Isartor,14
1797,8004131,Ost,2025-09-07 11:46:25.797592+00:00,4,2025-09-07,112.5,mittel,22.858235383333334,Isartor,11
1800,8004131,Ost,2025-09-08 07:08:04.501157+00:00,14,2025-09-08,-34.0,niedrig,36.94942726666667,Isartor,7
1802,8004131,Ost,2025-09-08 15:17:41.110991+00:00,15,2025-09-08,517.0,hoch,0.04609086666666666,Isartor,15
1803,8004131,Ost,2025-09-18 14:41:57.238320+00:00,12,2025-09-18,109.44444444444446,mittel,24.43697171666667,Isartor,14
1806,8004131,Ost,2025-09-29 19:26:00.822756+00:00,3,2025-09-29,147.0,mittel,0.002924016666666667,Isartor,19
1810,8004131,Ost,2025-10-04 14:16:38.785432+00:00,4,2025-10-04,631.25,hoch,13.997570999999999,Isartor,14
1811,8004131,Ost,2025-10-06 12:17:51.376081+00:00,54,2025-10-06,590.0,hoch,82.03204918333333,Isartor,12
1814,8004131,Ost,2025-10-08 08:28:06.559303+00:00,5,2025-10-08,-71.66666666666669,niedrig,64.01591585,Isartor,8
1820,8004131,Ost,2025-10-14 10:17:37.741150+00:00,39,2025-10-14,117.77777777777777,mittel,0.11084995,Isartor,10
1824,8004131,Ost,2025-10-14 20:16:13.533007+00:00,40,2025-10-14,-96.66666666666666,niedrig,40.00925828333333,Isartor,20
1826,8004131,Ost,2025-10-15 09:29:35.062316+00:00,156,2025-10-15,,,114.29315336666667,Isartor,9
1829,8004131,Ost,2025-10-15 19:14:46.552846+00:00,4,2025-10-15,-127.5,niedrig,38.059325199999996,Isartor,19
1831,8004131,Ost,2025-10-16 15:16:55.249760+00:00,7,2025-10-16,24.0,mittel,33.97781371666667,Isartor,15
1833,8004131,Ost,2025-10-17 17:23:21.778477+00:00,13,2025-10-17,371.6666666666667,hoch,73.99287143333332,Isartor,17
1839,8004131,Ost,2025-10-28 19:17:19.163272+00:00,4,2025-10-28,533.0,hoch,0.011543116666666665,Isartor,19
1840,8004131,Ost,2025-10-29 13:17:03.491205+00:00,10,2025-10-29,-20.0,mittel,26.206211366666665,Isartor,13
1841,8004131,Ost,2025-11-09 13:16:04.358903+00:00,4,2025-11-09,12.222222222222229,mittel,19.99232395,Isartor,13
1845,8004131,Ost,2025-11-10 10:16:55.359993+00:00,109,2025-11-10,,,46.01634873333333,Isartor,10
1856,8004131,Ost,2025-11-12 09:28:05.337281+00:00,17,2025-11-12,338.66666666666663,hoch,90.00494215,Isartor,9
1862,8004131,Ost,2025-11-13 06:12:28.571045+00:00,3,2025-11-13,374.0,hoch,0.0003199333333333334,Isartor,6
1863,8004131,Ost,2025-11-13 15:16:36.904757+00:00,36,2025-11-13,-324.44444444444446,niedrig,0.23399545,Isartor,15
1874,8004131,Ost,2025-11-17 17:18:09.620001+00:00,64,2025-11-17,-174.44444444444446,niedrig,0.3223139,Isartor,17
1883,8004131,Ost,2025-11-18 12:09:04.701492+00:00,8,2025-11-18,63.5,mittel,8.2411155,Isartor,12
1884,8004131,Ost,2025-11-18 16:16:41.691973+00:00,7,2025-11-18,-40.0,niedrig,0.003913783333333334,Isartor,16
1886,8004131,Ost,2025-11-18 23:17:15.993080+00:00,4,2025-11-18,8.888888888888886,mittel,0.0048817,Isartor,23
1897,8004131,Ost,2025-11-20 22:16:25.901105+00:00,30,2025-11-20,-258.8888888888889,niedrig,0.0154803,Isartor,22
1900,8004131,Ost,2025-11-21 22:18:01.076382+00:00,24,2025-11-21,-168.75,niedrig,4.119101933333334,Isartor,22
1907,8004131,Ost,2025-11-23 13:16:49.916222+00:00,8,2025-11-23,184.28571428571428,hoch,29.999144100000002,Isartor,13
1909,8004131,Ost,2025-11-24 08:12:49.894703+00:00,7,2025-11-24,3034.0,hoch,4.022157833333333,Isartor,8
1910,8004131,Ost,2025-11-24 19:17:27.530684+00:00,12,2025-11-24,226.66666666666669,hoch,0.019711116666666664,Isartor,19
1911,8004131,Ost,2025-11-26 11:50:06.952685+00:00,9,2025-11-26,206.25,hoch,48.00386581666667,Isartor,11
1913,8004131,Ost,2025-12-02 06:52:08.957299+00:00,11,2025-12-02,-151.66666666666669,niedrig,90.09205879999999,Isartor,6
1915,8004131,Ost,2025-12-05 07:07:20.624303+00:00,4,2025-12-05,360.0,hoch,18.00247776666667,Isartor,7
1916,8004131,Ost,2025-12-06 19:16:33.312949+00:00,4,2025-12-06,50.0,mittel,0.0037841166666666664,Isartor,19
1917,8004131,Ost,2025-12-10 07:11:48.428137+00:00,6,2025-12-10,,,23.992953333333332,Isartor,7
1919,8004131,Ost,2025-12-10 12:17:50.453016+00:00,83,2025-12-10,-307.5,niedrig,0.08342556666666666,Isartor,12
1923,8004131,Ost,2025-12-11 21:47:26.746115+00:00,13,2025-12-11,55.71428571428572,mittel,52.38822025,Isartor,21
1924,8004131,Ost,2025-12-14 17:12:24.173905+00:00,13,2025-12-14,-222.0,niedrig,19.9932175,Isartor,17
1925,8004131,Ost,2025-12-16 08:16:54.912269+00:00,4,2025-12-16,110.0,mittel,0.0011326,Isartor,8
1926,8004131,Ost,2025-12-16 14:17:48.769660+00:00,11,2025-12-16,54.0,mittel,0.02030935,Isartor,14
1927,8004131,Ost,2025-12-17 08:17:00.634421+00:00,65,2025-12-17,744.0,hoch,121.97931733333333,Isartor,8
1928,8004131,Ost,2025-12-18 09:52:06.848522+00:00,3,2025-12-18,105.0,mittel,0.06734783333333333,Isartor,9
1935,8004131,Ost,2025-12-20 20:23:27.896790+00:00,3,2025-12-20,50.0,mittel,15.998707516666666,Isartor,20
1936,8004131,Ost,2025-12-21 06:21:58.720929+00:00,12,2025-12-21,66.0,mittel,98.00046646666667,Isartor,6
1937,8004131,Ost,2025-12-27 16:17:24.459723+00:00,10,2025-12-27,-174.0,niedrig,13.9434521,Isartor,16
1938,8004131,Ost,2025-12-29 08:17:18.427083+00:00,35,2025-12-29,80.0,mittel,35.11166945,Isartor,8
1940,8004131,Ost,2025-12-30 07:58:39.228745+00:00,8,2025-12-30,323.33333333333337,hoch,57.99308523333333,Isartor,7
1946,8004131,Ost,2025-12-30 21:16:44.365704+00:00,3,2025-12-30,-187.5,niedrig,0.03642446666666667,Isartor,21
1947,8004131,Ost,2025-12-31 08:16:50.482423+00:00,7,2025-12-31,-212.5,niedrig,12.009224999999999,Isartor,8
1952,8004132,West,2025-01-05 17:55:55.288089+00:00,66,2025-01-05,960.0,hoch,109.98352158333334,Karlsplatz (Stachus),17
1953,8004132,West,2025-01-07 08:17:56.530005+00:00,11,2025-01-07,-74.0,niedrig,0.00024185,Karlsplatz (Stachus),8
1955,8004132,West,2025-01-09 18:43:32.044307+00:00,3,2025-01-09,220.0,hoch,22.000701283333335,Karlsplatz (Stachus),18
1957,8004132,West,2025-01-10 04:13:30.464697+00:00,4,2025-01-10,-48.0,niedrig,56.0184404,Karlsplatz (Stachus),4
1960,8004132,West,2025-01-10 14:15:18.461765+00:00,17,2025-01-10,-150.0,niedrig,0.005780816666666667,Karlsplatz (Stachus),14
1964,8004132,West,2025-01-15 19:17:26.377848+00:00,37,2025-01-15,45.0,mittel,7.972918166666667,Karlsplatz (Stachus),19
1968,8004132,West,2025-01-21 20:17:25.989630+00:00,3,2025-01-21,35.0,mittel,11.975763533333332,Karlsplatz (Stachus),20
1970,8004132,West,2025-01-22 08:11:24.986629+00:00,31,2025-01-22,247.5,hoch,177.99456211666666,Karlsplatz (Stachus),8
1971,8004132,West,2025-01-22 19:17:28.569811+00:00,5,2025-01-22,309.0,hoch,0.0005059166666666667,Karlsplatz (Stachus),19
1972,8004132,West,2025-01-23 10:21:24.873251+00:00,3,2025-01-23,-129.16666666666666,niedrig,12.00090595,Karlsplatz (Stachus),10
1979,8004132,West,2025-01-30 12:16:49.956616+00:00,17,2025-01-30,-17.142857142857167,mittel,19.9818592,Karlsplatz (Stachus),12
1980,8004132,West,2025-02-03 15:05:01.218718+00:00,7,2025-02-03,-122.22222222222223,niedrig,13.990531816666667,Karlsplatz (Stachus),15
1982,8004132,West,2025-02-07 11:17:03.492848+00:00,6,2025-02-07,185.0,hoch,19.957839449999998,Karlsplatz (Stachus),11
1985,8004132,West,2025-02-09 08:41:00.594938+00:00,8,2025-02-09,100.0,mittel,17.999147733333334,Karlsplatz (Stachus),8
1990,8004132,West,2025-02-13 16:13:43.903897+00:00,10,2025-02-13,653.0,hoch,72.00161150000001,Karlsplatz (Stachus),16
1996,8004132,West,2025-02-14 22:19:43.478402+00:00,4,2025-02-14,,,9.996837766666665,Karlsplatz (Stachus),22
1998,8004132,West,2025-02-15 08:16:12.067911+00:00,3,2025-02-15,-162.85714285714286,niedrig,21.99467015,Karlsplatz (Stachus),8
1999,8004132,West,2025-02-16 08:52:12.261688+00:00,164,2025-02-16,,,356.0054551,Karlsplatz (Stachus),8
2001,8004132,West,2025-02-18 16:30:12.405018+00:00,4,2025-02-18,-2.2222222222222285,mittel,25.9954244,Karlsplatz (Stachus),16
2002,8004132,West,2025-02-18 21:16:12.215532+00:00,3,2025-02-18,,,2.2150000000000003e-05,Karlsplatz (Stachus),21
2004,8004132,West,2025-02-19 05:20:12.874136+00:00,43,2025-02-19,109.5,mittel,159.99726138333332,Karlsplatz (Stachus),5
2006,8004132,West,2025-02-20 10:44:12.580180+00:00,9,2025-02-20,276.5,hoch,22.00611875,Karlsplatz (Stachus),10
2009,8004132,West,2025-02-23 13:00:12.439122+00:00,3,2025-02-23,,,18.007566100000002,Karlsplatz (Stachus),13
2010,8004132,West,2025-02-23 22:16:16.376681+00:00,22,2025-02-23,-121.25,niedrig,13.941681566666666,Karlsplatz (Stachus),22
2012,8004132,West,2025-02-25 14:56:13.242087+00:00,4,2025-02-25,13.0,mittel,22.00658705,Karlsplatz (Stachus),14
2013,8004132,West,2025-02-26 08:56:13.021491+00:00,5,2025-02-26,1085.0,hoch,30.000576233333334,Karlsplatz (Stachus),8
2016,8004132,West,2025-03-04 14:16:40.730241+00:00,3,2025-03-04,-113.0,niedrig,9.9854006,Karlsplatz (Stachus),14
2018,8004132,West,2025-03-05 11:02:40.622499+00:00,3,2025-03-05,482.5,hoch,15.9903167,Karlsplatz (Stachus),11
2019,8004132,West,2025-03-05 22:16:53.395324+00:00,3,2025-03-05,,,0.0016265333333333333,Karlsplatz (Stachus),22
2021,8004132,West,2025-03-07 18:17:14.694314+00:00,4,2025-03-07,-120.0,niedrig,0.00019125000000000001,Karlsplatz (Stachus),18
2023,8004132,West,2025-03-08 18:29:14.240500+00:00,20,2025-03-08,543.0,hoch,147.99796863333333,Karlsplatz (Stachus),18
2024,8004132,West,2025-03-12 14:17:20.140749+00:00,14,2025-03-12,-205.55555555555554,niedrig,0.0003335666666666667,Karlsplatz (Stachus),14
2034,8004132,West,2025-03-24 07:44:41.495833+00:00,8,2025-03-24,95.625,mittel,59.56879,Karlsplatz (Stachus),7
2036,8004132,West,2025-03-25 05:53:21.555649+00:00,21,2025-03-25,-90.0,niedrig,81.7072848,Karlsplatz (Stachus),5
2038,8004132,West,2025-03-26 19:55:41.951309+00:00,3,2025-03-26,158.75,hoch,34.20058111666666,Karlsplatz (Stachus),19
2041,8004132,West,2025-03-31 10:17:12.365875+00:00,11,2025-03-31,316.66666666666663,hoch,0.0014157999999999998,Karlsplatz (Stachus),10
2043,8004132,West,2025-04-03 13:16:34.956400+00:00,3,2025-04-03,-82.22222222222223,niedrig,0.0016245166666666666,Karlsplatz (Stachus),13
2044,8004132,West,2025-04-08 04:11:55.348357+00:00,12,2025-04-08,-70.0,niedrig,69.40060831666666,Karlsplatz (Stachus),4
2045,8004132,West,2025-04-15 04:19:38.943754+00:00,7,2025-04-15,-132.22222222222223,niedrig,29.225155933333333,Karlsplatz (Stachus),4
2046,8004132,West,2025-04-16 13:16:20.223163+00:00,9,2025-04-16,-133.33333333333334,niedrig,0.018101633333333332,Karlsplatz (Stachus),13
2050,8004132,West,2025-04-17 12:17:44.695045+00:00,5,2025-04-17,240.0,hoch,7.254007,Karlsplatz (Stachus),12
2052,8004132,West,2025-04-20 08:16:05.340264+00:00,11,2025-04-20,600.0,hoch,47.07298333333333,Karlsplatz (Stachus),8
2060,8004132,West,2025-04-28 15:48:29.127333+00:00,4,2025-04-28,51.5,mittel,30.56612405,Karlsplatz (Stachus),15
2066,8004132,West,2025-05-01 15:01:22.715834+00:00,3,2025-05-01,57.22222222222223,mittel,14.78092425,Karlsplatz (Stachus),15
2071,8004132,West,2025-05-05 08:31:28.191300+00:00,31,2025-05-05,383.75,hoch,60.50332615,Karlsplatz (Stachus),8
2078,8004132,West,2025-05-20 15:17:38.194791+00:00,9,2025-05-20,-78.0,niedrig,40.94297888333333,Karlsplatz (Stachus),15
2079,8004132,West,2025-05-21 07:03:14.141397+00:00,3,2025-05-21,257.5,hoch,13.181996166666666,Karlsplatz (Stachus),7
2087,8004132,West,2025-05-26 10:21:01.521295+00:00,10,2025-05-26,344.44444444444446,hoch,45.818556550000004,Karlsplatz (Stachus),10
2088,8004132,West,2025-05-26 16:41:49.830704+00:00,25,2025-05-26,-297.0,niedrig,0.0031805,Karlsplatz (Stachus),16
2089,8004132,West,2025-05-28 08:26:35.921211+00:00,3,2025-05-28,-65.0,niedrig,5.989036583333333,Karlsplatz (Stachus),8
2092,8004132,West,2025-05-30 20:18:11.850194+00:00,4,2025-05-30,-2.0,mittel,29.62963485,Karlsplatz (Stachus),20
2093,8004132,West,2025-05-31 14:17:19.901198+00:00,14,2025-05-31,-226.66666666666669,niedrig,0.0013457666666666667,Karlsplatz (Stachus),14
2095,8004132,West,2025-06-03 04:17:39.665217+00:00,15,2025-06-03,-111.0,niedrig,131.89453696666666,Karlsplatz (Stachus),4
2098,8004132,West,2025-06-04 07:55:36.714683+00:00,3,2025-06-04,39.0,mittel,12.333350633333334,Karlsplatz (Stachus),7
2104,8004132,West,2025-06-16 04:47:49.260332+00:00,4,2025-06-16,29.0,mittel,38.5621119,Karlsplatz (Stachus),4
2111,8004132,West,2025-06-19 13:31:28.438937+00:00,3,2025-06-19,173.75,hoch,13.791348933333333,Karlsplatz (Stachus),13
2114,8004132,West,2025-06-19 21:57:39.502741+00:00,3,2025-06-19,,,3.9710821666666667,Karlsplatz (Stachus),21
2115,8004132,West,2025-06-20 09:09:50.731818+00:00,47,2025-06-20,,,151.63054676666667,Karlsplatz (Stachus),9
2122,8004132,West,2025-06-22 09:18:10.710107+00:00,48,2025-06-22,428.57142857142856,hoch,115.92327615,Karlsplatz (Stachus),9
2124,8004132,West,2025-06-22 14:10:55.549822+00:00,66,2025-06-22,181.25,hoch,93.53799478333333,Karlsplatz (Stachus),14
2126,8004132,West,2025-06-24 10:19:54.192951+00:00,3,2025-06-24,-86.66666666666666,niedrig,9.426518366666667,Karlsplatz (Stachus),10
2132,8004132,West,2025-06-26 11:06:56.920966+00:00,11,2025-06-26,-21.111111111111086,mittel,39.4589657,Karlsplatz (Stachus),11
2137,8004132,West,2025-06-27 11:08:40.077594+00:00,17,2025-06-27,-51.666666666666686,niedrig,126.37179046666667,Karlsplatz (Stachus),11
2139,8004132,West,2025-06-28 10:17:32.895606+00:00,86,2025-06-28,287.0,hoch,84.8507098,Karlsplatz (Stachus),10
2141,8004132,West,2025-06-30 06:16:13.693088+00:00,16,2025-06-30,248.0,hoch,63.47100143333333,Karlsplatz (Stachus),6
2147,8004132,West,2025-06-30 13:17:07.801385+00:00,5,2025-06-30,280.0,hoch,4.9e-06,Karlsplatz (Stachus),13
2151,8004132,West,2025-07-01 15:39:07.735557+00:00,94,2025-07-01,120.0,mittel,97.98279965,Karlsplatz (Stachus),15
2158,8004132,West,2025-07-03 00:17:34.677839+00:00,3,2025-07-03,,,0.0018234999999999998,Karlsplatz (Stachus),0
2159,8004132,West,2025-07-03 06:18:02.938648+00:00,6,2025-07-03,272.0,hoch,19.098713216666667,Karlsplatz (Stachus),6
2160,8004132,West,2025-07-03 16:00:55.087610+00:00,3,2025-07-03,-15.0,mittel,25.16390395,Karlsplatz (Stachus),16
2168,8004132,West,2025-07-07 04:22:06.079375+00:00,16,2025-07-07,501.0,hoch,25.094569866666667,Karlsplatz (Stachus),4
2171,8004132,West,2025-07-07 13:42:34.502330+00:00,9,2025-07-07,-45.0,niedrig,76.34117766666667,Karlsplatz (Stachus),13
2174,8004132,West,2025-07-08 07:18:01.910222+00:00,3,2025-07-08,317.77777777777777,hoch,1.3882642166666666,Karlsplatz (Stachus),7
2177,8004132,West,2025-07-08 16:53:06.648392+00:00,3,2025-07-08,-131.25,niedrig,39.86647653333333,Karlsplatz (Stachus),16
2180,8004132,West,2025-07-09 03:54:54.928089+00:00,3,2025-07-09,134.44444444444446,mittel,37.154961566666664,Karlsplatz (Stachus),3
2185,8004132,West,2025-07-09 12:33:12.991651+00:00,3,2025-07-09,-198.75,niedrig,19.235480516666666,Karlsplatz (Stachus),12
2186,8004132,West,2025-07-10 04:10:02.034458+00:00,4,2025-07-10,-40.0,niedrig,24.81766495,Karlsplatz (Stachus),4
2189,8004132,West,2025-07-10 11:17:06.913754+00:00,3,2025-07-10,234.0,hoch,0.00033666666666666665,Karlsplatz (Stachus),11
2199,8004132,West,2025-07-14 08:49:44.435285+00:00,4,2025-07-14,294.0,hoch,47.870936566666664,Karlsplatz (Stachus),8
2200,8004132,West,2025-07-16 06:17:40.728821+00:00,10,2025-07-16,64.0,mittel,0.0011305999999999998,Karlsplatz (Stachus),6
2205,8004132,West,2025-07-17 11:57:58.550215+00:00,7,2025-07-17,530.0,hoch,49.57118,Karlsplatz (Stachus),11
2215,8004132,West,2025-07-21 08:13:14.640333+00:00,61,2025-07-21,-56.66666666666666,niedrig,159.80124685,Karlsplatz (Stachus),8
2217,8004132,West,2025-07-21 16:49:30.919519+00:00,8,2025-07-21,42.0,mittel,78.48308193333334,Karlsplatz (Stachus),16
2223,8004132,West,2025-07-28 11:17:47.600716+00:00,19,2025-07-28,-177.77777777777777,niedrig,0.0007700666666666667,Karlsplatz (Stachus),11
2230,8004132,West,2025-08-03 14:47:30.686588+00:00,3,2025-08-03,-58.75,niedrig,14.5110479,Karlsplatz (Stachus),14
2233,8004132,West,2025-08-05 11:19:08.579561+00:00,3,2025-08-05,103.33333333333334,mittel,16.895991616666667,Karlsplatz (Stachus),11
2236,8004132,West,2025-08-06 10:35:47.321698+00:00,62,2025-08-06,345.0,hoch,153.4079370166667,Karlsplatz (Stachus),10
2240,8004132,West,2025-08-11 19:32:15.317684+00:00,3,2025-08-11,-80.0,niedrig,14.835770499999999,Karlsplatz (Stachus),19
2242,8004132,West,2025-08-12 21:17:58.301430+00:00,4,2025-08-12,-60.0,niedrig,0.00010945,Karlsplatz (Stachus),21
2249,8004132,West,2025-08-19 04:17:24.012910+00:00,3,2025-08-19,276.6666666666667,hoch,6.592566233333333,Karlsplatz (Stachus),4
2253,8004132,West,2025-08-21 07:18:05.789237+00:00,74,2025-08-21,101.11111111111111,mittel,279.9529835166667,Karlsplatz (Stachus),7
2256,8004132,West,2025-08-21 13:45:56.454207+00:00,5,2025-08-21,-29.5,mittel,41.03773856666667,Karlsplatz (Stachus),13
2262,8004132,West,2025-08-28 18:16:14.412375+00:00,14,2025-08-28,35.0,mittel,29.194812449999997,Karlsplatz (Stachus),18
2264,8004132,West,2025-08-30 20:16:27.374724+00:00,5,2025-08-30,,,0.013198933333333333,Karlsplatz (Stachus),20
2265,8004132,West,2025-09-01 12:17:58.079011+00:00,6,2025-09-01,-138.75,niedrig,3.9966313666666666,Karlsplatz (Stachus),12
2273,8004132,West,2025-09-07 10:19:11.625947+00:00,10,2025-09-07,945.0,hoch,34.47702051666667,Karlsplatz (Stachus),10
2279,8004132,West,2025-09-08 10:49:56.469270+00:00,22,2025-09-08,0.0,mittel,76.26361293333333,Karlsplatz (Stachus),10
2293,8004132,West,2025-10-08 14:18:09.976360+00:00,3,2025-10-08,35.0,mittel,0.0011087,Karlsplatz (Stachus),14
2301,8004132,West,2025-10-14 18:33:58.523218+00:00,6,2025-10-14,,,22.002621516666668,Karlsplatz (Stachus),18
2309,8004132,West,2025-10-15 20:16:51.074474+00:00,5,2025-10-15,93.0,mittel,0.0073213666666666665,Karlsplatz (Stachus),20
2314,8004132,West,2025-10-23 07:50:17.458182+00:00,5,2025-10-23,112.5,mittel,24.199005666666668,Karlsplatz (Stachus),7
2316,8004132,West,2025-10-28 17:17:01.567938+00:00,29,2025-10-28,803.0,hoch,56.24113023333334,Karlsplatz (Stachus),17
2321,8004132,West,2025-11-10 08:16:53.513358+00:00,14,2025-11-10,,,33.99372735,Karlsplatz (Stachus),8
2323,8004132,West,2025-11-10 16:07:18.098716+00:00,9,2025-11-10,163.5,hoch,0.01711985,Karlsplatz (Stachus),16
2327,8004132,West,2025-11-11 09:17:23.419856+00:00,50,2025-11-11,-61.0,niedrig,13.979409666666667,Karlsplatz (Stachus),9
2333,8004132,West,2025-11-12 05:17:45.286305+00:00,3,2025-11-12,841.1111111111111,hoch,0.0006321333333333334,Karlsplatz (Stachus),5
2336,8004132,West,2025-11-12 12:20:10.226454+00:00,36,2025-11-12,36.0,mittel,70.02316848333334,Karlsplatz (Stachus),12
2341,8004132,West,2025-11-13 05:14:29.081697+00:00,6,2025-11-13,-163.0,niedrig,2.02399205,Karlsplatz (Stachus),5
2352,8004132,West,2025-11-14 23:01:18.453070+00:00,11,2025-11-14,,,0.021975333333333333,Karlsplatz (Stachus),23
2362,8004132,West,2025-11-17 04:16:07.053943+00:00,3,2025-11-17,-116.66666666666666,niedrig,0.0012413,Karlsplatz (Stachus),4
2365,8004132,West,2025-11-17 14:17:13.482605+00:00,9,2025-11-17,-270.0,niedrig,62.08365478333334,Karlsplatz (Stachus),14
2371,8004132,West,2025-11-18 01:16:49.813370+00:00,3,2025-11-18,,,0.0026582166666666665,Karlsplatz (Stachus),1
2374,8004132,West,2025-11-18 09:22:57.505994+00:00,14,2025-11-18,-150.0,niedrig,22.002369466666668,Karlsplatz (Stachus),9
2380,8004132,West,2025-11-19 01:17:15.656799+00:00,6,2025-11-19,,,0.0037573666666666666,Karlsplatz (Stachus),1
2385,8004132,West,2025-11-19 15:17:24.010076+00:00,17,2025-11-19,-22.0,mittel,11.993993483333332,Karlsplatz (Stachus),15
2388,8004132,West,2025-11-20 10:18:02.778123+00:00,50,2025-11-20,,,19.927914883333337,Karlsplatz (Stachus),10
2390,8004132,West,2025-11-21 07:28:52.267725+00:00,45,2025-11-21,-130.55555555555554,niedrig,8.017811983333333,Karlsplatz (Stachus),7
2394,8004132,West,2025-11-22 22:16:30.058530+00:00,11,2025-11-22,138.0,mittel,0.016909833333333336,Karlsplatz (Stachus),22
2396,8004132,West,2025-11-23 09:16:49.497777+00:00,5,2025-11-23,-55.0,niedrig,0.004048566666666666,Karlsplatz (Stachus),9
2405,8004132,West,2025-12-02 07:04:09.648165+00:00,11,2025-12-02,100.0,mittel,73.98898765,Karlsplatz (Stachus),7
2406,8004132,West,2025-12-04 15:16:48.041711+00:00,3,2025-12-04,-5.0,mittel,1.96192915,Karlsplatz (Stachus),15
2411,8004132,West,2025-12-10 09:41:47.779659+00:00,12,2025-12-10,490.0,hoch,60.002534100000005,Karlsplatz (Stachus),9
2413,8004132,West,2025-12-10 17:17:58.540156+00:00,10,2025-12-10,-145.71428571428572,niedrig,21.98314793333333,Karlsplatz (Stachus),17
2415,8004132,West,2025-12-11 17:16:57.981633+00:00,9,2025-12-11,-217.5,niedrig,0.01704928333333333,Karlsplatz (Stachus),17
2422,8004132,West,2025-12-18 10:16:14.620649+00:00,14,2025-12-18,240.0,hoch,34.12288601666667,Karlsplatz (Stachus),10
2427,8004132,West,2025-12-20 11:27:28.023929+00:00,7,2025-12-20,175.0,hoch,26.001289316666664,Karlsplatz (Stachus),11
2431,8004132,West,2025-12-27 17:13:21.070189+00:00,4,2025-12-27,180.0,hoch,39.99858098333333,Karlsplatz (Stachus),17
1951,8004132,Ost,2025-01-05 15:17:55.135803+00:00,6,2025-01-05,45.0,mittel,0.003060583333333333,Karlsplatz (Stachus),15
1956,8004132,Ost,2025-01-09 19:21:31.341525+00:00,3,2025-01-09,938.8888888888889,hoch,22.030578766666668,Karlsplatz (Stachus),19
1958,8004132,Ost,2025-01-10 05:31:31.942760+00:00,4,2025-01-10,-420.0,niedrig,50.00278413333333,Karlsplatz (Stachus),5
1961,8004132,Ost,2025-01-13 18:13:21.672864+00:00,15,2025-01-13,,,0.0010941166666666665,Karlsplatz (Stachus),18
1962,8004132,Ost,2025-01-15 05:03:53.755168+00:00,4,2025-01-15,488.0,hoch,4.329415216666666,Karlsplatz (Stachus),5
1967,8004132,Ost,2025-01-21 09:57:24.363683+00:00,3,2025-01-21,196.66666666666666,hoch,20.005917183333334,Karlsplatz (Stachus),9
1977,8004132,Ost,2025-01-24 22:23:24.706572+00:00,4,2025-01-24,715.0,hoch,26.004419516666665,Karlsplatz (Stachus),22
1978,8004132,Ost,2025-01-27 22:18:00.396144+00:00,4,2025-01-27,,,33.80198913333333,Karlsplatz (Stachus),22
1981,8004132,Ost,2025-02-04 09:17:04.503837+00:00,9,2025-02-04,-78.75,niedrig,0.0004103666666666667,Karlsplatz (Stachus),9
1983,8004132,Ost,2025-02-07 13:49:00.798921+00:00,3,2025-02-07,570.0,hoch,12.005448099999999,Karlsplatz (Stachus),13
1984,8004132,Ost,2025-02-08 05:19:00.605046+00:00,3,2025-02-08,-60.71428571428572,niedrig,11.997897266666666,Karlsplatz (Stachus),5
1988,8004132,Ost,2025-02-12 10:17:05.022121+00:00,15,2025-02-12,-118.5,niedrig,0.0010670666666666667,Karlsplatz (Stachus),10
1989,8004132,Ost,2025-02-13 04:31:00.579853+00:00,3,2025-02-13,506.25,hoch,14.011459449999998,Karlsplatz (Stachus),4
1995,8004132,Ost,2025-02-14 09:53:43.909185+00:00,3,2025-02-14,7.5,mittel,1.9956199000000001,Karlsplatz (Stachus),9
1997,8004132,Ost,2025-02-14 22:59:43.046942+00:00,121,2025-02-14,-95.55555555555554,niedrig,70.46955898333334,Karlsplatz (Stachus),22
2005,8004132,Ost,2025-02-19 08:16:12.388394+00:00,4,2025-02-19,55.0,mittel,19.999112649999997,Karlsplatz (Stachus),8
2007,8004132,Ost,2025-02-20 15:16:13.011089+00:00,8,2025-02-20,-238.8888888888889,niedrig,5.176666666666667e-05,Karlsplatz (Stachus),15
2008,8004132,Ost,2025-02-23 12:02:13.033236+00:00,7,2025-02-23,,,39.99054503333333,Karlsplatz (Stachus),12
2011,8004132,Ost,2025-02-25 14:02:12.802029+00:00,4,2025-02-25,-128.5,niedrig,30.002104799999998,Karlsplatz (Stachus),14
2014,8004132,Ost,2025-03-04 10:40:40.263775+00:00,13,2025-03-04,-208.5,niedrig,121.99565256666666,Karlsplatz (Stachus),10
2017,8004132,Ost,2025-03-05 08:16:40.456487+00:00,15,2025-03-05,-27.0,mittel,0.0013247,Karlsplatz (Stachus),8
2020,8004132,Ost,2025-03-06 11:57:13.557766+00:00,3,2025-03-06,26.666666666666657,mittel,20.008052033333335,Karlsplatz (Stachus),11
2022,8004132,Ost,2025-03-07 18:37:14.375127+00:00,4,2025-03-07,-143.0,niedrig,1.9955502833333334,Karlsplatz (Stachus),18
2026,8004132,Ost,2025-03-14 06:17:23.606722+00:00,3,2025-03-14,-11.875,mittel,5.99472685,Karlsplatz (Stachus),6
2027,8004132,Ost,2025-03-17 04:49:22.866081+00:00,6,2025-03-17,-171.25,niedrig,32.00677673333333,Karlsplatz (Stachus),4
2031,8004132,Ost,2025-03-17 09:01:23.080534+00:00,9,2025-03-17,8.333333333333314,mittel,2.943333333333333e-05,Karlsplatz (Stachus),9
2033,8004132,Ost,2025-03-19 14:01:06.417029+00:00,5,2025-03-19,-55.0,niedrig,2.48e-05,Karlsplatz (Stachus),14
2035,8004132,Ost,2025-03-24 09:05:24.162766+00:00,4,2025-03-24,201.0,hoch,4.7088143166666665,Karlsplatz (Stachus),9
2037,8004132,Ost,2025-03-25 12:37:17.473519+00:00,4,2025-03-25,131.0,mittel,51.06175551666667,Karlsplatz (Stachus),12
2042,8004132,Ost,2025-04-02 17:03:19.428548+00:00,5,2025-04-02,-58.5,niedrig,26.005929516666665,Karlsplatz (Stachus),17
2051,8004132,Ost,2025-04-17 14:17:40.346875+00:00,5,2025-04-17,1.0,mittel,13.098171666666667,Karlsplatz (Stachus),14
2053,8004132,Ost,2025-04-22 13:03:11.470843+00:00,45,2025-04-22,1768.5,hoch,107.81151796666667,Karlsplatz (Stachus),13
2054,8004132,Ost,2025-04-22 17:17:35.433045+00:00,4,2025-04-22,-128.5,niedrig,0.0030727833333333335,Karlsplatz (Stachus),17
2055,8004132,Ost,2025-04-27 06:17:49.151556+00:00,13,2025-04-27,-73.75,niedrig,0.0028319333333333336,Karlsplatz (Stachus),6
2057,8004132,Ost,2025-04-27 21:12:05.721955+00:00,46,2025-04-27,648.0,hoch,152.2711223,Karlsplatz (Stachus),21
2058,8004132,Ost,2025-04-28 13:17:18.857087+00:00,4,2025-04-28,87.77777777777777,mittel,21.065327433333334,Karlsplatz (Stachus),13
2061,8004132,Ost,2025-04-29 08:09:17.727734+00:00,42,2025-04-29,477.0,hoch,118.11636465,Karlsplatz (Stachus),8
2062,8004132,Ost,2025-04-29 21:18:04.567940+00:00,3,2025-04-29,71.42857142857143,mittel,0.0008850333333333334,Karlsplatz (Stachus),21
2065,8004132,Ost,2025-05-01 14:05:40.920304+00:00,6,2025-05-01,-80.0,niedrig,11.368431733333333,Karlsplatz (Stachus),14
2067,8004132,Ost,2025-05-02 13:39:56.548896+00:00,3,2025-05-02,-45.55555555555554,niedrig,42.927802916666664,Karlsplatz (Stachus),13
2068,8004132,Ost,2025-05-02 20:04:14.821610+00:00,32,2025-05-02,,,79.59971728333333,Karlsplatz (Stachus),20
2069,8004132,Ost,2025-05-04 12:31:28.817333+00:00,134,2025-05-04,18.75,mittel,359.10109295,Karlsplatz (Stachus),12
2070,8004132,Ost,2025-05-04 23:02:21.844267+00:00,16,2025-05-04,-30.555555555555543,mittel,0.012100166666666667,Karlsplatz (Stachus),23
2072,8004132,Ost,2025-05-05 09:49:13.925317+00:00,3,2025-05-05,407.77777777777777,hoch,22.003678999999998,Karlsplatz (Stachus),9
2073,8004132,Ost,2025-05-05 17:16:52.022202+00:00,4,2025-05-05,37.5,mittel,12.3432564,Karlsplatz (Stachus),17
2074,8004132,Ost,2025-05-09 03:37:37.853859+00:00,23,2025-05-09,62.22222222222223,mittel,87.66174916666667,Karlsplatz (Stachus),3
2076,8004132,Ost,2025-05-14 13:21:35.446449+00:00,3,2025-05-14,16.0,mittel,24.003619333333333,Karlsplatz (Stachus),13
2077,8004132,Ost,2025-05-15 12:18:07.037911+00:00,4,2025-05-15,167.0,hoch,0.0033782499999999997,Karlsplatz (Stachus),12
2082,8004132,Ost,2025-05-21 17:14:55.208924+00:00,3,2025-05-21,-2.2222222222222285,mittel,34.67740728333333,Karlsplatz (Stachus),17
2083,8004132,Ost,2025-05-22 10:38:56.612138+00:00,4,2025-05-22,-141.1111111111111,niedrig,38.96295948333333,Karlsplatz (Stachus),10
2085,8004132,Ost,2025-05-24 10:16:54.684296+00:00,37,2025-05-24,62.5,mittel,41.84259291666667,Karlsplatz (Stachus),10
2086,8004132,Ost,2025-05-26 04:10:18.196181+00:00,12,2025-05-26,240.0,hoch,61.00509833333333,Karlsplatz (Stachus),4
2094,8004132,Ost,2025-05-31 17:04:45.900432+00:00,4,2025-05-31,,,16.55567865,Karlsplatz (Stachus),17
2096,8004132,Ost,2025-06-03 20:17:09.028862+00:00,6,2025-06-03,-231.66666666666669,niedrig,0.0008624500000000001,Karlsplatz (Stachus),20
2097,8004132,Ost,2025-06-04 07:29:40.065673+00:00,3,2025-06-04,-78.88888888888891,niedrig,7.021470416666667,Karlsplatz (Stachus),7
2099,8004132,Ost,2025-06-07 05:38:27.426783+00:00,3,2025-06-07,830.5555555555555,hoch,10.836412666666666,Karlsplatz (Stachus),5
2100,8004132,Ost,2025-06-08 12:15:48.751817+00:00,5,2025-06-08,,,58.17618793333334,Karlsplatz (Stachus),12
2101,8004132,Ost,2025-06-10 10:45:20.726750+00:00,4,2025-06-10,,,33.70034223333333,Karlsplatz (Stachus),10
2105,8004132,Ost,2025-06-16 09:17:33.701262+00:00,22,2025-06-16,-182.85714285714283,niedrig,72.2893265,Karlsplatz (Stachus),9
2106,8004132,Ost,2025-06-18 22:37:10.854435+00:00,3,2025-06-18,1194.0,hoch,4.035676316666667,Karlsplatz (Stachus),22
2113,8004132,Ost,2025-06-19 21:05:15.167797+00:00,5,2025-06-19,155.0,mittel,10.122037733333334,Karlsplatz (Stachus),21
2121,8004132,Ost,2025-06-21 21:16:24.806734+00:00,3,2025-06-21,100.0,mittel,24.52023905,Karlsplatz (Stachus),21
2123,8004132,Ost,2025-06-22 11:31:51.874903+00:00,6,2025-06-22,-36.25,niedrig,0.005819550000000001,Karlsplatz (Stachus),11
2125,8004132,Ost,2025-06-24 07:45:48.913603+00:00,33,2025-06-24,804.0,hoch,67.24151053333334,Karlsplatz (Stachus),7
2129,8004132,Ost,2025-06-24 20:13:39.825709+00:00,3,2025-06-24,7.5,mittel,3.8783404,Karlsplatz (Stachus),20
2133,8004132,Ost,2025-06-26 12:12:37.685599+00:00,4,2025-06-26,-90.0,niedrig,16.8415658,Karlsplatz (Stachus),12
2134,8004132,Ost,2025-06-27 02:31:43.030295+00:00,14,2025-06-27,,,0.00032373333333333336,Karlsplatz (Stachus),2
2146,8004132,Ost,2025-06-30 11:34:28.190437+00:00,3,2025-06-30,62.0,mittel,14.212634883333333,Karlsplatz (Stachus),11
2150,8004132,Ost,2025-07-01 14:32:55.188115+00:00,3,2025-07-01,497.0,hoch,7.65652615,Karlsplatz (Stachus),14
2152,8004132,Ost,2025-07-02 07:16:15.071977+00:00,91,2025-07-02,175.0,hoch,141.8590771,Karlsplatz (Stachus),7
2156,8004132,Ost,2025-07-02 22:16:16.879181+00:00,4,2025-07-02,,,0.0005093,Karlsplatz (Stachus),22
2162,8004132,Ost,2025-07-03 23:18:04.283974+00:00,3,2025-07-03,-2340.0,niedrig,0.000572,Karlsplatz (Stachus),23
2167,8004132,Ost,2025-07-05 16:30:24.854531+00:00,3,2025-07-05,-21.0,mittel,14.889298033333334,Karlsplatz (Stachus),16
2179,8004132,Ost,2025-07-08 20:17:00.276057+00:00,7,2025-07-08,,,5.2113146666666665,Karlsplatz (Stachus),20
2188,8004132,Ost,2025-07-10 06:25:22.035212+00:00,3,2025-07-10,207.0,hoch,9.482305833333333,Karlsplatz (Stachus),6
2201,8004132,Ost,2025-07-16 10:00:14.733871+00:00,6,2025-07-16,99.44444444444446,mittel,21.33552385,Karlsplatz (Stachus),10
2202,8004132,Ost,2025-07-17 06:33:00.101220+00:00,4,2025-07-17,110.0,mittel,12.592986583333333,Karlsplatz (Stachus),6
2208,8004132,Ost,2025-07-17 18:16:39.354912+00:00,7,2025-07-17,-137.0,niedrig,4.013850933333333,Karlsplatz (Stachus),18
2214,8004132,Ost,2025-07-21 05:42:32.733471+00:00,97,2025-07-21,563.3333333333334,hoch,132.05405438333335,Karlsplatz (Stachus),5
2216,8004132,Ost,2025-07-21 13:17:44.107267+00:00,11,2025-07-21,-216.66666666666669,niedrig,0.005363266666666667,Karlsplatz (Stachus),13
2218,8004132,Ost,2025-07-23 09:16:58.796842+00:00,7,2025-07-23,,,0.0011391,Karlsplatz (Stachus),9
2227,8004132,Ost,2025-08-01 20:16:46.714331+00:00,104,2025-08-01,1432.5,hoch,63.16703133333333,Karlsplatz (Stachus),20
2229,8004132,Ost,2025-08-03 13:05:42.138363+00:00,3,2025-08-03,206.66666666666666,hoch,14.122620066666666,Karlsplatz (Stachus),13
2231,8004132,Ost,2025-08-04 07:25:44.015707+00:00,4,2025-08-04,-19.0,mittel,13.112464466666667,Karlsplatz (Stachus),7
2232,8004132,Ost,2025-08-05 09:39:33.219551+00:00,4,2025-08-05,115.0,mittel,20.183605833333335,Karlsplatz (Stachus),9
2234,8004132,Ost,2025-08-05 21:18:09.039667+00:00,8,2025-08-05,-56.66666666666666,niedrig,16.851798933333335,Karlsplatz (Stachus),21
2235,8004132,Ost,2025-08-06 07:16:37.686630+00:00,13,2025-08-06,-20.0,mittel,21.978731783333334,Karlsplatz (Stachus),7
2239,8004132,Ost,2025-08-11 08:31:58.196620+00:00,3,2025-08-11,79.5,mittel,4.7057661500000005,Karlsplatz (Stachus),8
2241,8004132,Ost,2025-08-12 20:16:42.397860+00:00,9,2025-08-12,-35.0,niedrig,1.8955769333333334,Karlsplatz (Stachus),20
2243,8004132,Ost,2025-08-13 04:03:28.941264+00:00,13,2025-08-13,37.0,mittel,84.98875136666668,Karlsplatz (Stachus),4
2245,8004132,Ost,2025-08-15 17:56:51.520874+00:00,5,2025-08-15,729.0,hoch,22.98235073333333,Karlsplatz (Stachus),17
2246,8004132,Ost,2025-08-16 11:17:53.323780+00:00,17,2025-08-16,33.0,mittel,0.0003811666666666667,Karlsplatz (Stachus),11
2248,8004132,Ost,2025-08-18 08:05:26.835006+00:00,6,2025-08-18,357.0,hoch,39.9483878,Karlsplatz (Stachus),8
2250,8004132,Ost,2025-08-19 04:45:14.908201+00:00,9,2025-08-19,170.0,hoch,34.70016711666666,Karlsplatz (Stachus),4
2251,8004132,Ost,2025-08-20 21:17:17.205281+00:00,17,2025-08-20,-47.14285714285714,niedrig,30.267173433333333,Karlsplatz (Stachus),21
2255,8004132,Ost,2025-08-21 12:59:31.457414+00:00,4,2025-08-21,297.0,hoch,28.951004533333332,Karlsplatz (Stachus),12
2257,8004132,Ost,2025-08-21 20:08:52.484994+00:00,8,2025-08-21,103.33333333333334,mittel,0.016899916666666667,Karlsplatz (Stachus),20
2260,8004132,Ost,2025-08-27 14:19:39.235157+00:00,4,2025-08-27,107.0,mittel,7.740017933333333,Karlsplatz (Stachus),14
2263,8004132,Ost,2025-08-29 10:27:36.189945+00:00,3,2025-08-29,-56.0,niedrig,21.4953112,Karlsplatz (Stachus),10
2272,8004132,Ost,2025-09-06 16:17:24.584006+00:00,5,2025-09-06,-120.0,niedrig,18.974371466666664,Karlsplatz (Stachus),16
2274,8004132,Ost,2025-09-07 11:43:42.841569+00:00,4,2025-09-07,76.875,mittel,20.7373033,Karlsplatz (Stachus),11
2277,8004132,Ost,2025-09-08 07:08:04.533130+00:00,16,2025-09-08,240.0,hoch,74.9908121,Karlsplatz (Stachus),7
2280,8004132,Ost,2025-09-08 15:17:41.118586+00:00,15,2025-09-08,717.0,hoch,0.03798948333333333,Karlsplatz (Stachus),15
2281,8004132,Ost,2025-09-18 14:41:56.818579+00:00,10,2025-09-18,-24.0,mittel,0.030816533333333333,Karlsplatz (Stachus),14
2283,8004132,Ost,2025-09-29 19:06:00.111883+00:00,7,2025-09-29,,,0.0069544,Karlsplatz (Stachus),19
2287,8004132,Ost,2025-10-04 14:16:38.637022+00:00,4,2025-10-04,52.5,mittel,14.002211533333334,Karlsplatz (Stachus),14
2292,8004132,Ost,2025-10-08 08:26:07.549767+00:00,5,2025-10-08,61.25,mittel,49.99525145,Karlsplatz (Stachus),8
2297,8004132,Ost,2025-10-10 18:17:27.053277+00:00,38,2025-10-10,221.0,hoch,48.001279999999994,Karlsplatz (Stachus),18
2298,8004132,Ost,2025-10-14 10:17:38.899628+00:00,39,2025-10-14,-86.0,niedrig,0.10341833333333333,Karlsplatz (Stachus),10
2302,8004132,Ost,2025-10-14 20:16:13.589610+00:00,40,2025-10-14,105.0,mittel,38.00240963333333,Karlsplatz (Stachus),20
2304,8004132,Ost,2025-10-15 09:49:34.271153+00:00,156,2025-10-15,970.0,hoch,108.31035363333334,Karlsplatz (Stachus),9
2308,8004132,Ost,2025-10-15 18:58:46.016536+00:00,6,2025-10-15,-138.75,niedrig,54.07128518333333,Karlsplatz (Stachus),18
2310,8004132,Ost,2025-10-16 15:16:54.925133+00:00,6,2025-10-16,94.44444444444446,mittel,13.993584716666668,Karlsplatz (Stachus),15
2312,8004132,Ost,2025-10-17 17:17:21.249864+00:00,12,2025-10-17,600.0,hoch,61.99950505,Karlsplatz (Stachus),17
2313,8004132,Ost,2025-10-23 05:54:09.546731+00:00,31,2025-10-23,177.0,hoch,82.07859166666667,Karlsplatz (Stachus),5
2317,8004132,Ost,2025-10-28 19:17:19.054616+00:00,4,2025-10-28,-102.0,niedrig,0.014667366666666666,Karlsplatz (Stachus),19
2318,8004132,Ost,2025-10-29 13:17:03.803700+00:00,10,2025-10-29,-48.0,niedrig,18.208953633333333,Karlsplatz (Stachus),13
2322,8004132,Ost,2025-11-10 10:16:55.080642+00:00,105,2025-11-10,379.5,hoch,52.01450355,Karlsplatz (Stachus),10
2324,8004132,Ost,2025-11-10 19:17:23.251487+00:00,151,2025-11-10,,,75.9708945,Karlsplatz (Stachus),19
2332,8004132,Ost,2025-11-12 03:20:10.377247+00:00,33,2025-11-12,,,0.017060266666666667,Karlsplatz (Stachus),3
2335,8004132,Ost,2025-11-12 09:24:05.608783+00:00,17,2025-11-12,291.66666666666663,hoch,89.99474911666667,Karlsplatz (Stachus),9
2342,8004132,Ost,2025-11-13 06:12:28.422432+00:00,3,2025-11-13,64.0,mittel,0.0012194833333333333,Karlsplatz (Stachus),6
2343,8004132,Ost,2025-11-13 15:16:36.668082+00:00,65,2025-11-13,411.0,hoch,0.22001035,Karlsplatz (Stachus),15
2353,8004132,Ost,2025-11-15 02:01:27.578923+00:00,3,2025-11-15,,,0.005253816666666666,Karlsplatz (Stachus),2
2363,8004132,Ost,2025-11-17 05:16:07.481243+00:00,3,2025-11-17,150.0,mittel,0.0007998166666666666,Karlsplatz (Stachus),5
2367,8004132,Ost,2025-11-17 16:48:06.389805+00:00,4,2025-11-17,167.5,hoch,42.004449,Karlsplatz (Stachus),16
2375,8004132,Ost,2025-11-18 12:07:04.910555+00:00,8,2025-11-18,245.0,hoch,10.229337533333334,Karlsplatz (Stachus),12
2376,8004132,Ost,2025-11-18 16:16:41.344017+00:00,6,2025-11-18,-39.44444444444446,niedrig,0.00418075,Karlsplatz (Stachus),16
2386,8004132,Ost,2025-11-19 16:17:32.598916+00:00,3,2025-11-19,-101.0,niedrig,0.0008384833333333334,Karlsplatz (Stachus),16
2387,8004132,Ost,2025-11-20 07:17:57.865041+00:00,3,2025-11-20,55.55555555555554,mittel,13.962931666666666,Karlsplatz (Stachus),7
2389,8004132,Ost,2025-11-20 22:16:25.884717+00:00,30,2025-11-20,48.0,mittel,0.010820933333333334,Karlsplatz (Stachus),22
2393,8004132,Ost,2025-11-22 05:00:07.799553+00:00,34,2025-11-22,100.0,mittel,16.008842466666668,Karlsplatz (Stachus),5
2399,8004132,Ost,2025-11-23 13:16:49.857723+00:00,9,2025-11-23,7.5,mittel,33.989189716666665,Karlsplatz (Stachus),13
2401,8004132,Ost,2025-11-24 08:06:49.881546+00:00,7,2025-11-24,947.1428571428571,hoch,10.02689955,Karlsplatz (Stachus),8
2402,8004132,Ost,2025-11-24 19:17:27.112365+00:00,12,2025-11-24,335.55555555555554,hoch,0.05898875,Karlsplatz (Stachus),19
2407,8004132,Ost,2025-12-05 07:03:20.884306+00:00,4,2025-12-05,773.3333333333334,hoch,14.012478266666667,Karlsplatz (Stachus),7
2409,8004132,Ost,2025-12-06 19:16:33.321302+00:00,4,2025-12-06,8.571428571428555,mittel,0.006568266666666667,Karlsplatz (Stachus),19
2410,8004132,Ost,2025-12-10 07:11:48.548462+00:00,6,2025-12-10,1136.0,hoch,19.983257416666667,Karlsplatz (Stachus),7
2412,8004132,Ost,2025-12-10 12:17:50.594796+00:00,83,2025-12-10,-240.0,niedrig,0.08529945,Karlsplatz (Stachus),12
2416,8004132,Ost,2025-12-11 21:51:27.598225+00:00,11,2025-12-11,-35.0,niedrig,44.37111095,Karlsplatz (Stachus),21
2417,8004132,Ost,2025-12-14 17:12:24.200670+00:00,13,2025-12-14,642.8571428571429,hoch,15.997380533333335,Karlsplatz (Stachus),17
2418,8004132,Ost,2025-12-16 08:16:54.872969+00:00,4,2025-12-16,230.0,hoch,0.00165135,Karlsplatz (Stachus),8
2419,8004132,Ost,2025-12-16 14:17:48.976603+00:00,11,2025-12-16,-10.0,mittel,0.022949833333333333,Karlsplatz (Stachus),14
2420,8004132,Ost,2025-12-17 08:17:00.652475+00:00,65,2025-12-17,88.0,mittel,120.00352866666667,Karlsplatz (Stachus),8
2421,8004132,Ost,2025-12-18 09:31:58.986064+00:00,3,2025-12-18,715.7142857142858,hoch,9.99724025,Karlsplatz (Stachus),9
2428,8004132,Ost,2025-12-20 20:19:28.032106+00:00,3,2025-12-20,115.0,mittel,15.998929766666667,Karlsplatz (Stachus),20
2429,8004132,Ost,2025-12-21 06:17:58.982049+00:00,11,2025-12-21,-235.0,niedrig,95.99882363333333,Karlsplatz (Stachus),6
2430,8004132,Ost,2025-12-27 16:17:24.543556+00:00,10,2025-12-27,-85.0,niedrig,17.935327233333332,Karlsplatz (Stachus),16
2432,8004132,Ost,2025-12-29 08:17:18.294844+00:00,35,2025-12-29,80.0,mittel,37.10652351666667,Karlsplatz (Stachus),8
2440,8004132,Ost,2025-12-30 21:16:44.519851+00:00,4,2025-12-30,-107.5,niedrig,0.03331443333333333,Karlsplatz (Stachus),21
2441,8004132,Ost,2025-12-31 08:16:50.400735+00:00,6,2025-12-31,-195.0,niedrig,0.0049546500000000005,Karlsplatz (Stachus),8
2442,8004134,West,2025-01-05 17:47:55.118086+00:00,32,2025-01-05,,,141.97728943333334,Leuchtenbergring,17
2452,8004134,West,2025-01-15 19:17:26.552024+00:00,21,2025-01-15,,,3.9722358333333334,Leuchtenbergring,19
2456,8004134,West,2025-01-21 20:17:26.044652+00:00,3,2025-01-21,37.5,mittel,9.977907033333334,Leuchtenbergring,20
2459,8004134,West,2025-01-22 19:17:28.772177+00:00,5,2025-01-22,,,0.0006506499999999999,Leuchtenbergring,19
2464,8004134,West,2025-01-30 12:16:50.112171+00:00,9,2025-01-30,,,17.97630365,Leuchtenbergring,12
2465,8004134,West,2025-02-03 15:13:00.759250+00:00,6,2025-02-03,41.25,mittel,4.001560433333333,Leuchtenbergring,15
2468,8004134,West,2025-02-07 12:57:00.948804+00:00,3,2025-02-07,262.22222222222223,hoch,20.010830300000002,Leuchtenbergring,12
2476,8004134,West,2025-02-13 15:57:43.710758+00:00,10,2025-02-13,926.25,hoch,82.00997191666667,Leuchtenbergring,15
2482,8004134,West,2025-02-16 10:06:12.413522+00:00,72,2025-02-16,,,282.0037637833333,Leuchtenbergring,10
2483,8004134,West,2025-02-18 15:10:12.683482+00:00,3,2025-02-18,543.75,hoch,26.0016094,Leuchtenbergring,15
2485,8004134,West,2025-02-19 05:24:12.626886+00:00,37,2025-02-19,,,182.00199856666669,Leuchtenbergring,5
2488,8004134,West,2025-02-23 22:16:16.591415+00:00,7,2025-02-23,-353.3333333333333,niedrig,5.9278211333333335,Leuchtenbergring,22
2490,8004134,West,2025-02-25 14:42:13.817135+00:00,4,2025-02-25,-84.0,niedrig,27.99714273333333,Leuchtenbergring,14
2491,8004134,West,2025-02-28 09:32:13.279591+00:00,3,2025-02-28,580.0,hoch,21.99986375,Leuchtenbergring,9
2492,8004134,West,2025-03-04 10:26:40.196071+00:00,3,2025-03-04,,,3.998649616666667,Leuchtenbergring,10
2495,8004134,West,2025-03-05 10:50:39.894357+00:00,3,2025-03-05,60.0,mittel,20.002839933333334,Leuchtenbergring,10
2497,8004134,West,2025-03-05 22:16:53.636256+00:00,3,2025-03-05,,,0.0005022333333333333,Leuchtenbergring,22
2500,8004134,West,2025-03-08 18:19:14.185767+00:00,20,2025-03-08,534.0,hoch,163.99472573333333,Leuchtenbergring,18
2507,8004134,West,2025-03-25 05:47:24.944209+00:00,20,2025-03-25,127.5,mittel,80.46707328333333,Leuchtenbergring,5
2508,8004134,West,2025-03-25 13:15:18.003544+00:00,3,2025-03-25,-126.66666666666667,niedrig,31.4378479,Leuchtenbergring,13
2509,8004134,West,2025-03-26 19:45:42.808257+00:00,3,2025-03-26,240.0,hoch,18.218196350000003,Leuchtenbergring,19
2510,8004134,West,2025-03-28 09:46:24.564042+00:00,9,2025-03-28,270.0,hoch,39.894413549999996,Leuchtenbergring,9
2511,8004134,West,2025-03-31 10:17:13.138698+00:00,11,2025-03-31,-54.0,niedrig,0.0028462166666666667,Leuchtenbergring,10
2513,8004134,West,2025-04-03 13:16:35.447926+00:00,3,2025-04-03,186.66666666666669,hoch,0.0007282166666666667,Leuchtenbergring,13
2519,8004134,West,2025-04-23 21:14:32.350731+00:00,4,2025-04-23,,,40.148498333333336,Leuchtenbergring,21
2524,8004134,West,2025-04-28 14:59:19.557269+00:00,3,2025-04-28,717.0,hoch,19.970762850000003,Leuchtenbergring,14
2530,8004134,West,2025-05-02 13:55:19.755520+00:00,4,2025-05-02,36.66666666666667,mittel,38.72054548333333,Leuchtenbergring,13
2545,8004134,West,2025-05-26 16:41:50.570422+00:00,7,2025-05-26,-55.0,niedrig,0.0006501833333333333,Leuchtenbergring,16
2549,8004134,West,2025-06-03 04:17:39.894771+00:00,16,2025-06-03,1181.25,hoch,113.78424375,Leuchtenbergring,4
2551,8004134,West,2025-06-04 07:36:42.452572+00:00,5,2025-06-04,10.0,mittel,43.88956793333333,Leuchtenbergring,7
2552,8004134,West,2025-06-06 09:22:13.937769+00:00,3,2025-06-06,-48.0,niedrig,0.00031991666666666665,Leuchtenbergring,9
2554,8004134,West,2025-06-14 06:56:00.928090+00:00,3,2025-06-14,20.0,mittel,13.926936733333333,Leuchtenbergring,6
2556,8004134,West,2025-06-16 04:27:25.632053+00:00,3,2025-06-16,34.285714285714285,mittel,31.475921916666667,Leuchtenbergring,4
2565,8004134,West,2025-06-19 19:39:25.042911+00:00,4,2025-06-19,448.3333333333333,hoch,36.28487625,Leuchtenbergring,19
2578,8004134,West,2025-06-22 15:17:13.118694+00:00,12,2025-06-22,-131.25,niedrig,7.5684088,Leuchtenbergring,15
2580,8004134,West,2025-06-24 10:08:22.848542+00:00,3,2025-06-24,,,19.592100583333334,Leuchtenbergring,10
2583,8004134,West,2025-06-24 20:10:09.017367+00:00,6,2025-06-24,-54.0,niedrig,14.498839083333333,Leuchtenbergring,20
2587,8004134,West,2025-06-27 10:17:36.715787+00:00,3,2025-06-27,-76.66666666666667,niedrig,23.524375133333333,Leuchtenbergring,10
2601,8004134,West,2025-07-01 17:17:44.372706+00:00,3,2025-07-01,75.0,mittel,0.009014383333333332,Leuchtenbergring,17
2603,8004134,West,2025-07-02 12:03:03.052635+00:00,13,2025-07-02,-10.0,mittel,48.70203945,Leuchtenbergring,12
2606,8004134,West,2025-07-02 16:12:37.520875+00:00,4,2025-07-02,71.25,mittel,34.33295505,Leuchtenbergring,16
2607,8004134,West,2025-07-03 16:01:20.175953+00:00,5,2025-07-03,698.5714285714286,hoch,40.37199906666667,Leuchtenbergring,16
2608,8004134,West,2025-07-05 14:16:20.012284+00:00,7,2025-07-05,-71.25,niedrig,3.99732695,Leuchtenbergring,14
2610,8004134,West,2025-07-07 04:26:18.813797+00:00,3,2025-07-07,-34.285714285714285,niedrig,9.071032650000001,Leuchtenbergring,4
2612,8004134,West,2025-07-08 14:16:13.623695+00:00,24,2025-07-08,-12.857142857142861,mittel,12.766096883333335,Leuchtenbergring,14
2619,8004134,West,2025-07-09 10:17:03.567441+00:00,4,2025-07-09,74.28571428571428,mittel,46.589545566666665,Leuchtenbergring,10
2620,8004134,West,2025-07-10 04:33:37.981169+00:00,6,2025-07-10,18.75,mittel,52.53463285,Leuchtenbergring,4
2627,8004134,West,2025-07-12 13:33:27.370805+00:00,4,2025-07-12,,,36.47219928333333,Leuchtenbergring,13
2629,8004134,West,2025-07-14 09:03:55.560839+00:00,3,2025-07-14,-108.0,niedrig,22.648318166666666,Leuchtenbergring,9
2630,8004134,West,2025-07-16 08:18:06.147622+00:00,12,2025-07-16,-107.14285714285714,niedrig,0.17172691666666667,Leuchtenbergring,8
2652,8004134,West,2025-08-05 08:24:40.319168+00:00,3,2025-08-05,11.428571428571445,mittel,24.99635895,Leuchtenbergring,8
2654,8004134,West,2025-08-06 06:24:19.269069+00:00,3,2025-08-06,258.75,hoch,19.486916816666668,Leuchtenbergring,6
2656,8004134,West,2025-08-08 05:58:46.135877+00:00,13,2025-08-08,,,45.02360298333333,Leuchtenbergring,5
2658,8004134,West,2025-08-12 20:17:31.690186+00:00,5,2025-08-12,,,0.13274993333333335,Leuchtenbergring,20
2662,8004134,West,2025-08-18 05:13:18.074773+00:00,3,2025-08-18,7.5,mittel,19.471962516666668,Leuchtenbergring,5
2665,8004134,West,2025-08-20 19:16:21.773303+00:00,5,2025-08-20,,,10.947273716666666,Leuchtenbergring,19
2667,8004134,West,2025-08-21 02:55:54.515918+00:00,8,2025-08-21,0.0,mittel,68.26042658333333,Leuchtenbergring,2
2675,8004134,West,2025-08-28 18:16:14.381190+00:00,14,2025-08-28,78.75,mittel,8.683936233333332,Leuchtenbergring,18
2676,8004134,West,2025-08-30 20:16:27.188962+00:00,5,2025-08-30,146.66666666666666,mittel,0.03419858333333334,Leuchtenbergring,20
2679,8004134,West,2025-09-04 13:39:12.121351+00:00,19,2025-09-04,67.5,mittel,0.03722755,Leuchtenbergring,13
2683,8004134,West,2025-09-07 10:06:59.278943+00:00,10,2025-09-07,860.0,hoch,42.67945256666667,Leuchtenbergring,10
2685,8004134,West,2025-09-08 04:35:01.241041+00:00,4,2025-09-08,45.0,mittel,34.22799478333333,Leuchtenbergring,4
2687,8004134,West,2025-09-08 08:35:39.037593+00:00,8,2025-09-08,-90.0,niedrig,111.82548676666667,Leuchtenbergring,8
2689,8004134,West,2025-09-08 15:12:21.168785+00:00,10,2025-09-08,,,5.357240866666667,Leuchtenbergring,15
2700,8004134,West,2025-10-08 06:44:07.206590+00:00,10,2025-10-08,291.42857142857144,hoch,48.002150916666665,Leuchtenbergring,6
2716,8004134,West,2025-10-15 20:16:50.706926+00:00,5,2025-10-15,,,0.009126066666666667,Leuchtenbergring,20
2718,8004134,West,2025-10-17 08:17:48.285780+00:00,5,2025-10-17,5.0,mittel,0.09792855,Leuchtenbergring,8
2723,8004134,West,2025-10-28 17:21:05.819672+00:00,9,2025-10-28,210.0,hoch,52.15967741666667,Leuchtenbergring,17
2727,8004134,West,2025-11-10 09:20:53.063963+00:00,3,2025-11-10,161.25,hoch,26.005498466666666,Leuchtenbergring,9
2730,8004134,West,2025-11-10 21:35:23.778448+00:00,4,2025-11-10,,,26.01064965,Leuchtenbergring,21
2734,8004134,West,2025-11-12 12:06:10.174390+00:00,29,2025-11-12,-205.71428571428572,niedrig,92.02915596666666,Leuchtenbergring,12
2735,8004134,West,2025-11-13 15:16:36.233793+00:00,7,2025-11-13,,,0.1302583,Leuchtenbergring,15
2744,8004134,West,2025-11-23 13:28:49.099016+00:00,3,2025-11-23,-12.0,mittel,32.02833338333333,Leuchtenbergring,13
2747,8004134,West,2025-11-24 14:16:58.979750+00:00,3,2025-11-24,1488.888888888889,hoch,18.047101549999997,Leuchtenbergring,14
2756,8004134,West,2025-12-11 17:16:58.032428+00:00,9,2025-12-11,-15.0,mittel,0.0194866,Leuchtenbergring,17
2759,8004134,West,2025-12-15 22:08:25.261727+00:00,4,2025-12-15,,,28.12566436666667,Leuchtenbergring,22
2774,8004134,West,2025-12-30 12:42:39.449199+00:00,3,2025-12-30,105.0,mittel,31.999704166666668,Leuchtenbergring,12
2776,8004134,West,2025-12-30 17:16:44.203541+00:00,7,2025-12-30,,,3.9884742166666665,Leuchtenbergring,17
2446,8004134,Ost,2025-01-09 21:17:33.046867+00:00,3,2025-01-09,,,0.0002049,Leuchtenbergring,21
2448,8004134,Ost,2025-01-10 14:15:19.441686+00:00,7,2025-01-10,-225.0,niedrig,0.00092105,Leuchtenbergring,14
2449,8004134,Ost,2025-01-13 18:13:21.982721+00:00,9,2025-01-13,,,0.00013953333333333333,Leuchtenbergring,18
2450,8004134,Ost,2025-01-15 05:11:53.700707+00:00,6,2025-01-15,792.0,hoch,20.1743797,Leuchtenbergring,5
2463,8004134,Ost,2025-01-24 22:33:24.763546+00:00,3,2025-01-24,645.0,hoch,7.998977966666667,Leuchtenbergring,22
2466,8004134,Ost,2025-02-04 09:17:04.694291+00:00,8,2025-02-04,-200.0,niedrig,0.00032595000000000004,Leuchtenbergring,9
2469,8004134,Ost,2025-02-07 14:01:01.173283+00:00,3,2025-02-07,243.75,hoch,7.988400100000001,Leuchtenbergring,14
2470,8004134,Ost,2025-02-08 05:35:00.312780+00:00,3,2025-02-08,1685.0,hoch,1.0500000000000001e-05,Leuchtenbergring,5
2474,8004134,Ost,2025-02-12 10:17:05.211879+00:00,11,2025-02-12,615.0,hoch,0.0010397333333333333,Leuchtenbergring,10
2475,8004134,Ost,2025-02-13 04:43:00.969239+00:00,3,2025-02-13,420.0,hoch,12.006446899999998,Leuchtenbergring,4
2480,8004134,Ost,2025-02-14 23:57:50.946708+00:00,78,2025-02-14,,,6.342469416666666,Leuchtenbergring,23
2484,8004134,Ost,2025-02-18 21:16:12.272370+00:00,3,2025-02-18,,,9.916666666666668e-06,Leuchtenbergring,21
2486,8004134,Ost,2025-02-20 15:16:13.080486+00:00,8,2025-02-20,,,12.006235266666666,Leuchtenbergring,15
2487,8004134,Ost,2025-02-23 12:04:12.636392+00:00,5,2025-02-23,2185.714285714286,hoch,21.99785381666667,Leuchtenbergring,12
2489,8004134,Ost,2025-02-25 14:00:13.196772+00:00,3,2025-02-25,-198.0,niedrig,23.999080033333332,Leuchtenbergring,14
2493,8004134,Ost,2025-03-04 11:20:40.276844+00:00,17,2025-03-04,-95.55555555555554,niedrig,111.99532586666666,Leuchtenbergring,11
2494,8004134,Ost,2025-03-05 08:16:40.631851+00:00,8,2025-03-05,,,0.0003667333333333333,Leuchtenbergring,8
2496,8004134,Ost,2025-03-05 13:46:40.309023+00:00,3,2025-03-05,767.2222222222222,hoch,30.00371075,Leuchtenbergring,13
2498,8004134,Ost,2025-03-06 11:45:14.003854+00:00,3,2025-03-06,-2.5,mittel,20.004194816666665,Leuchtenbergring,11
2499,8004134,Ost,2025-03-07 18:37:14.428691+00:00,8,2025-03-07,102.85714285714283,mittel,3.995258333333333,Leuchtenbergring,18
2501,8004134,Ost,2025-03-12 14:17:20.342098+00:00,6,2025-03-12,312.0,hoch,0.00015683333333333334,Leuchtenbergring,14
2506,8004134,Ost,2025-03-19 12:22:27.982358+00:00,4,2025-03-19,-98.88888888888889,niedrig,1.3683333333333333e-05,Leuchtenbergring,12
2512,8004134,Ost,2025-04-02 17:17:27.812151+00:00,6,2025-04-02,-297.14285714285717,niedrig,9.943903816666667,Leuchtenbergring,17
2514,8004134,Ost,2025-04-15 06:48:32.625728+00:00,3,2025-04-15,218.2,hoch,2.0428129166666666,Leuchtenbergring,6
2515,8004134,Ost,2025-04-16 15:31:42.125174+00:00,15,2025-04-16,,,84.39416955,Leuchtenbergring,15
2516,8004134,Ost,2025-04-17 10:33:30.274374+00:00,10,2025-04-17,-80.0,niedrig,79.16271508333332,Leuchtenbergring,10
2517,8004134,Ost,2025-04-20 08:28:30.611939+00:00,5,2025-04-20,,,32.61465945,Leuchtenbergring,8
2518,8004134,Ost,2025-04-22 13:22:05.509419+00:00,33,2025-04-22,,,96.60479211666667,Leuchtenbergring,13
2520,8004134,Ost,2025-04-27 06:17:49.529030+00:00,13,2025-04-27,-110.0,niedrig,0.0018728333333333333,Leuchtenbergring,6
2521,8004134,Ost,2025-04-27 17:16:56.500426+00:00,4,2025-04-27,,,0.0015121166666666667,Leuchtenbergring,17
2523,8004134,Ost,2025-04-27 23:42:06.012988+00:00,3,2025-04-27,60.0,mittel,13.101863916666668,Leuchtenbergring,23
2525,8004134,Ost,2025-04-29 08:13:57.902625+00:00,28,2025-04-29,228.75,hoch,83.86942361666667,Leuchtenbergring,8
2526,8004134,Ost,2025-04-29 12:41:59.631157+00:00,4,2025-04-29,154.28571428571428,mittel,4.989072516666667,Leuchtenbergring,12
2527,8004134,Ost,2025-04-29 21:18:05.228110+00:00,3,2025-04-29,,,0.0006895666666666667,Leuchtenbergring,21
2529,8004134,Ost,2025-05-01 14:17:04.045914+00:00,5,2025-05-01,60.0,mittel,0.0034610166666666667,Leuchtenbergring,14
2531,8004134,Ost,2025-05-02 19:52:27.343034+00:00,28,2025-05-02,,,74.16112758333334,Leuchtenbergring,19
2532,8004134,Ost,2025-05-04 12:40:50.176344+00:00,75,2025-05-04,20.0,mittel,357.4279953166667,Leuchtenbergring,12
2533,8004134,Ost,2025-05-05 08:31:29.886536+00:00,20,2025-05-05,120.0,mittel,22.411493616666668,Leuchtenbergring,8
2534,8004134,Ost,2025-05-05 17:16:52.833539+00:00,4,2025-05-05,178.57142857142856,hoch,12.362281450000001,Leuchtenbergring,17
2537,8004134,Ost,2025-05-15 12:18:07.591120+00:00,4,2025-05-15,508.0,hoch,0.002042333333333333,Leuchtenbergring,12
2538,8004134,Ost,2025-05-19 12:47:40.767414+00:00,3,2025-05-19,-49.28571428571428,niedrig,18.808788583333335,Leuchtenbergring,12
2539,8004134,Ost,2025-05-21 16:17:02.720507+00:00,7,2025-05-21,,,28.33250298333333,Leuchtenbergring,16
2540,8004134,Ost,2025-05-22 10:27:59.600361+00:00,3,2025-05-22,-159.375,niedrig,27.297267616666666,Leuchtenbergring,10
2542,8004134,Ost,2025-05-24 10:16:54.866813+00:00,32,2025-05-24,,,49.9150683,Leuchtenbergring,10
2546,8004134,Ost,2025-05-28 08:28:44.716704+00:00,3,2025-05-28,145.625,mittel,2.1300107333333336,Leuchtenbergring,8
2547,8004134,Ost,2025-05-30 12:38:43.189280+00:00,5,2025-05-30,230.0,hoch,31.070446666666665,Leuchtenbergring,12
2548,8004134,Ost,2025-05-31 17:19:32.533446+00:00,4,2025-05-31,750.0,hoch,7.8613213166666664,Leuchtenbergring,17
2550,8004134,Ost,2025-06-03 20:17:09.447167+00:00,4,2025-06-03,,,0.0014079333333333333,Leuchtenbergring,20
2555,8004134,Ost,2025-06-14 13:16:52.011778+00:00,4,2025-06-14,30.0,mittel,10.86094505,Leuchtenbergring,13
2557,8004134,Ost,2025-06-16 05:17:04.882537+00:00,3,2025-06-16,,,11.445321483333334,Leuchtenbergring,5
2566,8004134,Ost,2025-06-19 20:42:53.056799+00:00,20,2025-06-19,,,43.0102021,Leuchtenbergring,20
2569,8004134,Ost,2025-06-20 10:43:55.956821+00:00,4,2025-06-20,907.5,hoch,3.2257895666666667,Leuchtenbergring,10
2571,8004134,Ost,2025-06-20 18:17:44.001619+00:00,6,2025-06-20,,,0.012791483333333332,Leuchtenbergring,18
2572,8004134,Ost,2025-06-21 21:18:00.327732+00:00,4,2025-06-21,,,23.51352148333333,Leuchtenbergring,21
2575,8004134,Ost,2025-06-22 10:11:48.410638+00:00,3,2025-06-22,,,32.307153283333335,Leuchtenbergring,10
2582,8004134,Ost,2025-06-24 17:17:46.699212+00:00,19,2025-06-24,10.0,mittel,0.23858578333333333,Leuchtenbergring,17
2585,8004134,Ost,2025-06-25 16:16:55.811445+00:00,33,2025-06-25,70.0,mittel,76.20039626666667,Leuchtenbergring,16
2586,8004134,Ost,2025-06-26 11:36:33.350538+00:00,8,2025-06-26,208.0,hoch,0.03563791666666667,Leuchtenbergring,11
2595,8004134,Ost,2025-06-30 09:52:50.428346+00:00,6,2025-06-30,2.7777777777777715,mittel,16.336179533333333,Leuchtenbergring,9
2599,8004134,Ost,2025-07-01 14:39:10.330051+00:00,4,2025-07-01,25.0,mittel,16.892785066666665,Leuchtenbergring,14
2602,8004134,Ost,2025-07-02 07:16:54.564822+00:00,34,2025-07-02,,,48.356997416666665,Leuchtenbergring,7
2609,8004134,Ost,2025-07-05 14:47:51.584363+00:00,3,2025-07-05,483.75,hoch,28.010343799999998,Leuchtenbergring,14
2611,8004134,Ost,2025-07-07 05:45:15.018340+00:00,5,2025-07-07,442.5,hoch,31.132637666666668,Leuchtenbergring,5
2614,8004134,Ost,2025-07-08 20:17:41.318185+00:00,6,2025-07-08,,,0.0056378,Leuchtenbergring,20
2617,8004134,Ost,2025-07-09 07:51:03.835112+00:00,3,2025-07-09,-180.0,niedrig,21.4594335,Leuchtenbergring,7
2621,8004134,Ost,2025-07-10 05:45:34.562037+00:00,3,2025-07-10,123.75,mittel,27.359424733333334,Leuchtenbergring,5
2625,8004134,Ost,2025-07-12 07:18:16.750425+00:00,5,2025-07-12,310.0,hoch,9.399700066666666,Leuchtenbergring,7
2628,8004134,Ost,2025-07-12 14:31:15.657164+00:00,4,2025-07-12,6.0,mittel,18.038303583333335,Leuchtenbergring,14
2631,8004134,Ost,2025-07-16 10:03:51.792067+00:00,4,2025-07-16,60.0,mittel,10.516758116666667,Leuchtenbergring,10
2632,8004134,Ost,2025-07-17 06:44:15.132187+00:00,4,2025-07-17,332.5,hoch,0.0021129,Leuchtenbergring,6
2633,8004134,Ost,2025-07-17 12:50:37.275288+00:00,6,2025-07-17,21.0,mittel,4.484107216666667,Leuchtenbergring,12
2634,8004134,Ost,2025-07-17 18:17:25.413798+00:00,6,2025-07-17,,,14.92617895,Leuchtenbergring,18
2641,8004134,Ost,2025-07-21 09:02:00.360728+00:00,30,2025-07-21,,,111.72036063333333,Leuchtenbergring,9
2642,8004134,Ost,2025-07-21 17:18:24.372981+00:00,3,2025-07-21,-355.0,niedrig,29.5684341,Leuchtenbergring,17
2645,8004134,Ost,2025-07-28 09:07:14.039047+00:00,14,2025-07-28,160.0,hoch,83.519671,Leuchtenbergring,9
2648,8004134,Ost,2025-08-01 20:17:20.998516+00:00,40,2025-08-01,,,0.20900281666666667,Leuchtenbergring,20
2651,8004134,Ost,2025-08-03 15:38:49.983890+00:00,3,2025-08-03,,,10.881701166666666,Leuchtenbergring,15
2653,8004134,Ost,2025-08-05 14:04:57.711416+00:00,3,2025-08-05,144.0,mittel,24.743705783333333,Leuchtenbergring,14
2655,8004134,Ost,2025-08-06 07:17:11.977846+00:00,8,2025-08-06,,,0.02171966666666667,Leuchtenbergring,7
2657,8004134,Ost,2025-08-11 18:20:16.417055+00:00,4,2025-08-11,125.0,mittel,6.022436933333334,Leuchtenbergring,18
2659,8004134,Ost,2025-08-15 18:01:52.748654+00:00,4,2025-08-15,33.75,mittel,7.797039,Leuchtenbergring,18
2660,8004134,Ost,2025-08-16 04:58:29.516013+00:00,5,2025-08-16,-128.57142857142856,niedrig,0.008677633333333332,Leuchtenbergring,4
2661,8004134,Ost,2025-08-16 09:10:27.656064+00:00,4,2025-08-16,,,0.11734603333333334,Leuchtenbergring,9
2664,8004134,Ost,2025-08-18 07:32:05.611002+00:00,4,2025-08-18,-135.0,niedrig,7.759759216666667,Leuchtenbergring,7
2666,8004134,Ost,2025-08-20 20:11:27.545912+00:00,10,2025-08-20,-180.0,niedrig,90.5105799,Leuchtenbergring,20
2673,8004134,Ost,2025-08-21 14:23:36.506191+00:00,3,2025-08-21,486.42857142857144,hoch,19.19970826666667,Leuchtenbergring,14
2677,8004134,Ost,2025-09-01 05:20:02.916777+00:00,4,2025-09-01,110.0,mittel,48.92356838333333,Leuchtenbergring,5
2678,8004134,Ost,2025-09-01 12:17:58.171097+00:00,6,2025-09-01,-68.57142857142858,niedrig,0.0033757833333333334,Leuchtenbergring,12
2682,8004134,Ost,2025-09-06 16:17:24.408313+00:00,5,2025-09-06,-222.0,niedrig,2.3185944833333334,Leuchtenbergring,16
2684,8004134,Ost,2025-09-07 11:51:28.708015+00:00,4,2025-09-07,-100.0,niedrig,22.288408183333335,Leuchtenbergring,11
2688,8004134,Ost,2025-09-08 10:47:55.427943+00:00,14,2025-09-08,,,99.93348259999999,Leuchtenbergring,10
2696,8004134,Ost,2025-10-04 14:16:38.595430+00:00,3,2025-10-04,624.0,hoch,13.994911416666667,Leuchtenbergring,14
2701,8004134,Ost,2025-10-08 08:32:06.838728+00:00,6,2025-10-08,-56.0,niedrig,51.99471316666666,Leuchtenbergring,8
2707,8004134,Ost,2025-10-14 10:17:33.270583+00:00,38,2025-10-14,-66.0,niedrig,0.07543756666666666,Leuchtenbergring,10
2711,8004134,Ost,2025-10-14 20:16:13.666303+00:00,30,2025-10-14,-15.0,mittel,40.0105644,Leuchtenbergring,20
2713,8004134,Ost,2025-10-15 10:01:36.563429+00:00,100,2025-10-15,618.3333333333334,hoch,88.2790385,Leuchtenbergring,10
2717,8004134,Ost,2025-10-16 15:16:55.031411+00:00,7,2025-10-16,138.75,mittel,35.987408083333335,Leuchtenbergring,15
2724,8004134,Ost,2025-10-28 19:17:19.296212+00:00,3,2025-10-28,390.0,hoch,3.9919838333333333,Leuchtenbergring,19
2725,8004134,Ost,2025-10-29 13:17:03.350680+00:00,10,2025-10-29,37.14285714285711,mittel,28.210536633333334,Leuchtenbergring,13
2728,8004134,Ost,2025-11-10 10:16:55.134171+00:00,58,2025-11-10,,,52.0171643,Leuchtenbergring,10
2739,8004134,Ost,2025-11-17 17:18:09.315904+00:00,6,2025-11-17,144.44444444444446,mittel,19.954242683333334,Leuchtenbergring,17
2740,8004134,Ost,2025-11-18 12:11:04.308530+00:00,8,2025-11-18,-3.75,mittel,6.2343424999999995,Leuchtenbergring,12
2741,8004134,Ost,2025-11-19 17:29:29.685590+00:00,3,2025-11-19,-26.666666666666686,mittel,1.997219,Leuchtenbergring,17
2743,8004134,Ost,2025-11-23 07:46:48.957329+00:00,4,2025-11-23,244.44444444444446,hoch,26.006037816666666,Leuchtenbergring,7
2746,8004134,Ost,2025-11-24 08:16:51.474907+00:00,8,2025-11-24,,,15.979814766666667,Leuchtenbergring,8
2748,8004134,Ost,2025-11-24 19:17:26.947160+00:00,8,2025-11-24,213.33333333333331,hoch,0.04366866666666667,Leuchtenbergring,19
2751,8004134,Ost,2025-12-06 19:16:33.262405+00:00,4,2025-12-06,990.0,hoch,3.977110433333333,Leuchtenbergring,19
2754,8004134,Ost,2025-12-10 12:17:50.936957+00:00,50,2025-12-10,,,23.955182649999998,Leuchtenbergring,12
2757,8004134,Ost,2025-12-11 21:39:26.610060+00:00,13,2025-12-11,-420.0,niedrig,58.388823366666664,Leuchtenbergring,21
2758,8004134,Ost,2025-12-14 17:16:24.753003+00:00,12,2025-12-14,-360.0,niedrig,7.9938471,Leuchtenbergring,17
2760,8004134,Ost,2025-12-16 14:17:48.776778+00:00,11,2025-12-16,,,0.01521185,Leuchtenbergring,14
2761,8004134,Ost,2025-12-17 08:17:00.851540+00:00,42,2025-12-17,723.3333333333334,hoch,120.00015549999999,Leuchtenbergring,8
2762,8004134,Ost,2025-12-18 10:16:14.513622+00:00,14,2025-12-18,570.0,hoch,44.037692633333336,Leuchtenbergring,10
2766,8004134,Ost,2025-12-20 20:11:27.705224+00:00,5,2025-12-20,110.0,mittel,22.011135000000003,Leuchtenbergring,20
2767,8004134,Ost,2025-12-21 06:05:58.718675+00:00,14,2025-12-21,-30.0,mittel,74.00843966666666,Leuchtenbergring,6
2768,8004134,Ost,2025-12-27 16:17:24.350999+00:00,10,2025-12-27,30.0,mittel,7.942269566666667,Leuchtenbergring,16
2769,8004134,Ost,2025-12-29 08:17:18.087193+00:00,25,2025-12-29,-248.0,niedrig,49.111027916666664,Leuchtenbergring,8
2775,8004134,Ost,2025-12-30 13:42:39.536041+00:00,8,2025-12-30,326.875,hoch,75.99401164999999,Leuchtenbergring,13
2778,8004134,Ost,2025-12-30 21:16:44.031564+00:00,3,2025-12-30,-540.0,niedrig,0.011295716666666667,Leuchtenbergring,21
2779,8004134,Ost,2025-12-31 08:16:50.414150+00:00,7,2025-12-31,-600.0,niedrig,9.994612783333334,Leuchtenbergring,8
2780,8004135,West,2025-01-04 13:55:55.353178+00:00,4,2025-01-04,-86.66666666666667,niedrig,33.97041268333333,Marienplatz,13
2782,8004135,West,2025-01-05 17:51:55.362772+00:00,66,2025-01-05,862.5,hoch,115.99655835,Marienplatz,17
2786,8004135,West,2025-01-09 18:43:33.013305+00:00,3,2025-01-09,328.75,hoch,14.002799066666666,Marienplatz,18
2788,8004135,West,2025-01-10 05:23:32.990595+00:00,3,2025-01-10,-61.5,niedrig,39.99233676666667,Marienplatz,5
2790,8004135,West,2025-01-10 14:15:19.928603+00:00,17,2025-01-10,0.0,mittel,0.0022442833333333333,Marienplatz,14
2794,8004135,West,2025-01-15 19:17:26.658516+00:00,36,2025-01-15,192.85714285714283,hoch,17.971311099999998,Marienplatz,19
2800,8004135,West,2025-01-22 08:07:25.124023+00:00,31,2025-01-22,788.75,hoch,181.99478023333333,Marienplatz,8
2801,8004135,West,2025-01-22 19:17:28.975314+00:00,5,2025-01-22,455.83333333333337,hoch,0.0008875500000000001,Marienplatz,19
2802,8004135,West,2025-01-23 10:21:24.949995+00:00,3,2025-01-23,80.0,mittel,12.000962399999999,Marienplatz,10
2803,8004135,West,2025-01-24 10:07:25.205285+00:00,3,2025-01-24,-65.71428571428572,niedrig,37.99484915,Marienplatz,10
2807,8004135,West,2025-01-27 22:18:01.017576+00:00,3,2025-01-27,,,9.786049916666666,Marienplatz,22
2808,8004135,West,2025-01-30 12:16:50.267481+00:00,16,2025-01-30,26.25,mittel,19.97820965,Marienplatz,12
2809,8004135,West,2025-02-03 15:03:00.633770+00:00,7,2025-02-03,-116.25,niedrig,14.0044472,Marienplatz,15
2812,8004135,West,2025-02-07 12:53:00.336207+00:00,3,2025-02-07,192.22222222222223,hoch,18.017315016666664,Marienplatz,12
2816,8004135,West,2025-02-09 08:41:00.674297+00:00,7,2025-02-09,-170.0,niedrig,17.999052216666666,Marienplatz,8
2821,8004135,West,2025-02-13 16:09:44.114730+00:00,10,2025-02-13,334.44444444444446,hoch,73.99985638333332,Marienplatz,16
2828,8004135,West,2025-02-14 23:13:43.040696+00:00,117,2025-02-14,237.77777777777777,hoch,52.48127733333333,Marienplatz,23
2829,8004135,West,2025-02-15 08:16:12.187654+00:00,3,2025-02-15,-51.666666666666664,niedrig,21.994252833333334,Marienplatz,8
2831,8004135,West,2025-02-16 12:34:12.918878+00:00,100,2025-02-16,,,139.99154783333333,Marienplatz,12
2833,8004135,West,2025-02-18 16:28:12.683487+00:00,4,2025-02-18,392.22222222222223,hoch,24.001257216666666,Marienplatz,16
2834,8004135,West,2025-02-18 21:16:12.297856+00:00,3,2025-02-18,,,7.633333333333334e-06,Marienplatz,21
2836,8004135,West,2025-02-19 05:18:13.392945+00:00,45,2025-02-19,216.66666666666669,hoch,197.98468986666666,Marienplatz,5
2837,8004135,West,2025-02-20 10:38:12.648260+00:00,8,2025-02-20,,,15.993661049999998,Marienplatz,10
2839,8004135,West,2025-02-23 12:04:12.690916+00:00,10,2025-02-23,,,74.00466381666666,Marienplatz,12
2840,8004135,West,2025-02-23 22:16:16.717814+00:00,21,2025-02-23,-63.33333333333334,niedrig,15.924775783333333,Marienplatz,22
2842,8004135,West,2025-02-25 14:50:13.208363+00:00,4,2025-02-25,112.0,mittel,28.008390799999997,Marienplatz,14
2843,8004135,West,2025-02-26 08:50:12.964489+00:00,4,2025-02-26,,,28.01178035,Marienplatz,8
2845,8004135,West,2025-03-04 12:42:40.093290+00:00,3,2025-03-04,-42.22222222222223,niedrig,20.004659483333334,Marienplatz,12
2848,8004135,West,2025-03-05 10:56:39.932623+00:00,4,2025-03-05,405.0,hoch,46.00368831666666,Marienplatz,10
2849,8004135,West,2025-03-05 22:16:53.915884+00:00,3,2025-03-05,,,0.00132295,Marienplatz,22
2852,8004135,West,2025-03-07 18:17:14.800877+00:00,4,2025-03-07,-147.0,niedrig,0.00016636666666666665,Marienplatz,18
2854,8004135,West,2025-03-08 18:23:13.867122+00:00,20,2025-03-08,,,154.00539075,Marienplatz,18
2856,8004135,West,2025-03-12 14:17:20.507061+00:00,14,2025-03-12,-159.0,niedrig,0.00022085,Marienplatz,14
2865,8004135,West,2025-03-20 06:07:23.469612+00:00,3,2025-03-20,-162.0,niedrig,12.038021533333334,Marienplatz,6
2866,8004135,West,2025-03-22 20:07:28.422067+00:00,3,2025-03-22,-97.0,niedrig,21.828283216666666,Marienplatz,20
2869,8004135,West,2025-03-25 05:51:17.838117+00:00,21,2025-03-25,123.0,mittel,81.05468998333335,Marienplatz,5
2870,8004135,West,2025-03-26 19:55:45.484935+00:00,4,2025-03-26,31.111111111111114,mittel,20.023554,Marienplatz,19
2873,8004135,West,2025-03-31 10:17:13.472124+00:00,11,2025-03-31,261.0,hoch,0.00172765,Marienplatz,10
2875,8004135,West,2025-04-03 13:16:35.666921+00:00,3,2025-04-03,-4.5,mittel,0.0014997833333333334,Marienplatz,13
2876,8004135,West,2025-04-08 04:08:02.817857+00:00,12,2025-04-08,510.0,hoch,77.61073691666667,Marienplatz,4
2878,8004135,West,2025-04-15 04:19:40.831718+00:00,7,2025-04-15,-170.5,niedrig,27.19729215,Marienplatz,4
2879,8004135,West,2025-04-16 13:16:23.712304+00:00,9,2025-04-16,211.66666666666666,hoch,4.640144283333333,Marienplatz,13
2882,8004135,West,2025-04-17 12:17:47.143273+00:00,5,2025-04-17,221.875,hoch,7.2259741,Marienplatz,12
2884,8004135,West,2025-04-20 08:16:08.548593+00:00,11,2025-04-20,,,49.456377350000004,Marienplatz,8
2890,8004135,West,2025-04-27 23:25:52.228669+00:00,8,2025-04-27,13.333333333333329,mittel,16.24444965,Marienplatz,23
2892,8004135,West,2025-04-28 14:10:35.599770+00:00,12,2025-04-28,-37.77777777777777,niedrig,122.69684575,Marienplatz,14
2898,8004135,West,2025-05-01 14:56:54.736042+00:00,3,2025-05-01,156.25,mittel,25.22236025,Marienplatz,14
2899,8004135,West,2025-05-02 14:06:11.864985+00:00,3,2025-05-02,26.0,mittel,16.72726865,Marienplatz,14
2903,8004135,West,2025-05-05 08:31:30.293723+00:00,31,2025-05-05,577.7777777777778,hoch,45.52420471666667,Marienplatz,8
2909,8004135,West,2025-05-20 15:17:40.112621+00:00,10,2025-05-20,-193.75,niedrig,53.79422146666666,Marienplatz,15
2911,8004135,West,2025-05-21 07:01:07.805366+00:00,3,2025-05-21,207.77777777777777,hoch,18.83923345,Marienplatz,7
2919,8004135,West,2025-05-26 10:24:36.009773+00:00,19,2025-05-26,257.77777777777777,hoch,69.28437956666667,Marienplatz,10
2920,8004135,West,2025-05-26 16:41:51.102553+00:00,16,2025-05-26,-83.33333333333331,niedrig,0.0012538833333333333,Marienplatz,16
2921,8004135,West,2025-05-28 08:26:36.904914+00:00,3,2025-05-28,-16.666666666666657,mittel,6.001923733333333,Marienplatz,8
2924,8004135,West,2025-05-30 20:18:12.135940+00:00,3,2025-05-30,-51.111111111111114,niedrig,11.943987850000001,Marienplatz,20
2925,8004135,West,2025-05-31 14:17:20.548497+00:00,14,2025-05-31,-123.125,niedrig,0.0017035,Marienplatz,14
2927,8004135,West,2025-06-03 04:17:40.013270+00:00,15,2025-06-03,-132.0,niedrig,131.91531705,Marienplatz,4
2930,8004135,West,2025-06-04 07:59:24.442115+00:00,4,2025-06-04,259.2857142857143,hoch,10.5788982,Marienplatz,7
2934,8004135,West,2025-06-11 16:15:01.346820+00:00,3,2025-06-11,,,19.779177716666666,Marienplatz,16
2937,8004135,West,2025-06-16 04:43:40.920108+00:00,4,2025-06-16,-33.75,niedrig,42.7371948,Marienplatz,4
2941,8004135,West,2025-06-19 03:45:07.423306+00:00,3,2025-06-19,195.0,hoch,14.012223733333334,Marienplatz,3
2945,8004135,West,2025-06-19 17:57:51.111290+00:00,46,2025-06-19,422.1428571428571,hoch,157.05724511666668,Marienplatz,17
2947,8004135,West,2025-06-19 21:58:23.241929+00:00,3,2025-06-19,640.0,hoch,1.86157245,Marienplatz,21
2948,8004135,West,2025-06-20 08:59:59.994278+00:00,43,2025-06-20,354.0,hoch,137.19139793333335,Marienplatz,8
2954,8004135,West,2025-06-22 09:16:58.154440+00:00,53,2025-06-22,450.0,hoch,133.55602416666667,Marienplatz,9
2955,8004135,West,2025-06-22 14:09:33.915265+00:00,51,2025-06-22,1195.7142857142858,hoch,91.59151141666666,Marienplatz,14
2957,8004135,West,2025-06-24 10:23:55.523849+00:00,3,2025-06-24,127.14285714285714,mittel,4.079823266666667,Marienplatz,10
2961,8004135,West,2025-06-25 16:17:05.266668+00:00,32,2025-06-25,375.55555555555554,hoch,67.45398621666666,Marienplatz,16
2962,8004135,West,2025-06-26 11:05:33.176447+00:00,10,2025-06-26,77.5,mittel,39.47176165,Marienplatz,11
2970,8004135,West,2025-06-27 19:55:31.424115+00:00,4,2025-06-27,202.22222222222223,hoch,50.8472703,Marienplatz,19
2971,8004135,West,2025-06-28 10:18:10.100721+00:00,69,2025-06-28,85.0,mittel,80.87974373333333,Marienplatz,10
2978,8004135,West,2025-06-30 13:17:53.265337+00:00,5,2025-06-30,,,0.0030458166666666666,Marienplatz,13
2983,8004135,West,2025-07-01 14:43:14.518037+00:00,83,2025-07-01,756.6666666666667,hoch,154.61188318333333,Marienplatz,14
2986,8004135,West,2025-07-02 12:12:04.304913+00:00,32,2025-07-02,185.0,hoch,66.0733664,Marienplatz,12
2991,8004135,West,2025-07-03 21:18:05.703692+00:00,8,2025-07-03,,,0.14485255,Marienplatz,21
2996,8004135,West,2025-07-07 04:09:41.137281+00:00,17,2025-07-07,138.75,mittel,37.887362616666664,Marienplatz,4
2998,8004135,West,2025-07-07 14:18:06.035338+00:00,5,2025-07-07,35.0,mittel,37.41744713333333,Marienplatz,14
3000,8004135,West,2025-07-08 16:31:59.845121+00:00,3,2025-07-08,276.0,hoch,38.10155486666667,Marienplatz,16
3006,8004135,West,2025-07-09 12:28:46.619391+00:00,3,2025-07-09,-78.75,niedrig,19.373137216666667,Marienplatz,12
3009,8004135,West,2025-07-10 09:45:15.241449+00:00,3,2025-07-10,1394.4444444444443,hoch,17.0302569,Marienplatz,9
3016,8004135,West,2025-07-12 13:47:51.759004+00:00,4,2025-07-12,-10.0,mittel,6.385102716666666,Marienplatz,13
3018,8004135,West,2025-07-14 08:56:02.867822+00:00,4,2025-07-14,227.5,hoch,30.546242433333337,Marienplatz,8
3019,8004135,West,2025-07-16 06:16:21.558737+00:00,10,2025-07-16,18.888888888888914,mittel,0.01868073333333333,Marienplatz,6
3022,8004135,West,2025-07-17 11:54:35.687107+00:00,4,2025-07-17,485.0,hoch,11.939314133333333,Marienplatz,11
3031,8004135,West,2025-07-21 04:39:26.719784+00:00,11,2025-07-21,638.75,hoch,31.752642733333335,Marienplatz,4
3034,8004135,West,2025-07-21 09:02:11.107766+00:00,38,2025-07-21,,,111.59020513333333,Marienplatz,9
3037,8004135,West,2025-07-21 17:58:41.321148+00:00,3,2025-07-21,389.375,hoch,22.639568516666667,Marienplatz,17
3042,8004135,West,2025-07-28 08:51:01.160746+00:00,21,2025-07-28,-158.57142857142856,niedrig,93.55022088333334,Marienplatz,8
3047,8004135,West,2025-08-03 11:16:49.466732+00:00,31,2025-08-03,414.2857142857143,hoch,21.267782366666665,Marienplatz,11
3049,8004135,West,2025-08-05 08:02:18.562031+00:00,5,2025-08-05,108.88888888888889,mittel,47.37529595,Marienplatz,8
3053,8004135,West,2025-08-08 09:17:52.493007+00:00,6,2025-08-08,134.44444444444446,mittel,0.008180133333333334,Marienplatz,9
3055,8004135,West,2025-08-11 19:28:53.096799+00:00,3,2025-08-11,656.6666666666666,hoch,22.66226425,Marienplatz,19
3056,8004135,West,2025-08-12 20:17:52.811845+00:00,7,2025-08-12,,,0.5924113333333333,Marienplatz,20
3057,8004135,West,2025-08-13 04:16:53.649127+00:00,6,2025-08-13,-153.33333333333334,niedrig,45.40135791666667,Marienplatz,4
3066,8004135,West,2025-08-19 04:53:59.052727+00:00,8,2025-08-19,146.66666666666666,mittel,43.802834999999995,Marienplatz,4
3068,8004135,West,2025-08-20 20:30:06.681968+00:00,6,2025-08-20,175.0,hoch,40.79011395,Marienplatz,20
3071,8004135,West,2025-08-21 07:27:31.681141+00:00,4,2025-08-21,124.28571428571428,mittel,5.4079045,Marienplatz,7
3077,8004135,West,2025-08-27 10:07:56.774166+00:00,3,2025-08-27,-20.0,mittel,26.160639066666665,Marienplatz,10
3080,8004135,West,2025-08-28 18:16:14.445516+00:00,14,2025-08-28,-66.66666666666666,niedrig,8.686201,Marienplatz,18
3082,8004135,West,2025-08-30 20:16:27.462807+00:00,5,2025-08-30,,,0.010900033333333333,Marienplatz,20
3083,8004135,West,2025-09-01 12:17:58.159268+00:00,6,2025-09-01,-140.625,niedrig,0.012112133333333334,Marienplatz,12
3085,8004135,West,2025-09-04 15:17:28.836079+00:00,13,2025-09-04,-167.77777777777777,niedrig,34.88438541666667,Marienplatz,15
3086,8004135,West,2025-09-05 11:19:16.420793+00:00,7,2025-09-05,356.25,hoch,42.36387903333333,Marienplatz,11
3088,8004135,West,2025-09-05 17:17:37.195925+00:00,45,2025-09-05,-33.33333333333334,niedrig,32.2261462,Marienplatz,17
3090,8004135,West,2025-09-07 10:13:02.667515+00:00,10,2025-09-07,90.0,mittel,38.64255178333334,Marienplatz,10
3096,8004135,West,2025-09-08 10:41:38.747558+00:00,23,2025-09-08,67.77777777777777,mittel,117.57763726666667,Marienplatz,10
3102,8004135,West,2025-09-29 20:39:58.902403+00:00,3,2025-09-29,-510.0,niedrig,20.006449916666668,Marienplatz,20
3110,8004135,West,2025-10-08 09:12:08.284274+00:00,3,2025-10-08,-21.25,mittel,21.97322665,Marienplatz,9
3111,8004135,West,2025-10-08 14:16:10.764344+00:00,3,2025-10-08,-110.0,niedrig,0.0009101333333333333,Marienplatz,14
3127,8004135,West,2025-10-15 20:16:50.827139+00:00,5,2025-10-15,-86.25,niedrig,0.008461,Marienplatz,20
3133,8004135,West,2025-10-23 07:50:17.342849+00:00,5,2025-10-23,157.5,mittel,18.2035927,Marienplatz,7
3135,8004135,West,2025-10-28 17:17:03.414594+00:00,28,2025-10-28,766.5,hoch,56.2044269,Marienplatz,17
3140,8004135,West,2025-11-10 08:16:53.412782+00:00,14,2025-11-10,,,33.9954084,Marienplatz,8
3143,8004135,West,2025-11-10 13:23:13.832381+00:00,4,2025-11-10,106.0,mittel,0.022630833333333333,Marienplatz,13
3145,8004135,West,2025-11-10 21:55:23.396740+00:00,3,2025-11-10,321.1111111111111,hoch,17.99318565,Marienplatz,21
3146,8004135,West,2025-11-11 09:17:23.366689+00:00,61,2025-11-11,-112.5,niedrig,0.0294637,Marienplatz,9
3148,8004135,West,2025-11-11 23:00:27.738505+00:00,39,2025-11-11,-30.0,mittel,16.00789735,Marienplatz,23
3153,8004135,West,2025-11-12 12:20:10.368783+00:00,36,2025-11-12,96.0,mittel,90.02421258333334,Marienplatz,12
3155,8004135,West,2025-11-12 22:16:14.948699+00:00,9,2025-11-12,-31.666666666666657,niedrig,0.0079478,Marienplatz,22
3157,8004135,West,2025-11-13 05:14:29.015846+00:00,6,2025-11-13,-173.0,niedrig,2.025512066666667,Marienplatz,5
3163,8004135,West,2025-11-14 03:17:20.638723+00:00,3,2025-11-14,-252.85714285714286,niedrig,0.0023736666666666667,Marienplatz,3
3167,8004135,West,2025-11-14 23:01:18.627521+00:00,20,2025-11-14,,,0.026564833333333333,Marienplatz,23
3177,8004135,West,2025-11-17 04:18:08.375215+00:00,3,2025-11-17,-79.0,niedrig,0.0020389333333333333,Marienplatz,4
3181,8004135,West,2025-11-17 14:45:18.664866+00:00,4,2025-11-17,233.0,hoch,30.006252266666667,Marienplatz,14
3187,8004135,West,2025-11-18 01:16:49.349950+00:00,3,2025-11-18,,,0.0010735666666666667,Marienplatz,1
3191,8004135,West,2025-11-18 09:22:57.439242+00:00,14,2025-11-18,-22.0,mittel,22.006131816666667,Marienplatz,9
3197,8004135,West,2025-11-19 01:17:15.680399+00:00,6,2025-11-19,,,0.003599133333333333,Marienplatz,1
3202,8004135,West,2025-11-19 15:17:23.902714+00:00,17,2025-11-19,-213.33333333333331,niedrig,11.983565516666665,Marienplatz,15
3205,8004135,West,2025-11-20 10:18:03.011699+00:00,50,2025-11-20,-144.44444444444446,niedrig,19.922373483333335,Marienplatz,10
3207,8004135,West,2025-11-21 07:28:52.419045+00:00,45,2025-11-21,-237.77777777777777,niedrig,8.017922466666667,Marienplatz,7
3210,8004135,West,2025-11-22 05:00:08.879923+00:00,34,2025-11-22,5.0,mittel,15.990943549999999,Marienplatz,5
3211,8004135,West,2025-11-22 22:16:30.089356+00:00,11,2025-11-22,-172.5,niedrig,0.0160155,Marienplatz,22
3213,8004135,West,2025-11-23 09:16:49.665648+00:00,5,2025-11-23,-55.0,niedrig,0.0032998166666666664,Marienplatz,9
3220,8004135,West,2025-11-24 14:16:57.710413+00:00,3,2025-11-24,,,22.058420533333333,Marienplatz,14
3225,8004135,West,2025-12-02 16:02:55.863634+00:00,4,2025-12-02,73.33333333333331,mittel,0.010540083333333334,Marienplatz,16
3226,8004135,West,2025-12-04 15:16:47.835082+00:00,3,2025-12-04,-36.666666666666686,niedrig,0.011368333333333334,Marienplatz,15
3231,8004135,West,2025-12-10 09:39:47.526330+00:00,12,2025-12-10,828.5714285714286,hoch,62.00919476666666,Marienplatz,9
3233,8004135,West,2025-12-10 17:17:58.519289+00:00,10,2025-12-10,188.8888888888889,hoch,17.99071025,Marienplatz,17
3235,8004135,West,2025-12-11 17:16:58.247701+00:00,9,2025-12-11,-182.0,niedrig,0.018011933333333334,Marienplatz,17
3242,8004135,West,2025-12-18 10:16:14.559333+00:00,14,2025-12-18,140.0,mittel,34.12511375,Marienplatz,10
3247,8004135,West,2025-12-20 11:07:27.862762+00:00,7,2025-12-20,-146.0,niedrig,46.00558361666666,Marienplatz,11
3251,8004135,West,2025-12-27 17:13:21.102954+00:00,3,2025-12-27,30.0,mittel,20.005722366666664,Marienplatz,17
2781,8004135,Ost,2025-01-05 15:17:55.814455+00:00,6,2025-01-05,155.0,mittel,0.0015721666666666666,Marienplatz,15
2787,8004135,Ost,2025-01-09 19:21:31.922238+00:00,3,2025-01-09,985.0,hoch,23.9983143,Marienplatz,19
2791,8004135,Ost,2025-01-13 18:13:22.690994+00:00,15,2025-01-13,,,0.00073505,Marienplatz,18
2792,8004135,Ost,2025-01-15 05:03:53.859174+00:00,6,2025-01-15,1070.0,hoch,16.243477849999998,Marienplatz,5
2797,8004135,Ost,2025-01-21 09:45:43.395428+00:00,4,2025-01-21,77.0,mittel,33.69155751666667,Marienplatz,9
2798,8004135,Ost,2025-01-22 06:17:26.450457+00:00,8,2025-01-22,664.2857142857142,hoch,23.97411205,Marienplatz,6
2806,8004135,Ost,2025-01-24 22:21:24.487499+00:00,4,2025-01-24,-94.16666666666666,niedrig,30.00316548333333,Marienplatz,22
2810,8004135,Ost,2025-02-04 09:17:04.919679+00:00,9,2025-02-04,-112.22222222222223,niedrig,0.00048449999999999996,Marienplatz,9
2813,8004135,Ost,2025-02-07 13:51:00.762508+00:00,3,2025-02-07,160.0,hoch,5.9978036,Marienplatz,13
2814,8004135,Ost,2025-02-08 05:27:00.530845+00:00,3,2025-02-08,480.0,hoch,4.000363416666667,Marienplatz,5
2819,8004135,Ost,2025-02-12 10:17:05.408526+00:00,15,2025-02-12,-42.22222222222223,niedrig,0.0008710666666666666,Marienplatz,10
2820,8004135,Ost,2025-02-13 04:39:01.980468+00:00,3,2025-02-13,386.25,hoch,7.982918150000001,Marienplatz,4
2826,8004135,Ost,2025-02-14 09:59:43.658691+00:00,3,2025-02-14,493.75,hoch,0.00012759999999999998,Marienplatz,9
2827,8004135,Ost,2025-02-14 22:19:43.571092+00:00,6,2025-02-14,-93.75,niedrig,36.00645995,Marienplatz,22
2830,8004135,Ost,2025-02-16 08:50:12.137947+00:00,63,2025-02-16,101.11111111111111,mittel,207.99188073333335,Marienplatz,8
2835,8004135,Ost,2025-02-19 04:04:12.298077+00:00,3,2025-02-19,-56.25,niedrig,32.01167003333333,Marienplatz,4
2838,8004135,Ost,2025-02-20 15:16:13.113959+00:00,8,2025-02-20,-131.11111111111111,niedrig,9.99723835,Marienplatz,15
2841,8004135,Ost,2025-02-25 14:04:13.425626+00:00,4,2025-02-25,-190.0,niedrig,27.99333216666667,Marienplatz,14
2844,8004135,Ost,2025-03-04 09:36:40.197968+00:00,16,2025-03-04,321.0,hoch,169.99487321666666,Marienplatz,9
2846,8004135,Ost,2025-03-04 14:16:40.819758+00:00,3,2025-03-04,142.0,mittel,25.9816777,Marienplatz,14
2847,8004135,Ost,2025-03-05 08:16:40.702543+00:00,15,2025-03-05,43.0,mittel,0.0005215333333333333,Marienplatz,8
2850,8004135,Ost,2025-03-06 11:59:14.618556+00:00,3,2025-03-06,-7.2222222222222285,mittel,19.993914433333334,Marienplatz,11
2851,8004135,Ost,2025-03-06 16:11:14.444979+00:00,3,2025-03-06,300.0,hoch,12.00397295,Marienplatz,16
2855,8004135,Ost,2025-03-09 18:07:14.250961+00:00,3,2025-03-09,248.88888888888889,hoch,26.010132116666668,Marienplatz,18
2858,8004135,Ost,2025-03-14 06:19:22.890280+00:00,3,2025-03-14,-320.0,niedrig,4.007907016666667,Marienplatz,6
2862,8004135,Ost,2025-03-17 09:01:23.151971+00:00,9,2025-03-17,132.0,mittel,4.958333333333334e-05,Marienplatz,9
2864,8004135,Ost,2025-03-19 14:01:06.491538+00:00,4,2025-03-19,-101.0,niedrig,6.8500000000000005e-06,Marienplatz,14
2874,8004135,Ost,2025-04-02 17:07:28.678102+00:00,5,2025-04-02,-237.5,niedrig,17.969363633333334,Marienplatz,17
2877,8004135,Ost,2025-04-10 12:54:58.022795+00:00,3,2025-04-10,-184.28571428571428,niedrig,11.240388333333334,Marienplatz,12
2880,8004135,Ost,2025-04-16 15:01:37.064308+00:00,17,2025-04-16,60.0,mittel,103.55584205,Marienplatz,15
2883,8004135,Ost,2025-04-17 14:17:40.976244+00:00,5,2025-04-17,33.0,mittel,2.7e-05,Marienplatz,14
2885,8004135,Ost,2025-04-22 13:16:14.280588+00:00,44,2025-04-22,253.33333333333334,hoch,97.4393532,Marienplatz,13
2886,8004135,Ost,2025-04-22 17:17:37.295759+00:00,4,2025-04-22,-138.75,niedrig,0.004346683333333334,Marienplatz,17
2887,8004135,Ost,2025-04-27 06:17:49.779869+00:00,13,2025-04-27,-60.0,niedrig,0.0025442999999999998,Marienplatz,6
2889,8004135,Ost,2025-04-27 21:09:17.375184+00:00,40,2025-04-27,378.0,hoch,117.58870873333333,Marienplatz,21
2891,8004135,Ost,2025-04-28 13:17:21.378983+00:00,5,2025-04-28,180.0,hoch,27.761804883333333,Marienplatz,13
2893,8004135,Ost,2025-04-29 08:03:51.522101+00:00,40,2025-04-29,273.0,hoch,93.98902418333334,Marienplatz,8
2894,8004135,Ost,2025-04-29 12:30:54.420863+00:00,4,2025-04-29,371.66666666666663,hoch,13.342160716666665,Marienplatz,12
2895,8004135,Ost,2025-04-29 21:18:05.668233+00:00,3,2025-04-29,45.55555555555554,mittel,0.00929585,Marienplatz,21
2897,8004135,Ost,2025-05-01 13:44:35.188962+00:00,7,2025-05-01,-57.5,niedrig,32.503923666666665,Marienplatz,13
2900,8004135,Ost,2025-05-02 19:45:39.992907+00:00,35,2025-05-02,,,96.0617888,Marienplatz,19
2901,8004135,Ost,2025-05-04 12:33:58.765915+00:00,134,2025-05-04,-31.42857142857143,mittel,359.95156901666667,Marienplatz,12
2902,8004135,Ost,2025-05-04 23:02:23.213817+00:00,16,2025-05-04,172.0,hoch,0.0004212,Marienplatz,23
2904,8004135,Ost,2025-05-05 09:51:33.295936+00:00,3,2025-05-05,56.25,mittel,21.811944383333334,Marienplatz,9
2905,8004135,Ost,2025-05-05 17:16:53.072833+00:00,4,2025-05-05,-23.333333333333343,mittel,12.371967750000001,Marienplatz,17
2906,8004135,Ost,2025-05-08 04:52:28.741695+00:00,3,2025-05-08,-37.0,niedrig,23.6541351,Marienplatz,4
2907,8004135,Ost,2025-05-09 03:37:39.068177+00:00,51,2025-05-09,28.0,mittel,180.66591256666666,Marienplatz,3
2908,8004135,Ost,2025-05-15 12:18:07.909768+00:00,4,2025-05-15,140.0,mittel,0.0023224166666666666,Marienplatz,12
2914,8004135,Ost,2025-05-21 17:14:55.877986+00:00,3,2025-05-21,303.33333333333337,hoch,27.106187666666663,Marienplatz,17
2915,8004135,Ost,2025-05-22 10:47:15.136636+00:00,5,2025-05-22,90.0,mittel,50.92265583333334,Marienplatz,10
2917,8004135,Ost,2025-05-24 10:16:54.987181+00:00,39,2025-05-24,-16.666666666666657,mittel,43.9610947,Marienplatz,10
2918,8004135,Ost,2025-05-26 04:10:19.418260+00:00,12,2025-05-26,160.0,hoch,61.0141004,Marienplatz,4
2926,8004135,Ost,2025-05-31 17:15:31.230010+00:00,4,2025-05-31,664.4444444444445,hoch,5.834822233333333,Marienplatz,17
2928,8004135,Ost,2025-06-03 20:17:09.764551+00:00,6,2025-06-03,-145.0,niedrig,0.0004317833333333333,Marienplatz,20
2929,8004135,Ost,2025-06-04 07:29:40.737395+00:00,3,2025-06-04,-5.0,mittel,11.070571783333332,Marienplatz,7
2931,8004135,Ost,2025-06-07 05:40:20.431945+00:00,3,2025-06-07,440.0,hoch,12.950934916666666,Marienplatz,5
2932,8004135,Ost,2025-06-08 12:22:22.133980+00:00,4,2025-06-08,796.25,hoch,37.12967755,Marienplatz,12
2933,8004135,Ost,2025-06-10 10:55:58.477364+00:00,4,2025-06-10,147.5,mittel,29.02524633333333,Marienplatz,10
2939,8004135,Ost,2025-06-16 11:03:31.734214+00:00,4,2025-06-16,-1.1111111111111143,mittel,28.498062366666666,Marienplatz,11
2940,8004135,Ost,2025-06-18 22:30:47.243529+00:00,3,2025-06-18,-218.57142857142856,niedrig,12.764104416666667,Marienplatz,22
2946,8004135,Ost,2025-06-19 21:05:34.178921+00:00,7,2025-06-19,990.0,hoch,26.834708499999998,Marienplatz,21
2952,8004135,Ost,2025-06-20 18:38:21.127540+00:00,6,2025-06-20,858.0,hoch,2.0206493,Marienplatz,18
2956,8004135,Ost,2025-06-24 07:49:13.245197+00:00,14,2025-06-24,834.0,hoch,27.500064233333333,Marienplatz,7
2958,8004135,Ost,2025-06-24 14:17:21.344542+00:00,28,2025-06-24,-205.55555555555554,niedrig,0.15528543333333333,Marienplatz,14
2959,8004135,Ost,2025-06-24 20:16:08.966650+00:00,3,2025-06-24,1163.3333333333333,hoch,2.0288193666666667,Marienplatz,20
2960,8004135,Ost,2025-06-25 15:02:06.617772+00:00,3,2025-06-25,121.5,mittel,13.997880133333332,Marienplatz,15
2963,8004135,Ost,2025-06-26 23:23:38.629604+00:00,4,2025-06-26,,,0.04191698333333334,Marienplatz,23
2968,8004135,Ost,2025-06-27 17:51:26.719495+00:00,3,2025-06-27,311.25,hoch,26.532826366666665,Marienplatz,17
2980,8004135,Ost,2025-07-01 09:22:02.165109+00:00,3,2025-07-01,-31.333333333333343,mittel,3.9788661,Marienplatz,9
2984,8004135,Ost,2025-07-02 07:18:02.977364+00:00,72,2025-07-02,476.25,hoch,57.418612700000004,Marienplatz,7
2987,8004135,Ost,2025-07-02 13:55:31.404991+00:00,7,2025-07-02,-245.71428571428572,niedrig,23.991647133333334,Marienplatz,13
2988,8004135,Ost,2025-07-02 22:16:40.961750+00:00,4,2025-07-02,,,0.0092582,Marienplatz,22
2992,8004135,Ost,2025-07-03 23:16:40.854654+00:00,3,2025-07-03,30.0,mittel,0.006333183333333334,Marienplatz,23
2997,8004135,Ost,2025-07-07 05:43:14.756449+00:00,6,2025-07-07,231.11111111111111,hoch,17.18964325,Marienplatz,5
2999,8004135,Ost,2025-07-08 14:16:13.851260+00:00,27,2025-07-08,0.0,mittel,0.0006085166666666667,Marienplatz,14
3001,8004135,Ost,2025-07-08 20:17:43.994214+00:00,6,2025-07-08,,,0.00413125,Marienplatz,20
3004,8004135,Ost,2025-07-09 09:41:05.512010+00:00,3,2025-07-09,71.25,mittel,24.878831066666667,Marienplatz,9
3008,8004135,Ost,2025-07-10 06:12:57.624803+00:00,4,2025-07-10,-206.66666666666666,niedrig,22.259938133333332,Marienplatz,6
3017,8004135,Ost,2025-07-12 14:31:16.319072+00:00,3,2025-07-12,142.5,mittel,18.050427416666665,Marienplatz,14
3021,8004135,Ost,2025-07-17 08:33:08.368984+00:00,3,2025-07-17,367.77777777777777,hoch,18.0523139,Marienplatz,8
3024,8004135,Ost,2025-07-17 14:08:28.888732+00:00,3,2025-07-17,-229.0,niedrig,8.221761616666667,Marienplatz,14
3025,8004135,Ost,2025-07-17 18:17:28.148718+00:00,6,2025-07-17,41.25,mittel,1.9765226666666666,Marienplatz,18
3033,8004135,Ost,2025-07-21 08:16:38.616014+00:00,4,2025-07-21,,,15.194078533333334,Marienplatz,8
3035,8004135,Ost,2025-07-21 13:16:22.699169+00:00,8,2025-07-21,-10.0,mittel,0.05980011666666667,Marienplatz,13
3038,8004135,Ost,2025-07-23 08:17:21.765532+00:00,3,2025-07-23,,,14.869207433333335,Marienplatz,8
3043,8004135,Ost,2025-08-01 08:00:56.198425+00:00,4,2025-08-01,-64.0,niedrig,6.057448983333333,Marienplatz,8
3048,8004135,Ost,2025-08-04 07:22:06.434634+00:00,4,2025-08-04,-65.55555555555554,niedrig,21.249395166666666,Marienplatz,7
3050,8004135,Ost,2025-08-05 21:17:11.500238+00:00,3,2025-08-05,,,0.0011876333333333334,Marienplatz,21
3051,8004135,Ost,2025-08-06 07:17:15.403987+00:00,8,2025-08-06,,,0.0157563,Marienplatz,7
3054,8004135,Ost,2025-08-11 08:17:13.163383+00:00,4,2025-08-11,303.75,hoch,22.129838033333332,Marienplatz,8
3058,8004135,Ost,2025-08-15 18:01:54.425226+00:00,4,2025-08-15,-24.375,mittel,0.010500216666666668,Marienplatz,18
3059,8004135,Ost,2025-08-16 04:58:30.779607+00:00,5,2025-08-16,-102.5,niedrig,8.631236783333332,Marienplatz,4
3060,8004135,Ost,2025-08-16 09:10:37.759950+00:00,4,2025-08-16,283.5,hoch,0.11767646666666667,Marienplatz,9
3065,8004135,Ost,2025-08-19 04:16:05.807728+00:00,5,2025-08-19,78.88888888888889,mittel,21.949718683333334,Marienplatz,4
3075,8004135,Ost,2025-08-21 14:01:20.731947+00:00,5,2025-08-21,960.0,hoch,28.705048416666667,Marienplatz,14
3078,8004135,Ost,2025-08-27 14:16:23.507600+00:00,4,2025-08-27,38.0,mittel,13.65531685,Marienplatz,14
3089,8004135,Ost,2025-09-06 16:17:24.537833+00:00,5,2025-09-06,-32.5,niedrig,32.094265566666664,Marienplatz,16
3091,8004135,Ost,2025-09-07 11:43:42.710704+00:00,4,2025-09-07,53.888888888888886,mittel,23.767691916666667,Marienplatz,11
3094,8004135,Ost,2025-09-08 07:10:04.562269+00:00,16,2025-09-08,-190.625,niedrig,72.98691646666666,Marienplatz,7
3097,8004135,Ost,2025-09-08 15:17:41.283265+00:00,15,2025-09-08,467.0,hoch,0.048713933333333334,Marienplatz,15
3098,8004135,Ost,2025-09-18 14:41:57.203261+00:00,12,2025-09-18,146.5,mittel,22.585640116666664,Marienplatz,14
3104,8004135,Ost,2025-10-04 14:16:38.647985+00:00,4,2025-10-04,333.33333333333337,hoch,13.997855566666667,Marienplatz,14
3105,8004135,Ost,2025-10-06 12:17:51.566624+00:00,54,2025-10-06,944.375,hoch,98.02745544999999,Marienplatz,12
3109,8004135,Ost,2025-10-08 08:26:07.046033+00:00,4,2025-10-08,107.0,mittel,28.003419716666667,Marienplatz,8
3116,8004135,Ost,2025-10-14 10:17:37.719668+00:00,39,2025-10-14,-156.1111111111111,niedrig,0.10264893333333333,Marienplatz,10
3123,8004135,Ost,2025-10-15 09:29:35.405707+00:00,156,2025-10-15,265.0,hoch,114.28707228333333,Marienplatz,9
3128,8004135,Ost,2025-10-16 15:16:55.342704+00:00,7,2025-10-16,-24.0,mittel,33.97401045,Marienplatz,15
3132,8004135,Ost,2025-10-23 05:54:09.300414+00:00,31,2025-10-23,235.0,hoch,82.0835561,Marienplatz,5
3136,8004135,Ost,2025-10-28 19:17:19.015047+00:00,4,2025-10-28,-78.0,niedrig,0.014532516666666667,Marienplatz,19
3137,8004135,Ost,2025-10-29 13:17:03.329702+00:00,10,2025-10-29,-210.0,niedrig,32.21327935,Marienplatz,13
3141,8004135,Ost,2025-11-10 10:16:55.241544+00:00,97,2025-11-10,880.0,hoch,50.00923065,Marienplatz,10
3147,8004135,Ost,2025-11-11 20:12:14.341013+00:00,7,2025-11-11,18.0,mittel,0.0025376500000000002,Marienplatz,20
3150,8004135,Ost,2025-11-12 03:20:10.682182+00:00,33,2025-11-12,,,0.02275668333333333,Marienplatz,3
3152,8004135,Ost,2025-11-12 09:28:05.412288+00:00,8,2025-11-12,-7.0,mittel,84.00947843333333,Marienplatz,9
3156,8004135,Ost,2025-11-12 22:42:28.160826+00:00,18,2025-11-12,36.25,mittel,18.019980866666668,Marienplatz,22
3158,8004135,Ost,2025-11-13 06:12:28.443241+00:00,3,2025-11-13,80.5,mittel,0.0021356333333333332,Marienplatz,6
3159,8004135,Ost,2025-11-13 15:16:36.953000+00:00,36,2025-11-13,588.0,hoch,0.2515645166666667,Marienplatz,15
3162,8004135,Ost,2025-11-14 01:17:20.751278+00:00,4,2025-11-14,,,0.002661516666666667,Marienplatz,1
3168,8004135,Ost,2025-11-15 02:01:27.500638+00:00,3,2025-11-15,,,0.00027006666666666665,Marienplatz,2
3178,8004135,Ost,2025-11-17 05:16:07.479887+00:00,3,2025-11-17,483.75,hoch,0.0006484333333333334,Marienplatz,5
3183,8004135,Ost,2025-11-17 17:24:06.922658+00:00,3,2025-11-17,-195.0,niedrig,22.0008663,Marienplatz,17
3186,8004135,Ost,2025-11-18 00:16:49.663492+00:00,4,2025-11-18,,,0.0055349833333333326,Marienplatz,0
3192,8004135,Ost,2025-11-18 12:07:04.633513+00:00,8,2025-11-18,146.66666666666669,mittel,10.20098165,Marienplatz,12
3193,8004135,Ost,2025-11-18 16:16:41.594095+00:00,6,2025-11-18,-60.0,niedrig,0.005374483333333333,Marienplatz,16
3203,8004135,Ost,2025-11-19 16:17:32.226335+00:00,3,2025-11-19,,,0.0013995666666666666,Marienplatz,16
3204,8004135,Ost,2025-11-20 07:17:57.866849+00:00,3,2025-11-20,377.77777777777777,hoch,15.963593466666667,Marienplatz,7
3206,8004135,Ost,2025-11-20 22:16:25.827810+00:00,30,2025-11-20,-36.0,niedrig,0.009862116666666667,Marienplatz,22
3219,8004135,Ost,2025-11-24 08:08:49.559081+00:00,7,2025-11-24,1022.7777777777778,hoch,8.025021666666667,Marienplatz,8
3221,8004135,Ost,2025-11-24 19:17:27.433317+00:00,12,2025-11-24,310.0,hoch,0.06819391666666667,Marienplatz,19
3224,8004135,Ost,2025-12-02 06:52:09.475149+00:00,11,2025-12-02,-116.66666666666669,niedrig,94.05837691666667,Marienplatz,6
3227,8004135,Ost,2025-12-05 07:05:21.065816+00:00,4,2025-12-05,-81.66666666666669,niedrig,16.010151866666668,Marienplatz,7
3229,8004135,Ost,2025-12-06 19:16:33.319609+00:00,4,2025-12-06,93.33333333333334,mittel,0.0027343999999999997,Marienplatz,19
3230,8004135,Ost,2025-12-10 07:11:48.367469+00:00,6,2025-12-10,1282.0,hoch,23.99896065,Marienplatz,7
3232,8004135,Ost,2025-12-10 12:17:50.372660+00:00,82,2025-12-10,-210.0,niedrig,0.08326498333333333,Marienplatz,12
3236,8004135,Ost,2025-12-11 21:53:26.793345+00:00,11,2025-12-11,280.0,hoch,42.37921323333333,Marienplatz,21
3237,8004135,Ost,2025-12-14 17:16:24.498420+00:00,13,2025-12-14,268.0,hoch,15.988720783333333,Marienplatz,17
3238,8004135,Ost,2025-12-16 08:16:54.894205+00:00,4,2025-12-16,496.0,hoch,0.0005290333333333333,Marienplatz,8
3239,8004135,Ost,2025-12-16 14:17:49.236699+00:00,11,2025-12-16,150.0,mittel,0.0178848,Marienplatz,14
3240,8004135,Ost,2025-12-17 08:17:00.581955+00:00,65,2025-12-17,292.5,hoch,120.00590681666667,Marienplatz,8
3241,8004135,Ost,2025-12-18 09:31:59.543471+00:00,3,2025-12-18,1074.0,hoch,11.994393383333334,Marienplatz,9
3248,8004135,Ost,2025-12-20 19:47:28.169900+00:00,4,2025-12-20,-135.0,niedrig,30.006491999999998,Marienplatz,19
3249,8004135,Ost,2025-12-21 06:13:59.083518+00:00,11,2025-12-21,-113.75,niedrig,94.00152723333333,Marienplatz,6
3250,8004135,Ost,2025-12-27 16:17:24.572631+00:00,9,2025-12-27,-100.0,niedrig,0.011325716666666668,Marienplatz,16
3252,8004135,Ost,2025-12-29 08:07:18.022823+00:00,35,2025-12-29,540.0,hoch,47.11083816666667,Marienplatz,8
3258,8004135,Ost,2025-12-30 14:22:39.348874+00:00,3,2025-12-30,-90.0,niedrig,24.002633566666667,Marienplatz,14
3262,8004135,Ost,2025-12-30 21:16:44.306021+00:00,4,2025-12-30,-33.75,niedrig,11.984357450000001,Marienplatz,21
3263,8004135,Ost,2025-12-31 08:16:50.336629+00:00,7,2025-12-31,-112.0,niedrig,12.005401216666666,Marienplatz,8
3264,8004136,Ost,2025-01-05 15:17:56.298297+00:00,6,2025-01-05,10.0,mittel,0.00019728333333333335,Rosenheimer Platz,15
3266,8004136,Ost,2025-01-07 08:17:56.885513+00:00,11,2025-01-07,-9.0,mittel,5.9821416,Rosenheimer Platz,8
3268,8004136,Ost,2025-01-09 19:27:33.492547+00:00,3,2025-01-09,912.0,hoch,23.985186116666668,Rosenheimer Platz,19
3270,8004136,Ost,2025-01-10 09:27:32.799152+00:00,4,2025-01-10,70.0,mittel,45.995538,Rosenheimer Platz,9
3273,8004136,Ost,2025-01-13 18:11:26.550015+00:00,15,2025-01-13,,,0.0008084333333333334,Rosenheimer Platz,18
3274,8004136,Ost,2025-01-15 05:07:28.942924+00:00,4,2025-01-15,1006.6666666666666,hoch,5.990593033333334,Rosenheimer Platz,5
3282,8004136,Ost,2025-01-24 12:42:59.881187+00:00,8,2025-01-24,-21.25,mittel,66.00348816666666,Rosenheimer Platz,12
3283,8004136,Ost,2025-01-24 22:30:59.950251+00:00,3,2025-01-24,471.42857142857144,hoch,8.001561766666667,Rosenheimer Platz,22
3285,8004136,Ost,2025-01-27 23:59:23.696106+00:00,3,2025-01-27,210.0,hoch,46.0076233,Rosenheimer Platz,23
3288,8004136,Ost,2025-02-04 09:16:43.502568+00:00,9,2025-02-04,-108.0,niedrig,0.05166815,Rosenheimer Platz,9
3291,8004136,Ost,2025-02-08 05:30:35.875925+00:00,3,2025-02-08,380.0,hoch,3.9916369333333335,Rosenheimer Platz,5
3296,8004136,Ost,2025-02-12 10:16:38.409827+00:00,15,2025-02-12,276.0,hoch,0.18094093333333333,Rosenheimer Platz,10
3297,8004136,Ost,2025-02-13 04:38:35.697103+00:00,3,2025-02-13,-75.0,niedrig,10.00097315,Rosenheimer Platz,4
3303,8004136,Ost,2025-02-14 10:01:18.348858+00:00,3,2025-02-14,620.0,hoch,2.0016936000000003,Rosenheimer Platz,10
3305,8004136,Ost,2025-02-14 22:45:18.354162+00:00,70,2025-02-14,,,90.47470488333333,Rosenheimer Platz,22
3306,8004136,Ost,2025-02-16 08:49:47.037797+00:00,4,2025-02-16,166.42857142857142,hoch,16.00104178333333,Rosenheimer Platz,8
3309,8004136,Ost,2025-02-18 21:17:47.115353+00:00,3,2025-02-18,60.0,mittel,0.0001866833333333333,Rosenheimer Platz,21
3311,8004136,Ost,2025-02-19 04:57:47.365438+00:00,44,2025-02-19,-25.555555555555543,mittel,217.9977524,Rosenheimer Platz,4
3313,8004136,Ost,2025-02-20 15:17:47.644268+00:00,8,2025-02-20,-76.0,niedrig,7.993802733333334,Rosenheimer Platz,15
3314,8004136,Ost,2025-02-23 12:01:47.613227+00:00,5,2025-02-23,,,28.0000936,Rosenheimer Platz,12
3319,8004136,Ost,2025-03-04 09:36:14.510603+00:00,15,2025-03-04,-52.0,niedrig,166.00136543333335,Rosenheimer Platz,9
3321,8004136,Ost,2025-03-04 14:04:14.553013+00:00,3,2025-03-04,141.0,mittel,22.00309136666667,Rosenheimer Platz,14
3322,8004136,Ost,2025-03-05 08:16:14.589524+00:00,15,2025-03-05,-204.0,niedrig,0.012586583333333333,Rosenheimer Platz,8
3324,8004136,Ost,2025-03-06 12:02:48.765199+00:00,3,2025-03-06,-57.5,niedrig,19.997510583333334,Rosenheimer Platz,12
3326,8004136,Ost,2025-03-07 18:36:48.674062+00:00,6,2025-03-07,231.42857142857142,hoch,8.001007733333333,Rosenheimer Platz,18
3334,8004136,Ost,2025-03-19 14:53:23.655619+00:00,3,2025-03-19,-105.55555555555554,niedrig,3.5666666666666667e-06,Rosenheimer Platz,14
3335,8004136,Ost,2025-03-20 06:12:59.658588+00:00,3,2025-03-20,-272.5,niedrig,7.669136716666667,Rosenheimer Platz,6
3341,8004136,Ost,2025-03-26 19:41:46.764922+00:00,3,2025-03-26,183.33333333333334,hoch,38.128334083333336,Rosenheimer Platz,19
3344,8004136,Ost,2025-04-02 17:07:28.812094+00:00,6,2025-04-02,-70.55555555555554,niedrig,15.943795216666667,Rosenheimer Platz,17
3347,8004136,Ost,2025-04-10 12:54:59.697126+00:00,3,2025-04-10,-86.875,niedrig,11.231838616666666,Rosenheimer Platz,12
3351,8004136,Ost,2025-04-16 16:40:48.717821+00:00,3,2025-04-16,105.5,mittel,6.359817383333334,Rosenheimer Platz,16
3355,8004136,Ost,2025-04-17 14:17:41.283963+00:00,5,2025-04-17,-235.71428571428572,niedrig,13.135289133333334,Rosenheimer Platz,14
3356,8004136,Ost,2025-04-20 08:08:31.374115+00:00,10,2025-04-20,-33.33333333333333,niedrig,59.075576416666664,Rosenheimer Platz,8
3357,8004136,Ost,2025-04-22 13:16:15.524964+00:00,45,2025-04-22,393.33333333333337,hoch,99.82766126666667,Rosenheimer Platz,13
3358,8004136,Ost,2025-04-22 17:17:38.252861+00:00,4,2025-04-22,-74.0,niedrig,0.0012582333333333335,Rosenheimer Platz,17
3360,8004136,Ost,2025-04-27 06:17:50.029790+00:00,13,2025-04-27,4.285714285714292,mittel,0.0011768833333333333,Rosenheimer Platz,6
3362,8004136,Ost,2025-04-27 21:16:33.339660+00:00,46,2025-04-27,623.3333333333334,hoch,160.48427251666666,Rosenheimer Platz,21
3363,8004136,Ost,2025-04-28 13:17:22.968103+00:00,5,2025-04-28,-82.5,niedrig,37.13559471666667,Rosenheimer Platz,13
3365,8004136,Ost,2025-04-29 08:13:59.526013+00:00,42,2025-04-29,312.0,hoch,108.65455553333332,Rosenheimer Platz,8
3366,8004136,Ost,2025-04-29 21:18:06.754949+00:00,3,2025-04-29,-30.0,mittel,0.0022025499999999997,Rosenheimer Platz,21
3369,8004136,Ost,2025-05-01 13:48:59.676385+00:00,7,2025-05-01,191.42857142857144,hoch,28.10561918333333,Rosenheimer Platz,13
3370,8004136,Ost,2025-05-02 13:44:35.211031+00:00,4,2025-05-02,-105.55555555555554,niedrig,59.76277096666667,Rosenheimer Platz,13
3371,8004136,Ost,2025-05-02 19:52:29.283226+00:00,36,2025-05-02,,,86.92541433333334,Rosenheimer Platz,19
3372,8004136,Ost,2025-05-04 12:36:19.642405+00:00,134,2025-05-04,-6.0,mittel,359.87515379999996,Rosenheimer Platz,12
3373,8004136,Ost,2025-05-04 23:02:23.471394+00:00,16,2025-05-04,645.0,hoch,0.00054575,Rosenheimer Platz,23
3375,8004136,Ost,2025-05-05 09:37:09.070459+00:00,4,2025-05-05,122.85714285714286,mittel,36.22541378333334,Rosenheimer Platz,9
3376,8004136,Ost,2025-05-05 17:16:53.189307+00:00,4,2025-05-05,21.428571428571416,mittel,12.380827033333333,Rosenheimer Platz,17
3377,8004136,Ost,2025-05-09 03:37:39.240104+00:00,51,2025-05-09,24.0,mittel,166.23778679999998,Rosenheimer Platz,3
3378,8004136,Ost,2025-05-14 16:53:37.009913+00:00,3,2025-05-14,-1.25,mittel,13.98187135,Rosenheimer Platz,16
3383,8004136,Ost,2025-05-21 16:03:24.740581+00:00,13,2025-05-21,,,35.96511561666667,Rosenheimer Platz,16
3386,8004136,Ost,2025-05-24 10:16:55.124117+00:00,40,2025-05-24,-25.714285714285722,mittel,49.929072766666664,Rosenheimer Platz,10
3387,8004136,Ost,2025-05-26 04:10:19.988111+00:00,12,2025-05-26,-109.0,niedrig,61.007855666666664,Rosenheimer Platz,4
3395,8004136,Ost,2025-05-31 17:15:31.380915+00:00,5,2025-05-31,797.1428571428571,hoch,16.20245325,Rosenheimer Platz,17
3397,8004136,Ost,2025-06-03 20:17:10.029535+00:00,6,2025-06-03,-60.0,niedrig,0.001127,Rosenheimer Platz,20
3400,8004136,Ost,2025-06-14 13:16:52.455144+00:00,4,2025-06-14,-61.25,niedrig,6.42416725,Rosenheimer Platz,13
3401,8004136,Ost,2025-06-16 04:58:55.730474+00:00,4,2025-06-16,512.5,hoch,25.269621649999998,Rosenheimer Platz,4
3404,8004136,Ost,2025-06-16 11:08:37.528618+00:00,4,2025-06-16,35.0,mittel,25.95801435,Rosenheimer Platz,11
3406,8004136,Ost,2025-06-18 22:41:33.798670+00:00,5,2025-06-18,1160.0,hoch,24.79577576666667,Rosenheimer Platz,22
3411,8004136,Ost,2025-06-19 21:05:35.309663+00:00,6,2025-06-19,,,31.923243866666667,Rosenheimer Platz,21
3417,8004136,Ost,2025-06-20 18:52:55.861501+00:00,6,2025-06-20,368.8888888888889,hoch,24.441887066666666,Rosenheimer Platz,18
3418,8004136,Ost,2025-06-21 19:31:25.764674+00:00,3,2025-06-21,408.75,hoch,12.9987391,Rosenheimer Platz,19
3424,8004136,Ost,2025-06-24 14:17:57.751954+00:00,31,2025-06-24,-183.75,niedrig,0.2586197333333333,Rosenheimer Platz,14
3427,8004136,Ost,2025-06-25 16:17:15.505562+00:00,34,2025-06-25,506.0,hoch,71.6074533,Rosenheimer Platz,16
3429,8004136,Ost,2025-06-26 23:23:43.895052+00:00,4,2025-06-26,,,0.029654066666666666,Rosenheimer Platz,23
3437,8004136,Ost,2025-06-27 19:38:30.432445+00:00,4,2025-06-27,-335.0,niedrig,67.92207731666666,Rosenheimer Platz,19
3452,8004136,Ost,2025-07-02 06:17:38.256075+00:00,67,2025-07-02,316.6666666666667,hoch,103.73313750000001,Rosenheimer Platz,6
3457,8004136,Ost,2025-07-02 13:42:27.273705+00:00,7,2025-07-02,24.0,mittel,25.07119338333333,Rosenheimer Platz,13
3458,8004136,Ost,2025-07-02 22:16:48.977085+00:00,4,2025-07-02,-18.571428571428584,mittel,0.010763783333333334,Rosenheimer Platz,22
3461,8004136,Ost,2025-07-03 13:17:57.651243+00:00,3,2025-07-03,,,0.0147273,Rosenheimer Platz,13
3463,8004136,Ost,2025-07-03 23:16:47.356899+00:00,3,2025-07-03,0.0,mittel,0.014393833333333333,Rosenheimer Platz,23
3468,8004136,Ost,2025-07-07 05:41:16.043188+00:00,7,2025-07-07,406.875,hoch,52.2393573,Rosenheimer Platz,5
3473,8004136,Ost,2025-07-08 20:17:45.678369+00:00,6,2025-07-08,517.5,hoch,0.027883683333333333,Rosenheimer Platz,20
3478,8004136,Ost,2025-07-09 11:19:21.230193+00:00,3,2025-07-09,8.571428571428584,mittel,39.08728668333333,Rosenheimer Platz,11
3481,8004136,Ost,2025-07-10 06:32:54.445653+00:00,3,2025-07-10,185.0,hoch,2.3145647666666664,Rosenheimer Platz,6
3492,8004136,Ost,2025-07-12 14:31:19.821118+00:00,3,2025-07-12,-125.0,niedrig,20.536266983333334,Rosenheimer Platz,14
3500,8004136,Ost,2025-07-17 18:17:32.150127+00:00,6,2025-07-17,-67.5,niedrig,10.131747566666666,Rosenheimer Platz,18
3507,8004136,Ost,2025-07-21 09:02:14.925555+00:00,40,2025-07-21,-16.25,mittel,111.56499088333334,Rosenheimer Platz,9
3508,8004136,Ost,2025-07-21 13:16:29.393542+00:00,8,2025-07-21,-14.0,mittel,0.048587700000000004,Rosenheimer Platz,13
3510,8004136,Ost,2025-07-23 08:17:25.769339+00:00,3,2025-07-23,,,14.865119850000001,Rosenheimer Platz,8
3511,8004136,Ost,2025-07-24 12:17:20.045639+00:00,5,2025-07-24,,,0.010364633333333335,Rosenheimer Platz,12
3514,8004136,Ost,2025-07-28 09:07:20.152682+00:00,18,2025-07-28,-30.0,mittel,77.24375165,Rosenheimer Platz,9
3523,8004136,Ost,2025-08-05 21:17:44.269997+00:00,6,2025-08-05,,,0.0022738333333333334,Rosenheimer Platz,21
3524,8004136,Ost,2025-08-06 07:17:19.455137+00:00,8,2025-08-06,,,0.021660466666666666,Rosenheimer Platz,7
3529,8004136,Ost,2025-08-11 08:35:15.936413+00:00,3,2025-08-11,279.0,hoch,8.138566733333333,Rosenheimer Platz,8
3531,8004136,Ost,2025-08-13 04:08:32.297599+00:00,6,2025-08-13,42.0,mittel,51.807272766666664,Rosenheimer Platz,4
3533,8004136,Ost,2025-08-15 18:01:56.687969+00:00,4,2025-08-15,773.75,hoch,2.1399521833333335,Rosenheimer Platz,18
3536,8004136,Ost,2025-08-16 08:02:51.055680+00:00,7,2025-08-16,,,13.60674505,Rosenheimer Platz,8
3538,8004136,Ost,2025-08-18 07:23:56.712811+00:00,15,2025-08-18,597.7777777777778,hoch,71.65703426666667,Rosenheimer Platz,7
3548,8004136,Ost,2025-08-21 14:01:21.317399+00:00,5,2025-08-21,942.0,hoch,30.731486099999998,Rosenheimer Platz,14
3563,8004136,Ost,2025-09-07 11:51:27.314127+00:00,4,2025-09-07,112.5,mittel,11.00045265,Rosenheimer Platz,11
3565,8004136,Ost,2025-09-08 07:15:04.794840+00:00,14,2025-09-08,-88.75,niedrig,25.93789136666667,Rosenheimer Platz,7
3568,8004136,Ost,2025-09-08 15:17:41.429969+00:00,15,2025-09-08,621.1111111111111,hoch,0.04310415,Rosenheimer Platz,15
3569,8004136,Ost,2025-09-18 14:41:57.254222+00:00,13,2025-09-18,86.5,mittel,26.430716166666667,Rosenheimer Platz,14
3574,8004136,Ost,2025-09-29 20:18:01.133125+00:00,104,2025-09-29,81.0,mittel,5.965467716666667,Rosenheimer Platz,20
3577,8004136,Ost,2025-10-04 14:16:38.707321+00:00,4,2025-10-04,643.3333333333334,hoch,13.9916669,Rosenheimer Platz,14
3578,8004136,Ost,2025-10-06 12:17:51.411950+00:00,55,2025-10-06,-20.0,mittel,94.03617661666667,Rosenheimer Platz,12
3582,8004136,Ost,2025-10-08 08:28:06.757370+00:00,6,2025-10-08,-92.22222222222223,niedrig,60.00233265,Rosenheimer Platz,8
3588,8004136,Ost,2025-10-14 10:17:38.040766+00:00,40,2025-10-14,,,0.07159705000000001,Rosenheimer Platz,10
3592,8004136,Ost,2025-10-14 20:16:13.813015+00:00,40,2025-10-14,2.0,mittel,41.9890527,Rosenheimer Platz,20
3594,8004136,Ost,2025-10-15 09:29:35.109061+00:00,156,2025-10-15,598.5,hoch,116.3025997,Rosenheimer Platz,9
3596,8004136,Ost,2025-10-15 18:16:42.013190+00:00,15,2025-10-15,-16.0,mittel,96.13707763333333,Rosenheimer Platz,18
3598,8004136,Ost,2025-10-16 15:16:55.175251+00:00,6,2025-10-16,-45.0,niedrig,10.001956250000001,Rosenheimer Platz,15
3608,8004136,Ost,2025-10-28 19:17:18.962997+00:00,4,2025-10-28,459.0,hoch,0.016551783333333334,Rosenheimer Platz,19
3609,8004136,Ost,2025-10-29 13:17:03.599538+00:00,10,2025-10-29,-118.88888888888891,niedrig,28.20635875,Rosenheimer Platz,13
3610,8004136,Ost,2025-11-09 13:18:04.913776+00:00,4,2025-11-09,33.75,mittel,19.97975496666667,Rosenheimer Platz,13
3614,8004136,Ost,2025-11-10 10:16:55.128680+00:00,111,2025-11-10,1466.6666666666667,hoch,46.01685956666667,Rosenheimer Platz,10
3618,8004136,Ost,2025-11-11 09:03:21.833863+00:00,52,2025-11-11,-63.333333333333314,niedrig,14.055334166666666,Rosenheimer Platz,9
3622,8004136,Ost,2025-11-12 03:20:10.773910+00:00,45,2025-11-12,-51.42857142857143,niedrig,0.0283318,Rosenheimer Platz,3
3626,8004136,Ost,2025-11-12 09:28:04.896912+00:00,17,2025-11-12,306.66666666666663,hoch,92.01142591666667,Rosenheimer Platz,9
3632,8004136,Ost,2025-11-13 06:12:28.555143+00:00,3,2025-11-13,669.0,hoch,0.0004689166666666667,Rosenheimer Platz,6
3633,8004136,Ost,2025-11-13 15:16:36.731726+00:00,65,2025-11-13,-123.75,niedrig,0.23357360000000002,Rosenheimer Platz,15
3635,8004136,Ost,2025-11-14 01:17:20.776109+00:00,4,2025-11-14,,,0.0015142166666666666,Rosenheimer Platz,1
3646,8004136,Ost,2025-11-15 02:01:27.628153+00:00,3,2025-11-15,,,0.0028885499999999997,Rosenheimer Platz,2
3648,8004136,Ost,2025-11-16 22:34:07.057468+00:00,14,2025-11-16,,,0.0091873,Rosenheimer Platz,22
3649,8004136,Ost,2025-11-17 17:18:10.760467+00:00,65,2025-11-17,-402.2222222222222,niedrig,17.93580281666667,Rosenheimer Platz,17
3658,8004136,Ost,2025-11-18 12:07:04.638565+00:00,8,2025-11-18,172.5,hoch,10.201448916666667,Rosenheimer Platz,12
3659,8004136,Ost,2025-11-18 16:16:41.314919+00:00,7,2025-11-18,-143.0,niedrig,0.005307183333333334,Rosenheimer Platz,16
3661,8004136,Ost,2025-11-18 23:17:15.957931+00:00,4,2025-11-18,-14.285714285714278,mittel,0.0028869666666666667,Rosenheimer Platz,23
3668,8004136,Ost,2025-11-19 16:17:32.180953+00:00,3,2025-11-19,-280.0,niedrig,0.0026129833333333333,Rosenheimer Platz,16
3671,8004136,Ost,2025-11-20 22:16:25.929292+00:00,30,2025-11-20,-184.28571428571428,niedrig,0.012977683333333333,Rosenheimer Platz,22
3676,8004136,Ost,2025-11-22 05:16:08.250552+00:00,3,2025-11-22,15.0,mittel,0.00145015,Rosenheimer Platz,5
3682,8004136,Ost,2025-11-23 13:16:49.858297+00:00,8,2025-11-23,72.85714285714286,mittel,45.99999023333333,Rosenheimer Platz,13
3684,8004136,Ost,2025-11-24 08:14:49.754168+00:00,7,2025-11-24,1023.5714285714286,hoch,2.0253656833333333,Rosenheimer Platz,8
3686,8004136,Ost,2025-11-24 19:17:27.182495+00:00,12,2025-11-24,-63.33333333333334,niedrig,0.05530391666666667,Rosenheimer Platz,19
3690,8004136,Ost,2025-12-02 08:28:13.015064+00:00,3,2025-12-02,-26.666666666666686,mittel,35.993448566666665,Rosenheimer Platz,8
3692,8004136,Ost,2025-12-05 07:05:21.034700+00:00,4,2025-12-05,672.5,hoch,21.996511033333334,Rosenheimer Platz,7
3694,8004136,Ost,2025-12-06 19:16:33.360619+00:00,4,2025-12-06,398.0,hoch,1.9752689333333333,Rosenheimer Platz,19
3695,8004136,Ost,2025-12-10 07:11:48.367764+00:00,6,2025-12-10,,,31.98799365,Rosenheimer Platz,7
3697,8004136,Ost,2025-12-10 12:17:50.372862+00:00,83,2025-12-10,-145.71428571428572,niedrig,0.07355785000000001,Rosenheimer Platz,12
3701,8004136,Ost,2025-12-11 21:49:27.687047+00:00,14,2025-12-11,61.66666666666666,mittel,48.37015816666667,Rosenheimer Platz,21
3702,8004136,Ost,2025-12-14 17:16:24.777124+00:00,12,2025-12-14,648.0,hoch,5.982781366666667,Rosenheimer Platz,17
3703,8004136,Ost,2025-12-15 22:08:25.277355+00:00,3,2025-12-15,-18.75,mittel,0.006070999999999999,Rosenheimer Platz,22
3704,8004136,Ost,2025-12-16 08:16:54.934025+00:00,4,2025-12-16,260.0,hoch,0.0008928333333333334,Rosenheimer Platz,8
3705,8004136,Ost,2025-12-16 14:17:48.848230+00:00,11,2025-12-16,-220.0,niedrig,0.0249823,Rosenheimer Platz,14
3706,8004136,Ost,2025-12-17 08:17:00.996148+00:00,65,2025-12-17,536.0,hoch,119.99684316666666,Rosenheimer Platz,8
3707,8004136,Ost,2025-12-18 09:37:59.010017+00:00,3,2025-12-18,1340.0,hoch,8.002684583333332,Rosenheimer Platz,9
3715,8004136,Ost,2025-12-20 20:17:28.655380+00:00,3,2025-12-20,,,11.988969916666667,Rosenheimer Platz,20
3716,8004136,Ost,2025-12-21 06:19:58.591023+00:00,13,2025-12-21,-67.5,niedrig,88.00607371666666,Rosenheimer Platz,6
3717,8004136,Ost,2025-12-27 16:17:24.395672+00:00,10,2025-12-27,-112.5,niedrig,25.952770966666666,Rosenheimer Platz,16
3719,8004136,Ost,2025-12-29 08:17:18.286849+00:00,34,2025-12-29,-1240.0,niedrig,27.993795883333334,Rosenheimer Platz,8
3729,8004136,Ost,2025-12-30 21:16:44.329818+00:00,3,2025-12-30,118.57142857142858,mittel,0.021492433333333335,Rosenheimer Platz,21
3730,8004136,Ost,2025-12-31 08:16:50.504183+00:00,7,2025-12-31,-336.66666666666663,niedrig,12.001741166666667,Rosenheimer Platz,8
3265,8004136,West,2025-01-05 17:43:55.589537+00:00,64,2025-01-05,,,127.98407354999999,Rosenheimer Platz,17
3272,8004136,West,2025-01-10 14:15:21.036183+00:00,18,2025-01-10,10.0,mittel,0.00043091666666666663,Rosenheimer Platz,14
3276,8004136,West,2025-01-15 19:16:59.319865+00:00,36,2025-01-15,300.0,hoch,9.999430866666668,Rosenheimer Platz,19
3279,8004136,West,2025-01-22 06:17:00.127006+00:00,49,2025-01-22,142.5,mittel,290.00016048333333,Rosenheimer Platz,6
3280,8004136,West,2025-01-22 19:17:04.855443+00:00,5,2025-01-22,108.0,mittel,0.0156554,Rosenheimer Platz,19
3281,8004136,West,2025-01-23 10:20:59.927452+00:00,3,2025-01-23,45.55555555555554,mittel,6.001513016666666,Rosenheimer Platz,10
3284,8004136,West,2025-01-27 22:17:32.289056+00:00,7,2025-01-27,,,85.85868536666666,Rosenheimer Platz,22
3286,8004136,West,2025-01-30 12:16:23.197476+00:00,15,2025-01-30,51.66666666666666,mittel,19.996576433333335,Rosenheimer Platz,12
3287,8004136,West,2025-02-03 15:00:35.220753+00:00,7,2025-02-03,-239.0,niedrig,15.997569966666667,Rosenheimer Platz,15
3290,8004136,West,2025-02-07 12:50:35.367332+00:00,6,2025-02-07,351.42857142857144,hoch,73.99784483333333,Rosenheimer Platz,12
3293,8004136,West,2025-02-09 08:40:35.578986+00:00,6,2025-02-09,86.66666666666666,mittel,15.997688083333333,Rosenheimer Platz,8
3298,8004136,West,2025-02-13 16:05:18.257832+00:00,11,2025-02-13,307.5,hoch,84.00263531666666,Rosenheimer Platz,16
3300,8004136,West,2025-02-14 05:33:18.685519+00:00,3,2025-02-14,-1.25,mittel,7.998755733333334,Rosenheimer Platz,5
3304,8004136,West,2025-02-14 22:17:18.818714+00:00,57,2025-02-14,614.2857142857142,hoch,5.996920833333333,Rosenheimer Platz,22
3307,8004136,West,2025-02-16 09:29:46.990396+00:00,160,2025-02-16,,,320.0005404666666,Rosenheimer Platz,9
3308,8004136,West,2025-02-18 16:21:47.149848+00:00,4,2025-02-18,495.0,hoch,29.998966816666666,Rosenheimer Platz,16
3310,8004136,West,2025-02-19 04:03:47.147384+00:00,3,2025-02-19,-180.0,niedrig,14.005485433333332,Rosenheimer Platz,4
3312,8004136,West,2025-02-20 10:41:47.300222+00:00,6,2025-02-20,178.5,hoch,12.001923533333333,Rosenheimer Platz,10
3315,8004136,West,2025-02-23 12:59:47.736133+00:00,3,2025-02-23,,,23.998515750000003,Rosenheimer Platz,12
3316,8004136,West,2025-02-23 22:17:48.023517+00:00,19,2025-02-23,-45.0,niedrig,17.992727933333335,Rosenheimer Platz,22
3317,8004136,West,2025-02-25 14:09:47.814681+00:00,6,2025-02-25,57.14285714285714,mittel,50.011978666666664,Rosenheimer Platz,14
3318,8004136,West,2025-02-26 08:43:47.741191+00:00,4,2025-02-26,718.8888888888889,hoch,28.010053116666665,Rosenheimer Platz,8
3320,8004136,West,2025-03-04 12:40:14.514806+00:00,5,2025-03-04,-97.77777777777777,niedrig,35.999047000000004,Rosenheimer Platz,12
3323,8004136,West,2025-03-05 22:16:20.684620+00:00,3,2025-03-05,,,0.06285311666666667,Rosenheimer Platz,22
3325,8004136,West,2025-03-07 18:16:48.676759+00:00,4,2025-03-07,-26.5,mittel,0.005482183333333333,Rosenheimer Platz,18
3327,8004136,West,2025-03-08 18:24:49.363882+00:00,21,2025-03-08,495.0,hoch,163.99127435,Rosenheimer Platz,18
3328,8004136,West,2025-03-12 14:16:51.349955+00:00,14,2025-03-12,-93.33333333333334,niedrig,0.024178433333333336,Rosenheimer Platz,14
3332,8004136,West,2025-03-17 09:40:57.759626+00:00,42,2025-03-17,-69.0,niedrig,0.050320833333333335,Rosenheimer Platz,9
3336,8004136,West,2025-03-22 20:07:29.131734+00:00,3,2025-03-22,63.75,mittel,21.818502466666665,Rosenheimer Platz,20
3340,8004136,West,2025-03-25 05:47:25.921678+00:00,21,2025-03-25,131.1111111111111,mittel,80.47925398333334,Rosenheimer Platz,5
3342,8004136,West,2025-03-28 09:16:26.669948+00:00,15,2025-03-28,216.875,hoch,73.95583491666666,Rosenheimer Platz,9
3343,8004136,West,2025-03-31 10:17:13.744702+00:00,11,2025-03-31,14.0,mittel,0.0011874333333333335,Rosenheimer Platz,10
3345,8004136,West,2025-04-03 13:16:35.960359+00:00,3,2025-04-03,42.77777777777777,mittel,0.0010614666666666666,Rosenheimer Platz,13
3346,8004136,West,2025-04-08 04:08:03.560089+00:00,12,2025-04-08,-73.33333333333334,niedrig,61.25444995,Rosenheimer Platz,4
3348,8004136,West,2025-04-15 04:19:41.278101+00:00,7,2025-04-15,4.5,mittel,27.20320686666667,Rosenheimer Platz,4
3349,8004136,West,2025-04-16 13:16:24.986854+00:00,9,2025-04-16,145.0,mittel,0.009617433333333333,Rosenheimer Platz,13
3354,8004136,West,2025-04-17 13:16:05.105362+00:00,6,2025-04-17,47.22222222222223,mittel,0.0036177,Rosenheimer Platz,13
3359,8004136,West,2025-04-24 19:21:07.463417+00:00,4,2025-04-24,-38.571428571428584,niedrig,16.5499923,Rosenheimer Platz,19
3364,8004136,West,2025-04-28 14:13:15.958880+00:00,12,2025-04-28,16.0,mittel,117.4115122,Rosenheimer Platz,14
3367,8004136,West,2025-04-30 14:31:58.242034+00:00,3,2025-04-30,255.55555555555554,hoch,16.336724533333335,Rosenheimer Platz,14
3368,8004136,West,2025-05-01 11:30:11.777511+00:00,12,2025-05-01,210.0,hoch,88.02139505,Rosenheimer Platz,11
3374,8004136,West,2025-05-05 08:31:30.649007+00:00,30,2025-05-05,201.0,hoch,42.91325776666667,Rosenheimer Platz,8
3382,8004136,West,2025-05-21 06:57:37.840048+00:00,3,2025-05-21,360.5,hoch,22.347168183333334,Rosenheimer Platz,6
3384,8004136,West,2025-05-22 10:42:56.280981+00:00,3,2025-05-22,-37.5,niedrig,24.872073383333333,Rosenheimer Platz,10
3390,8004136,West,2025-05-26 16:41:51.552097+00:00,20,2025-05-26,-63.75,niedrig,0.0013327666666666665,Rosenheimer Platz,16
3391,8004136,West,2025-05-28 08:20:49.614298+00:00,3,2025-05-28,-65.0,niedrig,11.800488916666666,Rosenheimer Platz,8
3393,8004136,West,2025-05-30 20:18:12.245487+00:00,4,2025-05-30,-122.22222222222223,niedrig,29.655609883333334,Rosenheimer Platz,20
3394,8004136,West,2025-05-31 14:17:20.839963+00:00,14,2025-05-31,-75.71428571428572,niedrig,0.0011550500000000001,Rosenheimer Platz,14
3396,8004136,West,2025-06-03 04:17:40.185199+00:00,15,2025-06-03,70.5,mittel,109.11702515,Rosenheimer Platz,4
3398,8004136,West,2025-06-04 07:36:43.761586+00:00,5,2025-06-04,-150.0,niedrig,33.26784933333333,Rosenheimer Platz,7
3403,8004136,West,2025-06-16 10:04:06.898580+00:00,6,2025-06-16,196.66666666666666,hoch,23.720909,Rosenheimer Platz,10
3409,8004136,West,2025-06-19 11:59:27.059326+00:00,5,2025-06-19,119.5,mittel,15.940672266666667,Rosenheimer Platz,11
3421,8004136,West,2025-06-22 14:09:41.311643+00:00,50,2025-06-22,415.0,hoch,91.51706261666666,Rosenheimer Platz,14
3423,8004136,West,2025-06-24 10:18:35.531372+00:00,3,2025-06-24,144.44444444444446,mittel,7.398548566666666,Rosenheimer Platz,10
3425,8004136,West,2025-06-24 20:16:11.741919+00:00,5,2025-06-24,216.25,hoch,28.310399866666668,Rosenheimer Platz,20
3428,8004136,West,2025-06-26 11:16:19.995525+00:00,7,2025-06-26,-112.14285714285717,niedrig,6.132761533333333,Rosenheimer Platz,11
3438,8004136,West,2025-06-28 08:17:41.544435+00:00,42,2025-06-28,305.0,hoch,50.67682945,Rosenheimer Platz,8
3447,8004136,West,2025-06-30 13:17:56.337842+00:00,5,2025-06-30,,,0.0083898,Rosenheimer Platz,13
3451,8004136,West,2025-07-01 14:43:20.256633+00:00,81,2025-07-01,1246.6666666666667,hoch,154.64277981666666,Rosenheimer Platz,14
3456,8004136,West,2025-07-02 13:08:44.694430+00:00,3,2025-07-02,75.0,mittel,7.195472499999999,Rosenheimer Platz,13
3462,8004136,West,2025-07-03 15:25:49.348516+00:00,3,2025-07-03,-137.5,niedrig,37.56507201666667,Rosenheimer Platz,15
3466,8004136,West,2025-07-05 14:16:32.662568+00:00,8,2025-07-05,-48.75,niedrig,9.8449622,Rosenheimer Platz,14
3467,8004136,West,2025-07-07 04:09:42.191798+00:00,16,2025-07-07,243.75,hoch,31.728929416666666,Rosenheimer Platz,4
3469,8004136,West,2025-07-07 14:14:06.378235+00:00,5,2025-07-07,-6.666666666666686,mittel,39.45302065,Rosenheimer Platz,14
3470,8004136,West,2025-07-08 05:48:28.317655+00:00,3,2025-07-08,71.25,mittel,15.722230999999999,Rosenheimer Platz,5
3475,8004136,West,2025-07-09 06:41:24.545580+00:00,3,2025-07-09,163.33333333333334,hoch,30.002810933333333,Rosenheimer Platz,6
3479,8004136,West,2025-07-09 12:24:46.296065+00:00,6,2025-07-09,-25.0,mittel,62.18145678333334,Rosenheimer Platz,12
3480,8004136,West,2025-07-10 04:06:47.582243+00:00,8,2025-07-10,-152.5,niedrig,81.46844875000001,Rosenheimer Platz,4
3482,8004136,West,2025-07-10 09:45:28.607409+00:00,3,2025-07-10,2073.3333333333335,hoch,16.839994166666667,Rosenheimer Platz,9
3488,8004136,West,2025-07-12 09:13:24.049782+00:00,3,2025-07-12,-116.25,niedrig,37.85302011666667,Rosenheimer Platz,9
3491,8004136,West,2025-07-12 13:43:27.577338+00:00,4,2025-07-12,43.33333333333334,mittel,10.815380566666667,Rosenheimer Platz,13
3493,8004136,West,2025-07-14 08:40:47.145547+00:00,4,2025-07-14,115.71428571428572,mittel,36.49073235,Rosenheimer Platz,8
3494,8004136,West,2025-07-16 06:16:25.278803+00:00,10,2025-07-16,-80.0,niedrig,0.02163575,Rosenheimer Platz,6
3495,8004136,West,2025-07-17 07:16:36.937318+00:00,4,2025-07-17,,,0.006729566666666667,Rosenheimer Platz,7
3496,8004136,West,2025-07-17 11:49:22.480418+00:00,3,2025-07-17,216.66666666666669,hoch,14.4076573,Rosenheimer Platz,11
3504,8004136,West,2025-07-18 18:07:21.892458+00:00,3,2025-07-18,-96.66666666666669,niedrig,24.75058561666667,Rosenheimer Platz,18
3505,8004136,West,2025-07-21 04:37:31.463434+00:00,11,2025-07-21,163.33333333333331,hoch,31.760653516666665,Rosenheimer Platz,4
3509,8004136,West,2025-07-21 16:52:09.624224+00:00,9,2025-07-21,-74.28571428571428,niedrig,119.99254035,Rosenheimer Platz,16
3518,8004136,West,2025-08-03 04:49:30.968664+00:00,3,2025-08-03,,,8.347568,Rosenheimer Platz,4
3519,8004136,West,2025-08-03 11:16:59.536228+00:00,36,2025-08-03,186.11111111111111,hoch,77.70976646666666,Rosenheimer Platz,11
3520,8004136,West,2025-08-03 15:35:20.688534+00:00,3,2025-08-03,119.0,mittel,33.35787908333334,Rosenheimer Platz,15
3521,8004136,West,2025-08-04 07:28:07.547667+00:00,3,2025-08-04,1.25,mittel,9.464452633333334,Rosenheimer Platz,7
3522,8004136,West,2025-08-05 08:02:22.034122+00:00,5,2025-08-05,294.44444444444446,hoch,62.34090598333333,Rosenheimer Platz,8
3526,8004136,West,2025-08-06 12:03:01.914370+00:00,21,2025-08-06,-52.22222222222223,niedrig,58.76108083333334,Rosenheimer Platz,12
3530,8004136,West,2025-08-12 17:45:25.862657+00:00,4,2025-08-12,438.0,hoch,40.84317386666667,Rosenheimer Platz,17
3535,8004136,West,2025-08-16 05:38:59.738362+00:00,5,2025-08-16,-97.14285714285714,niedrig,29.888579216666667,Rosenheimer Platz,5
3541,8004136,West,2025-08-20 19:16:46.485104+00:00,17,2025-08-20,268.22222222222223,hoch,140.03203043333332,Rosenheimer Platz,19
3543,8004136,West,2025-08-21 05:53:45.206981+00:00,5,2025-08-21,64.28571428571428,mittel,14.520968516666667,Rosenheimer Platz,5
3550,8004136,West,2025-08-27 10:07:58.516042+00:00,3,2025-08-27,115.0,mittel,26.164420516666667,Rosenheimer Platz,10
3552,8004136,West,2025-08-28 18:16:14.374680+00:00,14,2025-08-28,277.77777777777777,hoch,12.689194149999999,Rosenheimer Platz,18
3554,8004136,West,2025-08-30 20:16:27.375853+00:00,5,2025-08-30,,,0.013560833333333333,Rosenheimer Platz,20
3555,8004136,West,2025-09-01 12:17:58.140428+00:00,6,2025-09-01,-38.571428571428584,niedrig,0.009561666666666666,Rosenheimer Platz,12
3557,8004136,West,2025-09-04 15:17:28.698119+00:00,15,2025-09-04,-11.111111111111114,mittel,49.738641316666666,Rosenheimer Platz,15
3558,8004136,West,2025-09-05 11:14:48.854317+00:00,7,2025-09-05,337.5,hoch,40.9972416,Rosenheimer Platz,11
3561,8004136,West,2025-09-06 16:17:24.666316+00:00,6,2025-09-06,315.55555555555554,hoch,38.60043683333333,Rosenheimer Platz,16
3562,8004136,West,2025-09-07 10:13:03.162359+00:00,10,2025-09-07,888.75,hoch,34.6182639,Rosenheimer Platz,10
3564,8004136,West,2025-09-08 03:40:50.310594+00:00,4,2025-09-08,-148.75,niedrig,60.18450663333333,Rosenheimer Platz,3
3567,8004136,West,2025-09-08 11:37:14.508768+00:00,19,2025-09-08,282.5,hoch,26.9551078,Rosenheimer Platz,11
3575,8004136,West,2025-09-29 20:39:58.992528+00:00,3,2025-09-29,-67.5,niedrig,38.152634600000006,Rosenheimer Platz,20
3583,8004136,West,2025-10-08 14:16:10.642697+00:00,5,2025-10-08,-162.22222222222223,niedrig,17.969337866666667,Rosenheimer Platz,14
3595,8004136,West,2025-10-15 11:55:52.579922+00:00,7,2025-10-15,-44.0,niedrig,70.04834174999999,Rosenheimer Platz,11
3597,8004136,West,2025-10-15 20:16:51.195059+00:00,5,2025-10-15,26.0,mittel,0.009197183333333333,Rosenheimer Platz,20
3605,8004136,West,2025-10-23 07:48:18.017281+00:00,5,2025-10-23,103.33333333333331,mittel,20.190532766666667,Rosenheimer Platz,7
3607,8004136,West,2025-10-28 17:17:01.849222+00:00,27,2025-10-28,847.5,hoch,56.23532961666667,Rosenheimer Platz,17
3613,8004136,West,2025-11-10 08:16:53.502730+00:00,13,2025-11-10,-27.5,mittel,8.02598665,Rosenheimer Platz,8
3616,8004136,West,2025-11-10 13:23:13.781995+00:00,4,2025-11-10,-90.0,niedrig,0.018963300000000002,Rosenheimer Platz,13
3617,8004136,West,2025-11-10 19:17:23.068006+00:00,156,2025-11-10,-51.0,niedrig,168.00452945,Rosenheimer Platz,19
3619,8004136,West,2025-11-11 18:22:12.678813+00:00,10,2025-11-11,104.44444444444446,mittel,0.008532483333333334,Rosenheimer Platz,18
3621,8004136,West,2025-11-12 00:16:27.619850+00:00,5,2025-11-12,84.0,mittel,0.0036038666666666666,Rosenheimer Platz,0
3623,8004136,West,2025-11-12 05:09:42.013680+00:00,3,2025-11-12,1380.0,hoch,8.0559981,Rosenheimer Platz,5
3627,8004136,West,2025-11-12 12:14:09.972819+00:00,35,2025-11-12,500.0,hoch,92.02668375,Rosenheimer Platz,12
3631,8004136,West,2025-11-13 05:14:28.985571+00:00,6,2025-11-13,-121.0,niedrig,2.02729445,Rosenheimer Platz,5
3645,8004136,West,2025-11-14 23:01:18.416631+00:00,17,2025-11-14,335.0,hoch,0.0247121,Rosenheimer Platz,23
3647,8004136,West,2025-11-16 22:17:43.292970+00:00,24,2025-11-16,,,0.07402065000000001,Rosenheimer Platz,22
3653,8004136,West,2025-11-18 01:16:49.376372+00:00,3,2025-11-18,,,0.0008201666666666666,Rosenheimer Platz,1
3657,8004136,West,2025-11-18 09:22:57.570597+00:00,14,2025-11-18,66.0,mittel,22.00418085,Rosenheimer Platz,9
3663,8004136,West,2025-11-19 01:17:15.667391+00:00,4,2025-11-19,,,0.0017468166666666667,Rosenheimer Platz,1
3667,8004136,West,2025-11-19 15:17:24.010466+00:00,13,2025-11-19,271.0,hoch,11.9822216,Rosenheimer Platz,15
3670,8004136,West,2025-11-20 10:18:00.986615+00:00,50,2025-11-20,-64.44444444444446,niedrig,19.9575315,Rosenheimer Platz,10
3672,8004136,West,2025-11-21 07:28:52.314614+00:00,45,2025-11-21,-231.1111111111111,niedrig,8.024565599999999,Rosenheimer Platz,7
3675,8004136,West,2025-11-22 05:00:09.240236+00:00,32,2025-11-22,-5.714285714285722,mittel,0.01894105,Rosenheimer Platz,5
3677,8004136,West,2025-11-22 22:16:30.093918+00:00,11,2025-11-22,-6.0,mittel,0.014947416666666666,Rosenheimer Platz,22
3679,8004136,West,2025-11-23 09:16:49.496602+00:00,5,2025-11-23,-15.0,mittel,0.0037999500000000003,Rosenheimer Platz,9
3683,8004136,West,2025-11-24 06:34:49.749114+00:00,3,2025-11-24,221.1111111111111,hoch,42.0035821,Rosenheimer Platz,6
3685,8004136,West,2025-11-24 14:16:57.820368+00:00,3,2025-11-24,,,10.059882066666667,Rosenheimer Platz,14
3691,8004136,West,2025-12-04 15:16:47.711688+00:00,3,2025-12-04,298.57142857142856,hoch,0.012405566666666668,Rosenheimer Platz,15
3696,8004136,West,2025-12-10 09:37:48.319634+00:00,13,2025-12-10,843.3333333333333,hoch,87.98146676666667,Rosenheimer Platz,9
3698,8004136,West,2025-12-10 17:17:58.929351+00:00,10,2025-12-10,212.5,hoch,19.984606816666666,Rosenheimer Platz,17
3700,8004136,West,2025-12-11 17:16:57.711785+00:00,9,2025-12-11,-326.25,niedrig,0.017596149999999998,Rosenheimer Platz,17
3708,8004136,West,2025-12-18 10:16:14.546314+00:00,14,2025-12-18,101.66666666666666,mittel,34.12412856666666,Rosenheimer Platz,10
3714,8004136,West,2025-12-20 11:39:27.410809+00:00,7,2025-12-20,53.33333333333334,mittel,14.005521866666667,Rosenheimer Platz,11
3718,8004136,West,2025-12-27 17:09:21.587438+00:00,3,2025-12-27,138.0,mittel,19.994564566666668,Rosenheimer Platz,17
3727,8004136,West,2025-12-30 18:08:43.850768+00:00,4,2025-12-30,-60.0,niedrig,10.004855133333333,Rosenheimer Platz,18
3731,8004151,West,2025-01-04 14:45:55.755058+00:00,4,2025-01-04,60.0,mittel,23.997494983333336,Laim,14
3733,8004151,West,2025-01-05 18:05:56.077097+00:00,68,2025-01-05,1352.5,hoch,91.99297555,Laim,18
3734,8004151,West,2025-01-07 08:17:57.474989+00:00,10,2025-01-07,-90.0,niedrig,8.838333333333334e-05,Laim,8
3737,8004151,West,2025-01-10 05:17:34.665648+00:00,3,2025-01-10,-2.5,mittel,39.989680916666664,Laim,5
3738,8004151,West,2025-01-10 10:43:34.087372+00:00,4,2025-01-10,-10.0,mittel,1.2716666666666666e-05,Laim,10
3744,8004151,West,2025-01-15 19:17:06.629615+00:00,37,2025-01-15,240.0,hoch,37.92507735,Laim,19
3745,8004151,West,2025-01-18 09:17:01.076173+00:00,5,2025-01-18,-47.14285714285714,niedrig,0.0005283833333333334,Laim,9
3751,8004151,West,2025-01-22 08:53:02.733365+00:00,27,2025-01-22,-87.14285714285717,niedrig,147.98460948333334,Laim,8
3752,8004151,West,2025-01-22 19:17:24.192623+00:00,5,2025-01-22,246.0,hoch,0.007484916666666667,Laim,19
3760,8004151,West,2025-01-30 12:16:33.534452+00:00,17,2025-01-30,165.55555555555554,hoch,19.857367483333334,Laim,12
3761,8004151,West,2025-02-03 15:14:37.799256+00:00,5,2025-02-03,-187.14285714285717,niedrig,2.0081806,Laim,15
3764,8004151,West,2025-02-07 13:02:37.820318+00:00,5,2025-02-07,114.44444444444446,mittel,16.000677783333334,Laim,13
3776,8004151,West,2025-02-14 22:17:45.866343+00:00,54,2025-02-14,,,3.5786166833333337,Laim,22
3780,8004151,West,2025-02-16 09:49:49.612941+00:00,164,2025-02-16,,,313.9878675,Laim,9
3781,8004151,West,2025-02-18 16:37:49.462100+00:00,3,2025-02-18,523.5,hoch,12.0385281,Laim,16
3782,8004151,West,2025-02-18 21:17:49.001749+00:00,3,2025-02-18,-192.5,niedrig,0.0011566,Laim,21
3785,8004151,West,2025-02-19 05:47:50.728206+00:00,43,2025-02-19,45.0,mittel,167.98414235,Laim,5
3786,8004151,West,2025-02-20 10:53:51.118424+00:00,9,2025-02-20,391.6666666666667,hoch,13.967933033333333,Laim,10
3788,8004151,West,2025-02-23 12:03:49.932973+00:00,10,2025-02-23,,,75.98535385,Laim,12
3790,8004151,West,2025-02-23 22:18:11.673827+00:00,22,2025-02-23,61.111111111111114,mittel,7.633757916666666,Laim,22
3792,8004151,West,2025-02-25 15:05:49.627809+00:00,4,2025-02-25,42.22222222222223,mittel,24.000360433333334,Laim,15
3793,8004151,West,2025-02-26 09:03:51.195385+00:00,5,2025-02-26,376.0,hoch,33.98171701666667,Laim,9
3794,8004151,West,2025-02-27 18:39:50.677932+00:00,3,2025-02-27,295.0,hoch,15.997839816666668,Laim,18
3798,8004151,West,2025-03-04 14:16:17.250605+00:00,4,2025-03-04,-357.77777777777777,niedrig,3.9875108000000004,Laim,14
3800,8004151,West,2025-03-05 22:16:41.839934+00:00,3,2025-03-05,-127.5,niedrig,0.016795916666666667,Laim,22
3803,8004151,West,2025-03-07 18:16:51.625678+00:00,6,2025-03-07,-200.0,niedrig,0.0033518000000000003,Laim,18
3805,8004151,West,2025-03-08 18:40:52.232980+00:00,21,2025-03-08,231.25,hoch,153.97699075,Laim,18
3807,8004151,West,2025-03-12 14:17:15.404344+00:00,16,2025-03-12,-97.77777777777777,niedrig,0.0011553333333333335,Laim,14
3809,8004151,West,2025-03-17 09:41:24.638996+00:00,45,2025-03-17,217.0,hoch,0.0149312,Laim,9
3810,8004151,West,2025-03-19 14:43:10.399427+00:00,4,2025-03-19,40.0,mittel,10.227739266666667,Laim,14
3812,8004151,West,2025-03-23 13:53:53.678600+00:00,4,2025-03-23,-60.0,niedrig,9.033333333333332e-06,Laim,13
3815,8004151,West,2025-03-25 06:05:53.922442+00:00,20,2025-03-25,-254.44444444444446,niedrig,71.50288565000001,Laim,6
3816,8004151,West,2025-03-25 12:58:39.654667+00:00,4,2025-03-25,-164.0,niedrig,27.6280976,Laim,12
3817,8004151,West,2025-03-26 19:57:59.479754+00:00,3,2025-03-26,162.22222222222223,hoch,23.889615933333335,Laim,19
3819,8004151,West,2025-03-28 10:38:26.948501+00:00,3,2025-03-28,-279.0,niedrig,13.973394466666667,Laim,10
3820,8004151,West,2025-03-31 10:17:15.048649+00:00,11,2025-03-31,-70.0,niedrig,0.0006321333333333334,Laim,10
3822,8004151,West,2025-04-03 13:16:37.815537+00:00,3,2025-04-03,-160.0,niedrig,0.0011428,Laim,13
3823,8004151,West,2025-04-08 04:21:59.061979+00:00,12,2025-04-08,-63.33333333333334,niedrig,59.48933303333333,Laim,4
3826,8004151,West,2025-04-15 04:42:37.447984+00:00,4,2025-04-15,3327.0,hoch,13.321164533333333,Laim,4
3827,8004151,West,2025-04-16 13:16:28.168060+00:00,9,2025-04-16,80.0,mittel,13.11849625,Laim,13
3834,8004151,West,2025-04-24 14:17:08.729522+00:00,3,2025-04-24,206.0,hoch,0.00044290000000000003,Laim,14
3835,8004151,West,2025-04-24 19:23:38.845930+00:00,4,2025-04-24,-75.0,niedrig,4.84932685,Laim,19
3837,8004151,West,2025-04-27 17:17:00.150594+00:00,3,2025-04-27,45.0,mittel,12.808856983333333,Laim,17
3841,8004151,West,2025-04-28 16:08:15.087004+00:00,3,2025-04-28,114.0,mittel,18.2749461,Laim,16
3844,8004151,West,2025-04-30 11:22:25.383291+00:00,3,2025-04-30,66.66666666666666,mittel,22.311442133333333,Laim,11
3849,8004151,West,2025-05-02 14:13:11.687391+00:00,3,2025-05-02,0.0,mittel,20.94232291666667,Laim,14
3850,8004151,West,2025-05-02 20:04:18.704166+00:00,34,2025-05-02,271.25,hoch,85.10488205,Laim,20
3853,8004151,West,2025-05-05 08:31:31.725009+00:00,36,2025-05-05,-162.85714285714283,niedrig,86.91729111666668,Laim,8
3856,8004151,West,2025-05-09 03:43:45.475889+00:00,51,2025-05-09,-161.1111111111111,niedrig,163.07426949999999,Laim,3
3858,8004151,West,2025-05-20 16:17:18.154489+00:00,12,2025-05-20,-229.0,niedrig,0.0345655,Laim,16
3859,8004151,West,2025-05-21 06:17:54.894321+00:00,5,2025-05-21,,,0.6134005833333334,Laim,6
3861,8004151,West,2025-05-24 10:17:23.310032+00:00,38,2025-05-24,47.14285714285714,mittel,48.12445295,Laim,10
3863,8004151,West,2025-05-26 10:13:11.185722+00:00,34,2025-05-26,394.5,hoch,92.36509511666667,Laim,10
3866,8004151,West,2025-06-03 06:12:07.265728+00:00,3,2025-06-03,-46.0,niedrig,20.363253016666665,Laim,6
3868,8004151,West,2025-06-14 01:04:46.664123+00:00,8,2025-06-14,,,0.13036591666666666,Laim,1
3870,8004151,West,2025-06-18 21:08:02.521131+00:00,4,2025-06-18,-347.14285714285717,niedrig,1.7949695833333335,Laim,21
3876,8004151,West,2025-06-19 11:33:38.797704+00:00,7,2025-06-19,-14.285714285714278,mittel,26.09772045,Laim,11
3878,8004151,West,2025-06-19 22:10:26.886192+00:00,4,2025-06-19,,,24.148439833333335,Laim,22
3879,8004151,West,2025-06-20 09:04:28.916243+00:00,49,2025-06-20,367.5,hoch,169.9850175,Laim,9
3883,8004151,West,2025-06-22 08:30:25.831631+00:00,57,2025-06-22,,,197.17886296666666,Laim,8
3888,8004151,West,2025-06-24 13:16:39.868239+00:00,12,2025-06-24,24.285714285714278,mittel,0.12276826666666667,Laim,13
3890,8004151,West,2025-06-24 20:16:32.393720+00:00,3,2025-06-24,-154.0,niedrig,8.430642633333333,Laim,20
3891,8004151,West,2025-06-25 15:50:10.928915+00:00,35,2025-06-25,171.5,hoch,105.49833770000001,Laim,15
3892,8004151,West,2025-06-26 11:16:38.231232+00:00,9,2025-06-26,105.0,mittel,4.1489275999999995,Laim,11
3902,8004151,West,2025-06-27 20:05:53.610860+00:00,4,2025-06-27,388.8888888888889,hoch,58.82054078333333,Laim,20
3909,8004151,West,2025-06-30 13:16:14.848202+00:00,6,2025-06-30,112.5,mittel,9.363753733333334,Laim,13
3910,8004151,West,2025-07-01 09:16:05.954516+00:00,54,2025-07-01,,,0.3529636333333333,Laim,9
3913,8004151,West,2025-07-01 15:48:08.410559+00:00,87,2025-07-01,478.8888888888889,hoch,94.32414618333334,Laim,15
3914,8004151,West,2025-07-02 06:16:04.073459+00:00,77,2025-07-02,466.6666666666667,hoch,187.36697778333334,Laim,6
3915,8004151,West,2025-07-02 12:14:31.674852+00:00,42,2025-07-02,843.3333333333333,hoch,74.10556026666667,Laim,12
3921,8004151,West,2025-07-03 06:25:19.058766+00:00,6,2025-07-03,333.75,hoch,13.02233635,Laim,6
3929,8004151,West,2025-07-05 14:16:55.798493+00:00,11,2025-07-05,-96.0,niedrig,45.43611458333333,Laim,14
3930,8004151,West,2025-07-07 04:31:10.133803+00:00,16,2025-07-07,488.0,hoch,20.8558637,Laim,4
3933,8004151,West,2025-07-07 13:45:29.446708+00:00,9,2025-07-07,67.77777777777777,mittel,95.60364431666667,Laim,13
3935,8004151,West,2025-07-08 06:04:28.339601+00:00,3,2025-07-08,102.5,mittel,4.34593285,Laim,6
3936,8004151,West,2025-07-08 14:16:15.453019+00:00,24,2025-07-08,3.888888888888914,mittel,11.116189216666667,Laim,14
3945,8004151,West,2025-07-09 12:03:01.093179+00:00,4,2025-07-09,-206.0,niedrig,38.946608149999996,Laim,12
3948,8004151,West,2025-07-10 10:16:09.494313+00:00,3,2025-07-10,,,0.0030305333333333333,Laim,10
3954,8004151,West,2025-07-14 10:17:30.292304+00:00,3,2025-07-14,222.85714285714283,hoch,12.3325188,Laim,10
3955,8004151,West,2025-07-16 06:16:43.602086+00:00,10,2025-07-16,38.888888888888914,mittel,0.015085233333333333,Laim,6
3957,8004151,West,2025-07-17 07:49:34.164204+00:00,9,2025-07-17,-73.0,niedrig,38.552049200000006,Laim,7
3959,8004151,West,2025-07-17 12:32:27.337402+00:00,3,2025-07-17,-36.5,niedrig,2.2932181666666667,Laim,12
3963,8004151,West,2025-07-17 18:59:19.364426+00:00,3,2025-07-17,1006.5,hoch,22.21459816666667,Laim,18
3968,8004151,West,2025-07-21 04:57:15.851666+00:00,157,2025-07-21,358.5,hoch,356.8628665833333,Laim,4
3970,8004151,West,2025-07-21 16:54:36.659123+00:00,9,2025-07-21,89.5,mittel,82.7629428,Laim,16
3971,8004151,West,2025-07-23 08:19:44.718297+00:00,5,2025-07-23,234.5,hoch,38.236082483333334,Laim,8
3973,8004151,West,2025-07-24 14:29:26.584407+00:00,3,2025-07-24,15.0,mittel,21.398832966666664,Laim,14
3977,8004151,West,2025-07-28 11:16:54.197005+00:00,19,2025-07-28,-111.11111111111109,niedrig,0.16642358333333332,Laim,11
3989,8004151,West,2025-08-05 15:00:35.689276+00:00,3,2025-08-05,35.0,mittel,21.202400133333335,Laim,15
3990,8004151,West,2025-08-05 20:01:14.936229+00:00,5,2025-08-05,579.0,hoch,31.956913983333333,Laim,20
3991,8004151,West,2025-08-06 06:20:31.684225+00:00,3,2025-08-06,-290.0,niedrig,10.116876266666667,Laim,6
3993,8004151,West,2025-08-06 10:30:40.872945+00:00,69,2025-08-06,13.5,mittel,151.33246695,Laim,10
4000,8004151,West,2025-08-12 21:17:55.954371+00:00,4,2025-08-12,-85.71428571428572,niedrig,0.0006010166666666668,Laim,21
4001,8004151,West,2025-08-13 04:17:35.904130+00:00,13,2025-08-13,96.0,mittel,82.10806276666668,Laim,4
4005,8004151,West,2025-08-18 04:45:35.882346+00:00,3,2025-08-18,140.0,mittel,12.468976,Laim,4
4008,8004151,West,2025-08-20 20:16:47.039207+00:00,14,2025-08-20,193.33333333333331,hoch,23.06033665,Laim,20
4010,8004151,West,2025-08-21 04:27:21.315936+00:00,3,2025-08-21,254.0,hoch,36.74074193333333,Laim,4
4014,8004151,West,2025-08-21 12:21:46.045684+00:00,7,2025-08-21,-118.0,niedrig,50.75615505,Laim,12
4022,8004151,West,2025-08-28 18:16:14.541054+00:00,14,2025-08-28,-3.0,mittel,35.89933736666667,Laim,18
4024,8004151,West,2025-08-30 20:16:27.378327+00:00,5,2025-08-30,90.0,mittel,0.005542366666666667,Laim,20
4025,8004151,West,2025-09-01 12:17:58.180421+00:00,8,2025-09-01,-135.0,niedrig,4.001229400000001,Laim,12
4034,8004151,West,2025-09-07 10:19:11.567879+00:00,10,2025-09-07,,,44.98189128333333,Laim,10
4035,8004151,West,2025-09-08 03:24:42.545235+00:00,3,2025-09-08,33.0,mittel,27.283564683333335,Laim,3
4040,8004151,West,2025-09-08 11:37:14.511728+00:00,21,2025-09-08,365.0,hoch,69.04270453333334,Laim,11
4043,8004151,West,2025-09-29 15:48:00.235735+00:00,9,2025-09-29,1174.4444444444443,hoch,21.992001566666666,Laim,15
4045,8004151,West,2025-09-29 20:18:01.076236+00:00,106,2025-09-29,554.4444444444445,hoch,21.965044133333333,Laim,20
4046,8004151,West,2025-10-04 10:40:38.246537+00:00,46,2025-10-04,,,116.00808941666666,Laim,10
4048,8004151,West,2025-10-06 12:17:51.432618+00:00,48,2025-10-06,156.66666666666669,mittel,32.03212135,Laim,12
4053,8004151,West,2025-10-08 09:02:08.317675+00:00,3,2025-10-08,-50.0,niedrig,19.97848545,Laim,9
4054,8004151,West,2025-10-08 14:16:11.212374+00:00,3,2025-10-08,35.0,mittel,0.002423733333333333,Laim,14
4059,8004151,West,2025-10-10 19:11:27.969551+00:00,4,2025-10-10,77.77777777777777,mittel,29.984177316666667,Laim,19
4060,8004151,West,2025-10-14 10:17:37.496291+00:00,37,2025-10-14,229.28571428571428,hoch,0.10652370000000001,Laim,10
4062,8004151,West,2025-10-14 18:51:58.836776+00:00,6,2025-10-14,1561.25,hoch,14.008198266666666,Laim,18
4069,8004151,West,2025-10-15 20:16:51.522924+00:00,5,2025-10-15,-92.5,niedrig,15.9799662,Laim,20
4075,8004151,West,2025-10-23 07:58:29.395952+00:00,5,2025-10-23,481.25,hoch,13.990632316666668,Laim,7
4077,8004151,West,2025-10-28 17:17:03.442341+00:00,31,2025-10-28,1193.3333333333333,hoch,62.219717016666664,Laim,17
4086,8004151,West,2025-11-10 13:23:14.086174+00:00,3,2025-11-10,228.75,hoch,0.010177133333333333,Laim,13
4090,8004151,West,2025-11-10 21:55:23.569490+00:00,3,2025-11-10,285.0,hoch,7.9955746166666675,Laim,21
4091,8004151,West,2025-11-11 09:17:23.506711+00:00,61,2025-11-11,203.75,hoch,13.978792566666668,Laim,9
4097,8004151,West,2025-11-12 05:17:45.538842+00:00,3,2025-11-12,194.44444444444446,hoch,10.016530249999999,Laim,5
4103,8004151,West,2025-11-12 12:22:10.303895+00:00,42,2025-11-12,1138.5714285714284,hoch,68.03067031666667,Laim,12
4105,8004151,West,2025-11-12 22:16:15.194283+00:00,9,2025-11-12,-274.0,niedrig,14.21973105,Laim,22
4107,8004151,West,2025-11-13 05:14:29.361857+00:00,6,2025-11-13,-11.666666666666686,mittel,2.021101183333333,Laim,5
4109,8004151,West,2025-11-13 15:16:36.512314+00:00,36,2025-11-13,-14.375,mittel,4.106446133333333,Laim,15
4116,8004151,West,2025-11-14 03:17:20.802621+00:00,3,2025-11-14,,,0.00061485,Laim,3
4122,8004151,West,2025-11-14 23:01:18.751210+00:00,8,2025-11-14,,,0.024389383333333334,Laim,23
4130,8004151,West,2025-11-17 04:18:08.154372+00:00,3,2025-11-17,-5.555555555555543,mittel,0.0022043333333333333,Laim,4
4139,8004151,West,2025-11-18 01:16:49.436549+00:00,3,2025-11-18,,,0.0012046666666666666,Laim,1
4142,8004151,West,2025-11-18 09:22:57.709610+00:00,14,2025-11-18,50.0,mittel,22.00388836666667,Laim,9
4144,8004151,West,2025-11-18 16:16:41.835943+00:00,5,2025-11-18,52.0,mittel,0.004285916666666667,Laim,16
4148,8004151,West,2025-11-19 01:17:15.764920+00:00,4,2025-11-19,-240.0,niedrig,0.0032129333333333334,Laim,1
4152,8004151,West,2025-11-19 15:17:24.065187+00:00,13,2025-11-19,-200.0,niedrig,11.98567985,Laim,15
4157,8004151,West,2025-11-20 10:18:03.082098+00:00,50,2025-11-20,-52.77777777777777,niedrig,19.9266207,Laim,10
4163,8004151,West,2025-11-22 22:16:30.083218+00:00,11,2025-11-22,60.0,mittel,0.015926316666666666,Laim,22
4175,8004151,West,2025-12-02 08:28:13.031133+00:00,3,2025-12-02,-11.666666666666686,mittel,37.99818223333333,Laim,8
4176,8004151,West,2025-12-04 15:16:48.187615+00:00,3,2025-12-04,70.71428571428572,mittel,9.952662416666668,Laim,15
4180,8004151,West,2025-12-10 09:53:47.878733+00:00,12,2025-12-10,721.4285714285714,hoch,42.00137958333333,Laim,9
4182,8004151,West,2025-12-10 17:17:58.813762+00:00,9,2025-12-10,-68.57142857142856,niedrig,9.980152949999999,Laim,17
4184,8004151,West,2025-12-11 17:16:57.817417+00:00,9,2025-12-11,-82.5,niedrig,0.0220317,Laim,17
4187,8004151,West,2025-12-16 08:00:46.243361+00:00,5,2025-12-16,-216.0,niedrig,16.16267425,Laim,8
4190,8004151,West,2025-12-18 10:16:14.646789+00:00,14,2025-12-18,345.0,hoch,38.03820235,Laim,10
4198,8004151,West,2025-12-29 07:31:18.626144+00:00,4,2025-12-29,407.5,hoch,5.9951718,Laim,7
4201,8004151,West,2025-12-30 08:12:39.835585+00:00,7,2025-12-30,,,45.98594815,Laim,8
4204,8004151,West,2025-12-30 15:02:39.741500+00:00,3,2025-12-30,-170.0,niedrig,21.996758433333333,Laim,15
3732,8004151,Ost,2025-01-05 15:17:56.901140+00:00,6,2025-01-05,-112.5,niedrig,6.653333333333333e-05,Laim,15
3736,8004151,Ost,2025-01-09 19:11:33.985380+00:00,3,2025-01-09,42.80000000000001,mittel,21.99026865,Laim,19
3739,8004151,Ost,2025-01-10 14:15:23.344503+00:00,27,2025-01-10,-205.0,niedrig,0.00027613333333333334,Laim,14
3740,8004151,Ost,2025-01-12 23:04:00.724200+00:00,4,2025-01-12,472.5,hoch,14.016486533333333,Laim,23
3741,8004151,Ost,2025-01-13 18:11:32.937614+00:00,15,2025-01-13,,,0.003873866666666667,Laim,18
3742,8004151,Ost,2025-01-15 04:49:30.396506+00:00,6,2025-01-15,725.0,hoch,22.012037866666667,Laim,4
3746,8004151,Ost,2025-01-20 10:49:03.250524+00:00,3,2025-01-20,30.0,mittel,19.972771599999998,Laim,10
3747,8004151,Ost,2025-01-21 09:45:28.332361+00:00,19,2025-01-21,-140.66666666666666,niedrig,21.56551838333333,Laim,9
3748,8004151,Ost,2025-01-22 06:17:06.006017+00:00,9,2025-01-22,1845.0,hoch,33.93833345,Laim,6
3757,8004151,Ost,2025-01-24 22:17:21.253253+00:00,4,2025-01-24,416.6666666666667,hoch,23.674718733333336,Laim,22
3759,8004151,Ost,2025-01-27 23:21:25.378104+00:00,3,2025-01-27,-45.0,niedrig,39.99287211666667,Laim,23
3762,8004151,Ost,2025-02-04 09:17:02.031568+00:00,9,2025-02-04,-66.5,niedrig,0.0032913666666666663,Laim,9
3765,8004151,Ost,2025-02-07 13:38:37.195639+00:00,3,2025-02-07,445.0,hoch,18.005586033333334,Laim,13
3766,8004151,Ost,2025-02-08 05:17:02.399479+00:00,3,2025-02-08,220.0,hoch,13.628398316666667,Laim,5
3767,8004151,Ost,2025-02-09 09:16:40.958270+00:00,40,2025-02-09,0.0,mittel,13.941771866666667,Laim,9
3768,8004151,Ost,2025-02-12 10:17:02.388113+00:00,15,2025-02-12,-173.0,niedrig,0.007106383333333333,Laim,10
3769,8004151,Ost,2025-02-13 04:28:37.847188+00:00,3,2025-02-13,491.5,hoch,6.003231816666667,Laim,4
3775,8004151,Ost,2025-02-14 09:47:20.974798+00:00,3,2025-02-14,600.625,hoch,1.9885924666666668,Laim,9
3777,8004151,Ost,2025-02-14 22:49:20.052327+00:00,71,2025-02-14,-35.0,niedrig,82.47954188333333,Laim,22
3779,8004151,Ost,2025-02-16 08:55:51.537196+00:00,6,2025-02-16,350.0,hoch,31.971134683333332,Laim,8
3784,8004151,Ost,2025-02-19 04:43:50.038852+00:00,6,2025-02-19,16.66666666666667,mittel,47.99666403333333,Laim,4
3787,8004151,Ost,2025-02-20 15:17:50.949895+00:00,8,2025-02-20,339.0,hoch,0.005517933333333333,Laim,15
3791,8004151,Ost,2025-02-25 14:19:49.751289+00:00,3,2025-02-25,-115.2,niedrig,24.007640816666665,Laim,14
3795,8004151,Ost,2025-03-04 10:32:16.629007+00:00,10,2025-03-04,-80.5,niedrig,86.00044138333332,Laim,10
3799,8004151,Ost,2025-03-05 08:16:19.096310+00:00,15,2025-03-05,-95.0,niedrig,0.010649166666666666,Laim,8
3801,8004151,Ost,2025-03-06 11:28:50.549035+00:00,4,2025-03-06,-67.0,niedrig,40.11738195,Laim,11
3802,8004151,Ost,2025-03-06 15:58:50.753080+00:00,3,2025-03-06,408.33333333333337,hoch,18.005018316666668,Laim,15
3804,8004151,Ost,2025-03-07 18:36:51.303680+00:00,4,2025-03-07,50.0,mittel,13.988012566666667,Laim,18
3806,8004151,Ost,2025-03-09 17:26:50.584051+00:00,3,2025-03-09,-83.33333333333333,niedrig,42.0015771,Laim,17
3808,8004151,Ost,2025-03-14 04:46:59.474850+00:00,11,2025-03-14,,,96.00859388333333,Laim,4
3811,8004151,Ost,2025-03-20 06:06:11.521664+00:00,3,2025-03-20,89.6,mittel,6.80818305,Laim,6
3821,8004151,Ost,2025-04-02 17:03:26.735557+00:00,5,2025-04-02,-23.75,mittel,18.031645066666666,Laim,17
3824,8004151,Ost,2025-04-10 12:55:02.280353+00:00,4,2025-04-10,-191.0,niedrig,9.238663466666667,Laim,12
3825,8004151,Ost,2025-04-15 04:00:24.975928+00:00,6,2025-04-15,-3.3333333333333357,mittel,21.27744035,Laim,4
3828,8004151,Ost,2025-04-16 14:52:12.853324+00:00,17,2025-04-16,-34.7,niedrig,102.03906525000001,Laim,14
3829,8004151,Ost,2025-04-17 10:31:26.453230+00:00,7,2025-04-17,40.5,mittel,72.26030625,Laim,10
3832,8004151,Ost,2025-04-22 13:03:17.229840+00:00,43,2025-04-22,413.3333333333333,hoch,105.69186985,Laim,13
3833,8004151,Ost,2025-04-22 17:17:40.647248+00:00,4,2025-04-22,-176.25,niedrig,2.6e-05,Laim,17
3836,8004151,Ost,2025-04-27 06:17:51.492533+00:00,13,2025-04-27,300.0,hoch,0.0016171,Laim,6
3838,8004151,Ost,2025-04-27 21:12:11.808181+00:00,42,2025-04-27,160.0,hoch,160.69273626666666,Laim,21
3842,8004151,Ost,2025-04-29 07:59:17.846079+00:00,38,2025-04-29,251.25,hoch,96.70713353333333,Laim,7
3843,8004151,Ost,2025-04-29 21:18:09.208817+00:00,3,2025-04-29,,,0.0006793833333333334,Laim,21
3845,8004151,Ost,2025-05-01 11:37:30.832277+00:00,6,2025-05-01,-135.0,niedrig,51.0589825,Laim,11
3851,8004151,Ost,2025-05-04 12:31:38.214157+00:00,133,2025-05-04,-77.5,niedrig,356.86034314999995,Laim,12
3852,8004151,Ost,2025-05-04 23:02:25.889572+00:00,15,2025-05-04,,,8.316666666666666e-05,Laim,23
3855,8004151,Ost,2025-05-05 20:37:00.530973+00:00,4,2025-05-05,-140.0,niedrig,13.5665548,Laim,20
3857,8004151,Ost,2025-05-15 12:17:10.422572+00:00,3,2025-05-15,88.33333333333334,mittel,0.7932990666666666,Laim,12
3860,8004151,Ost,2025-05-21 16:11:16.777112+00:00,11,2025-05-21,-57.69999999999999,niedrig,12.401702133333334,Laim,16
3862,8004151,Ost,2025-05-26 04:11:07.181033+00:00,11,2025-05-26,-73.2,niedrig,58.875803133333335,Laim,4
3864,8004151,Ost,2025-05-30 12:23:18.367870+00:00,3,2025-05-30,304.0,hoch,10.045178600000002,Laim,12
3865,8004151,Ost,2025-06-03 04:16:15.452264+00:00,13,2025-06-03,137.0,mittel,96.47002665,Laim,4
3867,8004151,Ost,2025-06-03 17:01:38.263022+00:00,4,2025-06-03,-260.0,niedrig,46.0211092,Laim,17
3869,8004151,Ost,2025-06-16 09:16:10.459467+00:00,18,2025-06-16,153.33333333333331,mittel,36.20729711666667,Laim,9
3871,8004151,Ost,2025-06-18 22:20:43.388737+00:00,5,2025-06-18,120.0,mittel,30.248325983333334,Laim,22
3882,8004151,Ost,2025-06-20 18:38:39.826925+00:00,6,2025-06-20,232.5,hoch,39.09859253333333,Laim,18
3889,8004151,Ost,2025-06-24 17:16:17.736865+00:00,27,2025-06-24,144.28571428571428,mittel,0.2870694,Laim,17
3895,8004151,Ost,2025-06-27 02:30:38.900615+00:00,11,2025-06-27,,,0.10137285,Laim,2
3901,8004151,Ost,2025-06-27 18:51:28.191541+00:00,9,2025-06-27,-48.5,niedrig,58.04537558333333,Laim,18
3912,8004151,Ost,2025-07-01 14:12:35.556661+00:00,5,2025-07-01,-0.5,mittel,19.174873616666666,Laim,14
3916,8004151,Ost,2025-07-02 13:47:10.773911+00:00,4,2025-07-02,641.25,hoch,22.643323266666666,Laim,13
3918,8004151,Ost,2025-07-02 22:17:18.740803+00:00,4,2025-07-02,,,0.0062465,Laim,22
3924,8004151,Ost,2025-07-03 15:18:07.791087+00:00,3,2025-07-03,-160.0,niedrig,41.734557466666665,Laim,15
3939,8004151,Ost,2025-07-08 20:16:59.046546+00:00,7,2025-07-08,,,0.0012944833333333333,Laim,20
3944,8004151,Ost,2025-07-09 10:00:05.981093+00:00,6,2025-07-09,-15.0,mittel,85.02545578333334,Laim,10
3947,8004151,Ost,2025-07-10 06:04:29.801471+00:00,4,2025-07-10,47.77777777777777,mittel,20.078777966666667,Laim,6
3950,8004151,Ost,2025-07-12 07:16:52.990385+00:00,9,2025-07-12,-130.0,niedrig,22.693056366666667,Laim,7
3956,8004151,Ost,2025-07-16 09:55:26.843672+00:00,4,2025-07-16,61.66666666666666,mittel,12.421582883333334,Laim,9
3961,8004151,Ost,2025-07-17 14:07:39.887599+00:00,3,2025-07-17,596.4285714285714,hoch,7.580064133333334,Laim,14
3962,8004151,Ost,2025-07-17 18:17:58.797619+00:00,5,2025-07-17,-252.5,niedrig,4.9750819,Laim,18
3969,8004151,Ost,2025-07-21 13:16:55.426198+00:00,10,2025-07-21,140.0,mittel,0.048151033333333336,Laim,13
3972,8004151,Ost,2025-07-24 12:17:40.598501+00:00,11,2025-07-24,40.0,mittel,111.61864298333333,Laim,12
3982,8004151,Ost,2025-08-01 20:27:22.556101+00:00,67,2025-08-01,86.25,mittel,61.320072683333336,Laim,20
3986,8004151,Ost,2025-08-04 07:28:19.801485+00:00,4,2025-08-04,-143.0,niedrig,15.28406275,Laim,7
3987,8004151,Ost,2025-08-05 09:38:25.211456+00:00,4,2025-08-05,115.0,mittel,12.227170766666667,Laim,9
3992,8004151,Ost,2025-08-06 07:07:26.535230+00:00,10,2025-08-06,-146.0,niedrig,20.028178283333332,Laim,7
3996,8004151,Ost,2025-08-10 10:52:00.184209+00:00,4,2025-08-10,601.6666666666666,hoch,10.291959433333334,Laim,10
3997,8004151,Ost,2025-08-11 08:20:33.493106+00:00,3,2025-08-11,-30.0,mittel,8.35022545,Laim,8
3999,8004151,Ost,2025-08-12 19:08:22.825485+00:00,4,2025-08-12,93.33333333333333,mittel,24.0247933,Laim,19
4003,8004151,Ost,2025-08-15 17:48:36.722947+00:00,4,2025-08-15,693.5,hoch,1.9050660000000001,Laim,17
4004,8004151,Ost,2025-08-16 11:17:50.735578+00:00,17,2025-08-16,-225.0,niedrig,0.00730875,Laim,11
4006,8004151,Ost,2025-08-18 05:13:35.212350+00:00,39,2025-08-18,-25.5,mittel,223.45018373333332,Laim,5
4007,8004151,Ost,2025-08-19 04:16:45.955888+00:00,12,2025-08-19,,,65.66796441666666,Laim,4
4009,8004151,Ost,2025-08-20 20:55:22.246920+00:00,5,2025-08-20,315.0,hoch,44.885465733333334,Laim,20
4012,8004151,Ost,2025-08-21 08:21:52.010172+00:00,20,2025-08-21,-121.11111111111111,niedrig,100.02552703333335,Laim,8
4015,8004151,Ost,2025-08-21 13:49:01.049591+00:00,4,2025-08-21,1126.5,hoch,43.376938366666664,Laim,13
4016,8004151,Ost,2025-08-21 20:09:05.973317+00:00,11,2025-08-21,-124.44444444444444,niedrig,0.014464533333333333,Laim,20
4020,8004151,Ost,2025-08-27 14:12:41.526462+00:00,4,2025-08-27,-77.2,niedrig,6.791250783333334,Laim,14
4033,8004151,Ost,2025-09-06 16:17:24.485689+00:00,6,2025-09-06,-75.0,niedrig,46.39779136666667,Laim,16
4039,8004151,Ost,2025-09-08 10:37:35.142113+00:00,3,2025-09-08,299.44444444444446,hoch,30.346637183333332,Laim,10
4041,8004151,Ost,2025-09-08 15:17:41.860903+00:00,15,2025-09-08,860.5,hoch,0.046088583333333336,Laim,15
4042,8004151,Ost,2025-09-18 14:41:57.244222+00:00,9,2025-09-18,-9.0,mittel,12.3529472,Laim,14
4044,8004151,Ost,2025-09-29 19:25:59.944760+00:00,10,2025-09-29,147.14285714285714,mittel,0.02123093333333333,Laim,19
4047,8004151,Ost,2025-10-04 14:16:39.314945+00:00,4,2025-10-04,132.0,mittel,13.9943773,Laim,14
4049,8004151,Ost,2025-10-06 13:07:53.536967+00:00,9,2025-10-06,186.25,hoch,39.99761263333333,Laim,13
4052,8004151,Ost,2025-10-08 08:26:07.259115+00:00,3,2025-10-08,-45.0,niedrig,15.995006216666667,Laim,8
4063,8004151,Ost,2025-10-14 20:16:13.710311+00:00,40,2025-10-14,-50.0,niedrig,30.000136766666667,Laim,20
4065,8004151,Ost,2025-10-15 09:29:35.358652+00:00,155,2025-10-15,,,118.29048653333332,Laim,9
4068,8004151,Ost,2025-10-15 18:16:42.008504+00:00,13,2025-10-15,87.77777777777777,mittel,70.15033783333334,Laim,18
4070,8004151,Ost,2025-10-16 15:16:55.582868+00:00,6,2025-10-16,-317.77777777777777,niedrig,13.983373883333334,Laim,15
4074,8004151,Ost,2025-10-23 06:50:11.325982+00:00,28,2025-10-23,-236.66666666666669,niedrig,26.050981983333333,Laim,6
4078,8004151,Ost,2025-10-28 19:17:19.252337+00:00,4,2025-10-28,270.0,hoch,0.0118373,Laim,19
4079,8004151,Ost,2025-10-29 13:17:03.760279+00:00,9,2025-10-29,-211.1111111111111,niedrig,52.21575245,Laim,13
4084,8004151,Ost,2025-11-10 10:16:55.204268+00:00,112,2025-11-10,816.6666666666667,hoch,74.01326653333334,Laim,10
4089,8004151,Ost,2025-11-10 21:25:27.866351+00:00,22,2025-11-10,1062.0,hoch,0.0035930666666666665,Laim,21
4096,8004151,Ost,2025-11-12 03:20:10.526188+00:00,33,2025-11-12,,,0.020390516666666667,Laim,3
4100,8004151,Ost,2025-11-12 09:22:05.609971+00:00,12,2025-11-12,-172.5,niedrig,11.998307016666667,Laim,9
4106,8004151,Ost,2025-11-12 23:00:28.461412+00:00,17,2025-11-12,-158.75,niedrig,0.017751566666666666,Laim,23
4108,8004151,Ost,2025-11-13 06:12:28.653534+00:00,3,2025-11-13,255.0,hoch,0.0010780999999999998,Laim,6
4114,8004151,Ost,2025-11-14 01:17:20.889857+00:00,4,2025-11-14,,,0.0029747333333333334,Laim,1
4131,8004151,Ost,2025-11-17 05:16:07.618572+00:00,3,2025-11-17,81.0,mittel,0.0015696166666666666,Laim,5
4132,8004151,Ost,2025-11-17 12:08:56.510502+00:00,10,2025-11-17,-75.0,niedrig,0.011800966666666666,Laim,12
4135,8004151,Ost,2025-11-17 17:02:07.450010+00:00,3,2025-11-17,-146.25,niedrig,19.996334666666666,Laim,17
4138,8004151,Ost,2025-11-18 00:16:49.533379+00:00,4,2025-11-18,-90.0,niedrig,0.0020181,Laim,0
4143,8004151,Ost,2025-11-18 12:11:04.813178+00:00,6,2025-11-18,-38.888888888888886,niedrig,6.2001978499999995,Laim,12
4146,8004151,Ost,2025-11-18 23:17:16.049051+00:00,4,2025-11-18,120.0,mittel,0.0042380000000000004,Laim,23
4156,8004151,Ost,2025-11-20 07:17:58.199068+00:00,3,2025-11-20,-58.75,niedrig,3.9610545166666666,Laim,7
4158,8004151,Ost,2025-11-20 22:16:25.957765+00:00,30,2025-11-20,,,0.01451095,Laim,22
4161,8004151,Ost,2025-11-21 22:18:01.197864+00:00,23,2025-11-21,130.0,mittel,4.121994016666666,Laim,22
4162,8004151,Ost,2025-11-22 05:00:08.097928+00:00,34,2025-11-22,,,16.00555075,Laim,5
4168,8004151,Ost,2025-11-23 13:16:50.052052+00:00,11,2025-11-23,307.5,hoch,87.98826671666667,Laim,13
4169,8004151,Ost,2025-11-24 08:16:50.424667+00:00,6,2025-11-24,315.0,hoch,0.013121433333333333,Laim,8
4170,8004151,Ost,2025-11-24 19:17:27.433838+00:00,11,2025-11-24,292.5,hoch,0.04964335,Laim,19
4177,8004151,Ost,2025-12-05 06:53:21.147591+00:00,4,2025-12-05,335.0,hoch,16.0013593,Laim,6
4178,8004151,Ost,2025-12-06 19:16:33.261275+00:00,4,2025-12-06,,,0.0032055166666666666,Laim,19
4179,8004151,Ost,2025-12-10 07:01:49.890805+00:00,6,2025-12-10,1470.0,hoch,19.98089698333333,Laim,7
4181,8004151,Ost,2025-12-10 12:17:50.446743+00:00,83,2025-12-10,596.0,hoch,7.964173883333333,Laim,12
4185,8004151,Ost,2025-12-11 21:49:26.927873+00:00,7,2025-12-11,35.0,mittel,42.3752235,Laim,21
4186,8004151,Ost,2025-12-14 17:12:24.373596+00:00,13,2025-12-14,796.6666666666666,hoch,7.995469533333333,Laim,17
4188,8004151,Ost,2025-12-16 14:17:49.172761+00:00,11,2025-12-16,112.85714285714286,mittel,0.022320333333333334,Laim,14
4189,8004151,Ost,2025-12-17 08:17:01.082962+00:00,61,2025-12-17,410.3333333333333,hoch,119.99798581666667,Laim,8
4196,8004151,Ost,2025-12-21 06:23:58.794339+00:00,11,2025-12-21,-90.0,niedrig,115.99786098333334,Laim,6
4197,8004151,Ost,2025-12-27 16:17:24.564184+00:00,9,2025-12-27,240.0,hoch,17.942875116666666,Laim,16
4199,8004151,Ost,2025-12-29 08:17:18.595913+00:00,33,2025-12-29,-37.5,niedrig,25.9924903,Laim,8
4200,8004151,Ost,2025-12-30 05:38:39.223328+00:00,39,2025-12-30,22.5,mittel,108.00484091666667,Laim,5
4205,8004151,Ost,2025-12-30 17:16:44.231612+00:00,23,2025-12-30,,,85.99068036666667,Laim,17
4206,8004151,Ost,2025-12-30 21:16:44.330286+00:00,4,2025-12-30,120.0,mittel,11.986268733333333,Laim,21
4207,8004151,Ost,2025-12-31 08:16:50.466499+00:00,8,2025-12-31,,,5.995742033333333,Laim,8
4208,8004158,West,2025-01-02 11:13:35.414609+00:00,3,2025-01-02,642.0,hoch,21.970344516666668,Pasing,11
4209,8004158,West,2025-01-04 14:09:33.882762+00:00,3,2025-01-04,-78.0,niedrig,19.996176166666665,Pasing,14
4211,8004158,West,2025-01-05 18:07:33.871137+00:00,44,2025-01-05,850.0,hoch,93.99904636666666,Pasing,18
4212,8004158,West,2025-01-07 08:17:34.029877+00:00,10,2025-01-07,-67.5,niedrig,0.005528066666666666,Pasing,8
4214,8004158,West,2025-01-10 10:43:11.418811+00:00,5,2025-01-10,,,0.00087005,Pasing,10
4217,8004158,West,2025-01-15 19:17:10.336552+00:00,28,2025-01-15,120.0,mittel,37.880659466666664,Pasing,19
4224,8004158,West,2025-01-22 10:27:03.380082+00:00,8,2025-01-22,201.66666666666666,hoch,47.999945333333336,Pasing,10
4225,8004158,West,2025-01-23 11:51:02.919885+00:00,3,2025-01-23,70.0,mittel,19.990369283333333,Pasing,11
4227,8004158,West,2025-01-24 10:55:03.368541+00:00,4,2025-01-24,-137.14285714285717,niedrig,34.007939400000005,Pasing,10
4230,8004158,West,2025-01-27 22:17:56.060395+00:00,3,2025-01-27,,,23.508186016666667,Pasing,22
4231,8004158,West,2025-01-30 12:16:39.155231+00:00,17,2025-01-30,46.666666666666686,mittel,19.7774412,Pasing,12
4232,8004158,West,2025-02-03 15:14:39.189470+00:00,6,2025-02-03,-16.666666666666657,mittel,2.0153538,Pasing,15
4234,8004158,West,2025-02-07 13:02:39.163706+00:00,6,2025-02-07,281.25,hoch,41.9897538,Pasing,13
4236,8004158,West,2025-02-12 10:17:03.390896+00:00,6,2025-02-12,,,0.0010606333333333334,Pasing,10
4237,8004158,West,2025-02-13 16:25:22.065129+00:00,8,2025-02-13,210.0,hoch,50.00180461666666,Pasing,16
4242,8004158,West,2025-02-14 22:45:21.357622+00:00,55,2025-02-14,970.0,hoch,86.47139746666667,Pasing,22
4245,8004158,West,2025-02-16 09:53:53.434643+00:00,103,2025-02-16,-190.0,niedrig,279.9498092,Pasing,9
4246,8004158,West,2025-02-16 14:53:49.959169+00:00,3,2025-02-16,100.0,mittel,13.996579866666668,Pasing,14
4249,8004158,West,2025-02-19 07:15:51.611772+00:00,12,2025-02-19,780.0,hoch,59.98282961666666,Pasing,7
4250,8004158,West,2025-02-20 10:53:52.154344+00:00,7,2025-02-20,594.0,hoch,17.97914495,Pasing,10
4251,8004158,West,2025-02-23 12:21:50.154344+00:00,6,2025-02-23,2480.0,hoch,61.997457116666666,Pasing,12
4252,8004158,West,2025-02-23 21:03:50.725037+00:00,24,2025-02-23,770.0,hoch,85.99199663333334,Pasing,21
4254,8004158,West,2025-02-25 15:09:51.148933+00:00,4,2025-02-25,100.0,mittel,18.002671933333332,Pasing,15
4255,8004158,West,2025-02-26 09:07:51.440555+00:00,4,2025-02-26,600.0,hoch,23.98083826666667,Pasing,9
4257,8004158,West,2025-03-04 11:36:18.231350+00:00,12,2025-03-04,-37.5,niedrig,117.98570886666667,Pasing,11
4259,8004158,West,2025-03-05 11:14:17.345079+00:00,3,2025-03-05,223.33333333333331,hoch,10.023377616666666,Pasing,11
4261,8004158,West,2025-03-08 18:44:51.668776+00:00,19,2025-03-08,208.33333333333331,hoch,164.00569756666667,Pasing,18
4262,8004158,West,2025-03-09 17:42:52.650663+00:00,3,2025-03-09,,,45.990350150000005,Pasing,17
4265,8004158,West,2025-03-17 07:17:02.618509+00:00,20,2025-03-17,-12.857142857142833,mittel,75.96539863333334,Pasing,7
4266,8004158,West,2025-03-19 14:43:11.029926+00:00,4,2025-03-19,397.5,hoch,10.220130216666666,Pasing,14
4269,8004158,West,2025-03-23 13:52:35.756481+00:00,5,2025-03-23,-82.5,niedrig,0.0030383666666666666,Pasing,13
4270,8004158,West,2025-03-25 06:08:48.510363+00:00,13,2025-03-25,272.22222222222223,hoch,69.24846941666667,Pasing,6
4271,8004158,West,2025-03-28 09:55:04.926623+00:00,9,2025-03-28,,,57.97691856666667,Pasing,9
4272,8004158,West,2025-03-31 10:17:53.142364+00:00,11,2025-03-31,100.0,mittel,0.13092155,Pasing,10
4273,8004158,West,2025-04-08 04:16:43.123466+00:00,6,2025-04-08,-66.66666666666666,niedrig,32.64188996666667,Pasing,4
4276,8004158,West,2025-04-16 15:57:23.968411+00:00,5,2025-04-16,-130.0,niedrig,37.44342115,Pasing,15
4279,8004158,West,2025-04-22 13:12:33.035602+00:00,23,2025-04-22,-315.0,niedrig,90.22246828333333,Pasing,13
4280,8004158,West,2025-04-27 06:16:46.678245+00:00,9,2025-04-27,-180.0,niedrig,0.7388644666666667,Pasing,6
4283,8004158,West,2025-04-27 23:08:05.679443+00:00,10,2025-04-27,205.0,hoch,43.55123343333333,Pasing,23
4286,8004158,West,2025-04-28 15:38:49.533181+00:00,4,2025-04-28,-95.0,niedrig,19.1664175,Pasing,15
4287,8004158,West,2025-04-29 08:05:05.236503+00:00,15,2025-04-29,47.14285714285717,mittel,55.5913599,Pasing,8
4289,8004158,West,2025-05-01 13:08:50.828771+00:00,4,2025-05-01,-45.0,niedrig,43.99512798333333,Pasing,13
4291,8004158,West,2025-05-02 21:03:02.042963+00:00,6,2025-05-02,,,29.578375583333333,Pasing,21
4292,8004158,West,2025-05-04 12:13:56.852765+00:00,132,2025-05-04,84.0,mittel,359.062142,Pasing,12
4294,8004158,West,2025-05-05 08:30:10.826078+00:00,29,2025-05-05,20.0,mittel,42.91363663333333,Pasing,8
4301,8004158,West,2025-05-20 16:17:28.416868+00:00,12,2025-05-20,-33.75,niedrig,26.43620405,Pasing,16
4302,8004158,West,2025-05-24 09:31:53.733249+00:00,26,2025-05-24,85.71428571428572,mittel,99.69651315,Pasing,9
4307,8004158,West,2025-05-26 16:40:23.503589+00:00,7,2025-05-26,18.0,mittel,0.05559178333333333,Pasing,16
4309,8004158,West,2025-06-03 04:44:06.075822+00:00,14,2025-06-03,1068.75,hoch,98.43312856666667,Pasing,4
4311,8004158,West,2025-06-11 15:31:41.339209+00:00,3,2025-06-11,,,0.0067858,Pasing,15
4313,8004158,West,2025-06-14 05:02:58.952551+00:00,5,2025-06-14,393.75,hoch,55.758379633333334,Pasing,5
4314,8004158,West,2025-06-16 05:00:01.296626+00:00,5,2025-06-16,-34.28571428571428,niedrig,40.60705115,Pasing,5
4315,8004158,West,2025-06-19 18:27:01.238050+00:00,29,2025-06-19,566.25,hoch,181.8867175,Pasing,18
4317,8004158,West,2025-06-20 11:17:56.079712+00:00,3,2025-06-20,530.0,hoch,0.0040532499999999996,Pasing,11
4318,8004158,West,2025-06-22 08:20:49.057709+00:00,39,2025-06-22,75.0,mittel,183.12096866666667,Pasing,8
4319,8004158,West,2025-06-22 14:03:58.847114+00:00,43,2025-06-22,,,81.37446171666667,Pasing,14
4320,8004158,West,2025-06-24 07:54:18.330391+00:00,17,2025-06-24,-3.75,mittel,57.84666853333333,Pasing,7
4321,8004158,West,2025-06-24 13:17:04.975498+00:00,9,2025-06-24,62.22222222222223,mittel,0.04263695,Pasing,13
4323,8004158,West,2025-06-25 15:46:22.566229+00:00,19,2025-06-25,,,109.45872639999999,Pasing,15
4324,8004158,West,2025-06-27 02:30:57.730214+00:00,14,2025-06-27,,,0.12125851666666666,Pasing,2
4329,8004158,West,2025-06-28 10:17:28.986621+00:00,46,2025-06-28,280.0,hoch,78.33966435,Pasing,10
4330,8004158,West,2025-06-30 05:19:15.055543+00:00,30,2025-06-30,,,136.60199268333332,Pasing,5
4331,8004158,West,2025-06-30 13:16:31.062638+00:00,6,2025-06-30,,,5.459715383333333,Pasing,13
4332,8004158,West,2025-07-01 09:16:54.040626+00:00,34,2025-07-01,78.75,mittel,8.03583175,Pasing,9
4335,8004158,West,2025-07-01 17:16:17.286804+00:00,7,2025-07-01,328.75,hoch,8.175850716666666,Pasing,17
4337,8004158,West,2025-07-02 12:44:14.826664+00:00,14,2025-07-02,274.2857142857143,hoch,48.95365186666667,Pasing,12
4342,8004158,West,2025-07-03 06:27:46.464209+00:00,3,2025-07-03,-182.22222222222223,niedrig,10.834371633333335,Pasing,6
4345,8004158,West,2025-07-03 22:17:53.951767+00:00,3,2025-07-03,,,0.0015203666666666665,Pasing,22
4352,8004158,West,2025-07-07 04:31:20.015290+00:00,9,2025-07-07,396.6666666666667,hoch,20.81737085,Pasing,4
4355,8004158,West,2025-07-07 13:56:16.601551+00:00,6,2025-07-07,-133.33333333333337,niedrig,37.837737716666666,Pasing,13
4357,8004158,West,2025-07-10 11:16:19.929898+00:00,3,2025-07-10,94.0,mittel,0.022965016666666668,Pasing,11
4364,8004158,West,2025-07-16 06:16:51.964684+00:00,10,2025-07-16,,,0.007759433333333333,Pasing,6
4365,8004158,West,2025-07-18 11:12:57.583165+00:00,4,2025-07-18,-174.0,niedrig,11.989840333333332,Pasing,11
4368,8004158,West,2025-07-18 18:07:47.457840+00:00,4,2025-07-18,293.3333333333333,hoch,0.004713616666666667,Pasing,18
4374,8004158,West,2025-07-21 16:54:51.213635+00:00,11,2025-07-21,-170.0,niedrig,103.23818645,Pasing,16
4376,8004158,West,2025-07-24 14:31:34.036927+00:00,3,2025-07-24,-47.0,niedrig,26.188096583333333,Pasing,14
4379,8004158,West,2025-07-28 11:17:23.299661+00:00,10,2025-07-28,145.71428571428572,mittel,0.11089566666666667,Pasing,11
4384,8004158,West,2025-08-01 20:21:21.880763+00:00,19,2025-08-01,,,70.53436865,Pasing,20
4386,8004158,West,2025-08-06 12:24:29.073768+00:00,14,2025-08-06,,,57.755017583333334,Pasing,12
4387,8004158,West,2025-08-08 05:59:44.301286+00:00,21,2025-08-08,-160.0,niedrig,70.1073652,Pasing,5
4389,8004158,West,2025-08-11 19:43:51.475548+00:00,3,2025-08-11,276.6666666666667,hoch,22.422271266666666,Pasing,19
4390,8004158,West,2025-08-12 21:17:58.005373+00:00,4,2025-08-12,130.0,mittel,9.436666666666668e-05,Pasing,21
4396,8004158,West,2025-08-19 04:17:02.187539+00:00,12,2025-08-19,123.75,mittel,75.69124964999999,Pasing,4
4398,8004158,West,2025-08-20 21:00:39.233248+00:00,18,2025-08-20,368.57142857142856,hoch,46.08597763333333,Pasing,21
4399,8004158,West,2025-08-21 09:51:02.242544+00:00,81,2025-08-21,203.33333333333334,hoch,190.86778306666665,Pasing,9
4404,8004158,West,2025-08-27 13:03:44.490236+00:00,8,2025-08-27,20.0,mittel,8.0378699,Pasing,13
4405,8004158,West,2025-08-28 18:16:14.651519+00:00,14,2025-08-28,,,39.408877849999996,Pasing,18
4406,8004158,West,2025-08-30 20:16:27.462312+00:00,5,2025-08-30,,,0.005402083333333333,Pasing,20
4407,8004158,West,2025-09-04 13:39:12.536163+00:00,8,2025-09-04,-37.5,niedrig,0.03771518333333333,Pasing,13
4411,8004158,West,2025-09-06 16:38:53.108701+00:00,4,2025-09-06,461.25,hoch,30.62717535,Pasing,16
4413,8004158,West,2025-09-07 10:34:34.545604+00:00,8,2025-09-07,1120.0,hoch,31.598695183333334,Pasing,10
4417,8004158,West,2025-09-08 05:35:59.009454+00:00,13,2025-09-08,45.0,mittel,47.96441621666667,Pasing,5
4421,8004158,West,2025-09-08 11:37:14.702894+00:00,19,2025-09-08,270.0,hoch,28.961733016666667,Pasing,11
4424,8004158,West,2025-09-29 15:56:00.980732+00:00,4,2025-09-29,,,11.995094933333332,Pasing,15
4425,8004158,West,2025-09-29 20:18:01.242068+00:00,74,2025-09-29,654.2857142857142,hoch,21.962469199999997,Pasing,20
4427,8004158,West,2025-10-04 14:16:39.739733+00:00,4,2025-10-04,290.0,hoch,13.979909166666665,Pasing,14
4428,8004158,West,2025-10-06 12:17:51.516555+00:00,28,2025-10-06,437.1428571428571,hoch,8.034315683333334,Pasing,12
4432,8004158,West,2025-10-08 09:12:08.510721+00:00,5,2025-10-08,-107.14285714285714,niedrig,35.98241718333334,Pasing,9
4433,8004158,West,2025-10-08 14:18:10.364092+00:00,3,2025-10-08,233.33333333333334,hoch,0.004344483333333333,Pasing,14
4436,8004158,West,2025-10-14 10:17:27.205117+00:00,37,2025-10-14,,,0.061054616666666665,Pasing,10
4437,8004158,West,2025-10-14 20:16:13.724383+00:00,21,2025-10-14,,,32.00648685,Pasing,20
4438,8004158,West,2025-10-15 10:09:37.061826+00:00,90,2025-10-15,760.0,hoch,70.26238941666666,Pasing,10
4440,8004158,West,2025-10-15 20:16:50.392005+00:00,5,2025-10-15,180.0,hoch,19.99521155,Pasing,20
4441,8004158,West,2025-10-17 23:33:58.823195+00:00,4,2025-10-17,3594.0,hoch,23.982162783333333,Pasing,23
4443,8004158,West,2025-10-23 07:56:29.267145+00:00,4,2025-10-23,,,13.994801050000001,Pasing,7
4444,8004158,West,2025-10-28 17:23:05.391099+00:00,18,2025-10-28,1293.75,hoch,62.20191443333333,Pasing,17
4448,8004158,West,2025-11-10 13:23:13.808531+00:00,4,2025-11-10,213.75,hoch,0.015344,Pasing,13
4452,8004158,West,2025-11-11 09:17:23.623421+00:00,40,2025-11-11,193.33333333333331,hoch,13.98221415,Pasing,9
4453,8004158,West,2025-11-11 18:22:12.622513+00:00,10,2025-11-11,-63.75,niedrig,0.007258633333333334,Pasing,18
4454,8004158,West,2025-11-11 23:00:28.001790+00:00,54,2025-11-11,,,9.999045800000001,Pasing,23
4462,8004158,West,2025-11-13 05:14:29.782365+00:00,6,2025-11-13,-163.33333333333331,niedrig,2.0114080833333334,Pasing,5
4464,8004158,West,2025-11-13 15:16:36.581451+00:00,62,2025-11-13,145.0,mittel,8.112698700000001,Pasing,15
4465,8004158,West,2025-11-13 22:16:51.673279+00:00,34,2025-11-13,-240.0,niedrig,0.018722866666666668,Pasing,22
4466,8004158,West,2025-11-14 02:17:20.766416+00:00,3,2025-11-14,,,0.0005768333333333334,Pasing,2
4473,8004158,West,2025-11-16 22:17:42.948288+00:00,25,2025-11-16,,,16.412291733333333,Pasing,22
4474,8004158,West,2025-11-17 17:18:10.192352+00:00,63,2025-11-17,-6.0,mittel,11.943584666666668,Pasing,17
4479,8004158,West,2025-11-18 01:16:50.071114+00:00,3,2025-11-18,40.0,mittel,0.0020358166666666665,Pasing,1
4484,8004158,West,2025-11-18 16:16:41.940168+00:00,5,2025-11-18,85.0,mittel,0.0032982666666666665,Pasing,16
4488,8004158,West,2025-11-19 01:17:15.743913+00:00,4,2025-11-19,-40.0,niedrig,0.0027311333333333338,Pasing,1
4489,8004158,West,2025-11-19 06:27:21.816745+00:00,18,2025-11-19,-282.0,niedrig,2.0242913,Pasing,6
4492,8004158,West,2025-11-19 15:17:24.241842+00:00,17,2025-11-19,-236.66666666666663,niedrig,11.975376966666666,Pasing,15
4494,8004158,West,2025-11-20 10:17:59.580069+00:00,50,2025-11-20,120.0,mittel,19.987723633333335,Pasing,10
4495,8004158,West,2025-11-20 22:16:25.974555+00:00,29,2025-11-20,-260.0,niedrig,0.009218200000000001,Pasing,22
4496,8004158,West,2025-11-21 07:28:52.602368+00:00,45,2025-11-21,-150.0,niedrig,8.012080266666667,Pasing,7
4498,8004158,West,2025-11-22 05:00:08.563534+00:00,32,2025-11-22,,,0.017013249999999997,Pasing,5
4499,8004158,West,2025-11-22 22:16:30.222454+00:00,11,2025-11-22,60.0,mittel,0.007352083333333333,Pasing,22
4502,8004158,West,2025-11-23 13:16:50.205768+00:00,5,2025-11-23,132.0,mittel,0.0030736166666666667,Pasing,13
4504,8004158,West,2025-11-24 19:17:27.030806+00:00,9,2025-11-24,,,0.02705673333333333,Pasing,19
4505,8004158,West,2025-12-02 07:04:09.703362+00:00,13,2025-12-02,-65.0,niedrig,118.07146498333333,Pasing,7
4506,8004158,West,2025-12-04 15:16:48.232682+00:00,3,2025-12-04,276.0,hoch,13.958816033333333,Pasing,15
4510,8004158,West,2025-12-10 09:53:48.518891+00:00,8,2025-12-10,1116.6666666666667,hoch,71.98094546666667,Pasing,9
4512,8004158,West,2025-12-10 17:17:59.075406+00:00,8,2025-12-10,165.0,hoch,8.0041149,Pasing,17
4514,8004158,West,2025-12-11 17:16:58.294468+00:00,9,2025-12-11,-371.25,niedrig,0.022810683333333335,Pasing,17
4517,8004158,West,2025-12-17 08:17:00.628401+00:00,37,2025-12-17,72.0,mittel,120.03453113333333,Pasing,8
4527,8004158,West,2025-12-21 07:23:59.061738+00:00,3,2025-12-21,80.0,mittel,20.003643183333335,Pasing,7
4528,8004158,West,2025-12-23 11:26:14.992202+00:00,3,2025-12-23,-24.0,mittel,20.00413563333333,Pasing,11
4530,8004158,West,2025-12-27 17:27:21.021144+00:00,3,2025-12-27,-90.0,niedrig,20.00751705,Pasing,17
4531,8004158,West,2025-12-29 07:31:18.461526+00:00,3,2025-12-29,340.0,hoch,0.0212825,Pasing,7
4533,8004158,West,2025-12-30 05:36:39.313243+00:00,28,2025-12-30,-170.0,niedrig,168.00888543333335,Pasing,5
4210,8004158,Ost,2025-01-05 15:17:33.786927+00:00,6,2025-01-05,10.0,mittel,0.004211183333333333,Pasing,15
4213,8004158,Ost,2025-01-09 16:13:11.764959+00:00,4,2025-01-09,-45.0,niedrig,4.005784483333334,Pasing,16
4215,8004158,Ost,2025-01-13 18:11:36.575871+00:00,8,2025-01-13,,,0.0008587666666666667,Pasing,18
4218,8004158,Ost,2025-01-20 10:47:03.137902+00:00,4,2025-01-20,97.5,mittel,36.00927181666667,Pasing,10
4219,8004158,Ost,2025-01-21 09:45:32.233391+00:00,17,2025-01-21,270.0,hoch,19.516963816666664,Pasing,9
4220,8004158,Ost,2025-01-22 06:25:04.856738+00:00,3,2025-01-22,,,11.9817123,Pasing,6
4228,8004158,Ost,2025-01-24 12:27:03.401845+00:00,9,2025-01-24,,,82.00248445000001,Pasing,12
4229,8004158,Ost,2025-01-24 22:15:02.998549+00:00,4,2025-01-24,42.85714285714286,mittel,24.00780325,Pasing,22
4233,8004158,Ost,2025-02-07 11:08:42.876102+00:00,6,2025-02-07,180.0,hoch,39.92206806666666,Pasing,11
4235,8004158,Ost,2025-02-09 09:16:43.066799+00:00,20,2025-02-09,15.0,mittel,1.9231170333333334,Pasing,9
4239,8004158,Ost,2025-02-14 06:11:23.295392+00:00,24,2025-02-14,,,93.97897841666666,Pasing,6
4241,8004158,Ost,2025-02-14 22:17:50.322404+00:00,28,2025-02-14,-12.0,mittel,0.004921783333333333,Pasing,22
4244,8004158,Ost,2025-02-16 09:05:50.783706+00:00,4,2025-02-16,,,22.007832383333334,Pasing,9
4248,8004158,Ost,2025-02-19 04:39:51.216336+00:00,21,2025-02-19,13.333333333333336,mittel,138.00222226666668,Pasing,4
4253,8004158,Ost,2025-02-25 14:17:50.872222+00:00,3,2025-02-25,-6.0,mittel,16.001766133333334,Pasing,14
4256,8004158,Ost,2025-03-04 10:08:17.261747+00:00,5,2025-03-04,24.0,mittel,50.0003639,Pasing,10
4258,8004158,Ost,2025-03-05 08:16:21.920759+00:00,15,2025-03-05,-43.33333333333333,niedrig,0.006448733333333333,Pasing,8
4260,8004158,Ost,2025-03-06 11:24:52.462953+00:00,4,2025-03-06,-40.0,niedrig,39.99001356666667,Pasing,11
4263,8004158,Ost,2025-03-14 04:47:00.448962+00:00,9,2025-03-14,12.857142857142858,mittel,77.99610320000001,Pasing,4
4274,8004158,Ost,2025-04-15 04:12:15.611475+00:00,4,2025-04-15,,,8.055056133333332,Pasing,4
4281,8004158,Ost,2025-04-27 17:16:30.718193+00:00,3,2025-04-27,40.0,mittel,0.0032019500000000003,Pasing,17
4288,8004158,Ost,2025-05-01 11:31:10.112966+00:00,3,2025-05-01,-80.0,niedrig,30.917289283333332,Pasing,11
4290,8004158,Ost,2025-05-02 19:48:54.014683+00:00,4,2025-05-02,660.0,hoch,21.516253116666668,Pasing,19
4293,8004158,Ost,2025-05-04 23:01:04.667128+00:00,9,2025-05-04,,,0.017446316666666666,Pasing,23
4295,8004158,Ost,2025-05-05 16:00:00.017308+00:00,3,2025-05-05,,,12.1163822,Pasing,16
4299,8004158,Ost,2025-05-14 16:44:24.134248+00:00,3,2025-05-14,-115.71428571428572,niedrig,21.950470916666667,Pasing,16
4300,8004158,Ost,2025-05-15 12:18:05.916300+00:00,3,2025-05-15,465.0,hoch,0.003928166666666667,Pasing,12
4303,8004158,Ost,2025-05-26 04:11:24.268865+00:00,7,2025-05-26,72.0,mittel,5.347858583333333,Pasing,4
4308,8004158,Ost,2025-06-03 04:16:27.405844+00:00,5,2025-06-03,,,3.97099255,Pasing,4
4310,8004158,Ost,2025-06-10 10:39:59.225257+00:00,3,2025-06-10,1620.0,hoch,16.78643965,Pasing,10
4322,8004158,Ost,2025-06-24 17:17:10.211274+00:00,18,2025-06-24,,,0.007608666666666666,Pasing,17
4336,8004158,Ost,2025-07-02 06:16:22.143825+00:00,53,2025-07-02,-116.66666666666667,niedrig,195.6289926,Pasing,6
4344,8004158,Ost,2025-07-03 14:17:52.025946+00:00,3,2025-07-03,-60.0,niedrig,0.01583015,Pasing,14
4346,8004158,Ost,2025-07-03 23:17:35.801186+00:00,3,2025-07-03,,,0.009844283333333334,Pasing,23
4351,8004158,Ost,2025-07-05 16:18:32.305515+00:00,3,2025-07-05,7.5,mittel,15.260536666666667,Pasing,16
4356,8004158,Ost,2025-07-08 20:16:59.835704+00:00,6,2025-07-08,,,0.0010570833333333333,Pasing,20
4370,8004158,Ost,2025-07-21 06:18:06.875880+00:00,54,2025-07-21,,,93.69543031666667,Pasing,6
4388,8004158,Ost,2025-08-11 08:02:32.185596+00:00,4,2025-08-11,311.25,hoch,20.48761178333333,Pasing,8
4393,8004158,Ost,2025-08-16 11:17:52.629788+00:00,6,2025-08-16,-53.333333333333336,niedrig,0.00016146666666666667,Pasing,11
4395,8004158,Ost,2025-08-18 08:11:55.447052+00:00,5,2025-08-18,-94.28571428571428,niedrig,41.76779115,Pasing,8
4400,8004158,Ost,2025-08-21 20:09:13.404080+00:00,10,2025-08-21,93.0,mittel,0.005218166666666666,Pasing,20
4410,8004158,Ost,2025-09-06 16:17:47.468574+00:00,5,2025-09-06,20.0,mittel,1.9388125833333334,Pasing,16
4414,8004158,Ost,2025-09-07 11:28:05.894794+00:00,3,2025-09-07,10.0,mittel,18.344237433333333,Pasing,11
4419,8004158,Ost,2025-09-08 08:41:28.045688+00:00,4,2025-09-08,-52.5,niedrig,50.93301066666667,Pasing,8
4422,8004158,Ost,2025-09-08 15:17:41.913203+00:00,15,2025-09-08,18.0,mittel,0.037920749999999996,Pasing,15
4423,8004158,Ost,2025-09-18 14:41:57.492110+00:00,9,2025-09-18,-66.0,niedrig,24.442917983333334,Pasing,14
4429,8004158,Ost,2025-10-06 13:09:53.418928+00:00,8,2025-10-06,57.142857142857146,mittel,44.00184455,Pasing,13
4431,8004158,Ost,2025-10-08 08:26:07.294958+00:00,3,2025-10-08,130.0,mittel,14.003116716666666,Pasing,8
4439,8004158,Ost,2025-10-15 18:16:41.781636+00:00,13,2025-10-15,-158.57142857142858,niedrig,64.14308883333334,Pasing,18
4442,8004158,Ost,2025-10-23 05:54:08.925520+00:00,16,2025-10-23,-256.6666666666667,niedrig,76.04083203333333,Pasing,5
4445,8004158,Ost,2025-10-28 19:17:19.174902+00:00,4,2025-10-28,-48.0,niedrig,0.008954916666666667,Pasing,19
4446,8004158,Ost,2025-11-10 10:16:55.476730+00:00,97,2025-11-10,,,74.00854671666666,Pasing,10
4455,8004158,Ost,2025-11-12 03:20:10.762929+00:00,9,2025-11-12,,,0.003504283333333333,Pasing,3
4457,8004158,Ost,2025-11-12 12:18:12.093729+00:00,16,2025-11-12,-290.0,niedrig,65.99866143333334,Pasing,12
4463,8004158,Ost,2025-11-13 06:12:28.849125+00:00,3,2025-11-13,270.0,hoch,0.00033736666666666666,Pasing,6
4475,8004158,Ost,2025-11-17 19:08:06.615418+00:00,3,2025-11-17,-230.0,niedrig,26.266751583333335,Pasing,19
4481,8004158,Ost,2025-11-18 08:20:57.600306+00:00,3,2025-11-18,-55.71428571428572,niedrig,14.01148945,Pasing,8
4491,8004158,Ost,2025-11-19 14:17:23.187114+00:00,5,2025-11-19,426.6666666666667,hoch,0.004259783333333334,Pasing,14
4493,8004158,Ost,2025-11-20 07:17:57.774683+00:00,3,2025-11-20,367.5,hoch,11.98805975,Pasing,7
4503,8004158,Ost,2025-11-24 07:56:49.850846+00:00,7,2025-11-24,1592.0,hoch,20.018596549999998,Pasing,7
4507,8004158,Ost,2025-12-05 06:45:21.160362+00:00,4,2025-12-05,1320.0,hoch,21.997016533333333,Pasing,6
4508,8004158,Ost,2025-12-05 22:12:01.200911+00:00,3,2025-12-05,1627.5,hoch,10.0702178,Pasing,22
4509,8004158,Ost,2025-12-06 19:16:33.758196+00:00,4,2025-12-06,412.5,hoch,0.005864449999999999,Pasing,19
4511,8004158,Ost,2025-12-10 12:17:50.446527+00:00,54,2025-12-10,870.0,hoch,1.9593778499999999,Pasing,12
4515,8004158,Ost,2025-12-16 08:16:55.303317+00:00,4,2025-12-16,-417.5,niedrig,0.0018360666666666667,Pasing,8
4516,8004158,Ost,2025-12-16 14:17:49.234869+00:00,11,2025-12-16,84.0,mittel,0.023126616666666665,Pasing,14
4521,8004158,Ost,2025-12-19 19:17:06.998799+00:00,9,2025-12-19,,,0.029265616666666664,Pasing,19
4525,8004158,Ost,2025-12-20 19:35:27.745039+00:00,3,2025-12-20,,,12.0070856,Pasing,19
4526,8004158,Ost,2025-12-21 06:23:58.926586+00:00,5,2025-12-21,-170.0,niedrig,40.003906300000004,Pasing,6
4529,8004158,Ost,2025-12-27 16:17:24.888906+00:00,8,2025-12-27,,,13.942609716666668,Pasing,16
4532,8004158,Ost,2025-12-29 08:17:18.385792+00:00,19,2025-12-29,-390.0,niedrig,28.002877183333332,Pasing,8
4535,8004158,Ost,2025-12-30 13:44:39.867832+00:00,6,2025-12-30,120.0,mittel,43.993316899999996,Pasing,13
4536,8004158,Ost,2025-12-30 21:16:44.250980+00:00,4,2025-12-30,,,5.9830539,Pasing,21
4537,8004158,Ost,2025-12-31 08:16:50.753442+00:00,7,2025-12-31,-190.0,niedrig,0.01287725,Pasing,8
4538,8004179,West,2025-01-04 14:41:54.767217+00:00,3,2025-01-04,180.0,hoch,22.00431545,Hirschgarten,14
4541,8004179,West,2025-01-05 19:31:54.002259+00:00,65,2025-01-05,-122.0,niedrig,5.9920460166666665,Hirschgarten,19
4542,8004179,West,2025-01-07 08:17:56.356857+00:00,10,2025-01-07,-147.5,niedrig,5.873333333333333e-05,Hirschgarten,8
4545,8004179,West,2025-01-10 10:43:31.877558+00:00,4,2025-01-10,72.0,mittel,17.981483066666666,Hirschgarten,10
4551,8004179,West,2025-01-15 19:17:14.907071+00:00,37,2025-01-15,278.0,hoch,19.834177483333335,Hirschgarten,19
4552,8004179,West,2025-01-18 09:17:04.267969+00:00,5,2025-01-18,-10.0,mittel,0.0008073833333333333,Hirschgarten,9
4558,8004179,West,2025-01-22 08:53:06.861724+00:00,27,2025-01-22,63.333333333333314,mittel,135.97536078333331,Hirschgarten,8
4559,8004179,West,2025-01-22 19:17:27.516306+00:00,5,2025-01-22,98.57142857142856,mittel,0.0017564333333333333,Hirschgarten,19
4560,8004179,West,2025-01-24 09:51:05.453216+00:00,4,2025-01-24,-222.0,niedrig,42.02033386666667,Hirschgarten,9
4565,8004179,West,2025-01-27 23:25:27.207386+00:00,5,2025-01-27,20.0,mittel,67.99723696666666,Hirschgarten,23
4566,8004179,West,2025-01-30 12:16:45.658825+00:00,17,2025-01-30,165.0,hoch,19.7030225,Hirschgarten,12
4567,8004179,West,2025-02-03 15:12:40.932370+00:00,6,2025-02-03,-223.8888888888889,niedrig,4.052074916666666,Hirschgarten,15
4576,8004179,West,2025-02-13 16:19:24.062514+00:00,10,2025-02-13,642.5,hoch,74.0025982,Hirschgarten,16
4582,8004179,West,2025-02-14 22:17:53.430042+00:00,54,2025-02-14,,,3.500707583333333,Hirschgarten,22
4588,8004179,West,2025-02-18 16:47:54.175536+00:00,3,2025-02-18,-116.875,niedrig,16.02120315,Hirschgarten,16
4589,8004179,West,2025-02-18 21:17:52.458317+00:00,3,2025-02-18,56.66666666666666,mittel,0.0003180666666666667,Hirschgarten,21
4591,8004179,West,2025-02-19 05:23:53.311903+00:00,43,2025-02-19,-93.33333333333331,niedrig,156.0234604833333,Hirschgarten,5
4593,8004179,West,2025-02-20 10:47:53.235023+00:00,9,2025-02-20,556.5,hoch,18.003801783333333,Hirschgarten,10
4595,8004179,West,2025-02-23 12:03:53.024920+00:00,10,2025-02-23,,,73.98255941666666,Hirschgarten,12
4596,8004179,West,2025-02-23 21:07:53.916681+00:00,24,2025-02-23,,,75.97420115,Hirschgarten,21
4598,8004179,West,2025-02-25 15:03:53.552778+00:00,4,2025-02-25,77.77777777777777,mittel,21.984388666666668,Hirschgarten,15
4599,8004179,West,2025-02-26 09:03:54.972926+00:00,5,2025-02-26,1159.0,hoch,29.97211863333333,Hirschgarten,9
4600,8004179,West,2025-02-27 18:39:54.858710+00:00,3,2025-02-27,247.0,hoch,13.991129083333334,Hirschgarten,18
4604,8004179,West,2025-03-04 14:16:20.913682+00:00,4,2025-03-04,-126.66666666666666,niedrig,3.974197316666667,Hirschgarten,14
4606,8004179,West,2025-03-05 14:08:19.639531+00:00,3,2025-03-05,-98.88888888888889,niedrig,8.035939,Hirschgarten,14
4607,8004179,West,2025-03-05 22:16:51.245431+00:00,3,2025-03-05,0.0,mittel,0.00769555,Hirschgarten,22
4609,8004179,West,2025-03-07 18:16:56.429331+00:00,10,2025-03-07,-133.0,niedrig,35.95511943333334,Hirschgarten,18
4611,8004179,West,2025-03-08 19:48:55.702815+00:00,9,2025-03-08,-130.0,niedrig,77.97398338333333,Hirschgarten,19
4612,8004179,West,2025-03-12 14:17:19.688810+00:00,16,2025-03-12,-120.0,niedrig,0.00043231666666666667,Hirschgarten,14
4617,8004179,West,2025-03-17 08:05:02.536860+00:00,5,2025-03-17,136.5,mittel,23.99040335,Hirschgarten,8
4621,8004179,West,2025-03-24 07:31:37.364992+00:00,4,2025-03-24,-81.5,niedrig,18.062057283333335,Hirschgarten,7
4623,8004179,West,2025-03-25 05:46:30.952697+00:00,21,2025-03-25,-384.44444444444446,niedrig,91.79581021666667,Hirschgarten,5
4624,8004179,West,2025-03-25 12:40:02.669492+00:00,4,2025-03-25,173.33333333333331,hoch,47.428280066666666,Hirschgarten,12
4625,8004179,West,2025-03-26 19:58:50.396164+00:00,4,2025-03-26,215.0,hoch,37.597549083333334,Hirschgarten,19
4626,8004179,West,2025-03-28 09:17:27.554244+00:00,18,2025-03-28,-47.14285714285717,niedrig,95.85963533333333,Hirschgarten,9
4627,8004179,West,2025-03-31 08:18:15.378910+00:00,10,2025-03-31,-17.0,mittel,0.040231833333333335,Hirschgarten,8
4629,8004179,West,2025-04-08 04:18:54.754462+00:00,12,2025-04-08,396.66666666666663,hoch,61.54732186666667,Hirschgarten,4
4631,8004179,West,2025-04-15 04:19:22.896631+00:00,7,2025-04-15,110.0,mittel,35.518058249999996,Hirschgarten,4
4632,8004179,West,2025-04-16 13:17:41.890771+00:00,9,2025-04-16,96.25,mittel,13.156856683333332,Hirschgarten,13
4636,8004179,West,2025-04-17 13:17:36.135779+00:00,6,2025-04-17,-16.666666666666686,mittel,0.014986533333333333,Hirschgarten,13
4640,8004179,West,2025-04-24 19:22:32.783772+00:00,6,2025-04-24,-108.75,niedrig,29.578050466666664,Hirschgarten,19
4643,8004179,West,2025-04-27 17:16:45.606367+00:00,3,2025-04-27,-66.66666666666666,niedrig,11.851886033333333,Hirschgarten,17
4646,8004179,West,2025-04-28 14:04:08.733641+00:00,11,2025-04-28,214.44444444444446,hoch,103.45936945,Hirschgarten,14
4649,8004179,West,2025-05-01 11:48:31.049557+00:00,15,2025-05-01,320.0,hoch,108.05212543333333,Hirschgarten,11
4651,8004179,West,2025-05-02 14:12:01.617004+00:00,3,2025-05-02,32.0,mittel,18.757836066666666,Hirschgarten,14
4652,8004179,West,2025-05-02 20:03:12.911122+00:00,34,2025-05-02,199.0,hoch,87.34648238333332,Hirschgarten,20
4655,8004179,West,2025-05-05 08:30:40.146832+00:00,34,2025-05-05,-100.5,niedrig,69.98931883333333,Hirschgarten,8
4663,8004179,West,2025-05-20 16:17:48.554441+00:00,11,2025-05-20,,,8.271197066666666,Hirschgarten,16
4664,8004179,West,2025-05-21 06:41:48.972934+00:00,3,2025-05-21,-11.0,mittel,0.010505333333333334,Hirschgarten,6
4666,8004179,West,2025-05-22 10:09:52.481484+00:00,3,2025-05-22,-47.0,niedrig,24.476000866666666,Hirschgarten,10
4668,8004179,West,2025-05-24 09:30:32.482087+00:00,37,2025-05-24,82.85714285714286,mittel,93.37332036666666,Hirschgarten,9
4670,8004179,West,2025-05-26 10:14:07.978326+00:00,27,2025-05-26,,,66.31849436666667,Hirschgarten,10
4671,8004179,West,2025-05-26 16:41:08.570864+00:00,6,2025-05-26,-85.0,niedrig,0.02963281666666667,Hirschgarten,16
4674,8004179,West,2025-05-30 20:17:09.436010+00:00,3,2025-05-30,-134.44444444444446,niedrig,13.812874266666666,Hirschgarten,20
4675,8004179,West,2025-05-31 14:17:14.481535+00:00,14,2025-05-31,-40.0,niedrig,0.07016918333333333,Hirschgarten,14
4678,8004179,West,2025-06-04 07:37:54.450818+00:00,5,2025-06-04,-160.0,niedrig,43.69620533333333,Hirschgarten,7
4681,8004179,West,2025-06-11 15:31:53.962487+00:00,3,2025-06-11,-68.0,niedrig,16.289058666666666,Hirschgarten,15
4683,8004179,West,2025-06-14 12:17:45.746242+00:00,5,2025-06-14,,,0.015408033333333333,Hirschgarten,12
4684,8004179,West,2025-06-16 04:11:25.862443+00:00,4,2025-06-16,411.1111111111111,hoch,26.670331733333335,Hirschgarten,4
4687,8004179,West,2025-06-16 09:38:59.281911+00:00,10,2025-06-16,-103.33333333333331,niedrig,53.015288250000005,Hirschgarten,9
4689,8004179,West,2025-06-19 03:53:44.036628+00:00,5,2025-06-19,159.0,hoch,20.147530716666665,Hirschgarten,3
4695,8004179,West,2025-06-19 12:53:43.244568+00:00,3,2025-06-19,141.25,mittel,14.7513664,Hirschgarten,12
4697,8004179,West,2025-06-19 22:08:52.716252+00:00,4,2025-06-19,480.0,hoch,26.017892733333333,Hirschgarten,22
4698,8004179,West,2025-06-20 09:14:41.453028+00:00,46,2025-06-20,,,156.35253436666665,Hirschgarten,9
4703,8004179,West,2025-06-21 18:53:18.796240+00:00,3,2025-06-21,-33.33333333333334,niedrig,38.880456716666664,Hirschgarten,18
4704,8004179,West,2025-06-22 08:21:03.491595+00:00,46,2025-06-22,,,139.37495625000003,Hirschgarten,8
4706,8004179,West,2025-06-22 14:10:50.660368+00:00,67,2025-06-22,1260.0,hoch,91.18905223333333,Hirschgarten,14
4709,8004179,West,2025-06-24 13:17:23.974334+00:00,11,2025-06-24,-12.222222222222229,mittel,0.018143066666666666,Hirschgarten,13
4712,8004179,West,2025-06-25 15:17:07.395354+00:00,36,2025-06-25,45.55555555555554,mittel,136.86871896666668,Hirschgarten,15
4713,8004179,West,2025-06-26 11:13:10.093657+00:00,11,2025-06-26,60.0,mittel,14.883129116666668,Hirschgarten,11
4724,8004179,West,2025-06-30 05:19:33.172813+00:00,44,2025-06-30,1334.0,hoch,119.62650090000001,Hirschgarten,5
4726,8004179,West,2025-06-30 13:16:53.246155+00:00,6,2025-06-30,-150.0,niedrig,0.009818833333333334,Hirschgarten,13
4727,8004179,West,2025-07-01 09:17:11.600059+00:00,55,2025-07-01,-65.0,niedrig,8.007746233333332,Hirschgarten,9
4730,8004179,West,2025-07-01 15:48:38.226145+00:00,87,2025-07-01,664.0,hoch,94.34231396666668,Hirschgarten,15
4732,8004179,West,2025-07-02 12:17:18.404659+00:00,40,2025-07-02,274.44444444444446,hoch,73.84245941666667,Hirschgarten,12
4737,8004179,West,2025-07-03 06:17:16.032810+00:00,4,2025-07-03,-347.5,niedrig,19.200647800000002,Hirschgarten,6
4745,8004179,West,2025-07-07 04:29:41.180581+00:00,16,2025-07-07,566.0,hoch,22.730900283333334,Hirschgarten,4
4748,8004179,West,2025-07-07 13:45:56.706418+00:00,9,2025-07-07,68.75,mittel,93.37657956666666,Hirschgarten,13
4750,8004179,West,2025-07-08 06:01:39.418025+00:00,3,2025-07-08,151.0,mittel,14.620619566666667,Hirschgarten,6
4752,8004179,West,2025-07-08 15:24:02.900569+00:00,4,2025-07-08,25.0,mittel,57.88847663333333,Hirschgarten,15
4756,8004179,West,2025-07-09 08:47:21.977001+00:00,4,2025-07-09,594.5,hoch,46.07852131666667,Hirschgarten,8
4759,8004179,West,2025-07-10 11:16:47.009833+00:00,3,2025-07-10,18.0,mittel,0.05158321666666667,Hirschgarten,11
4765,8004179,West,2025-07-12 13:38:51.793862+00:00,8,2025-07-12,61.111111111111086,mittel,53.1468612,Hirschgarten,13
4767,8004179,West,2025-07-14 10:09:27.444922+00:00,3,2025-07-14,0.0,mittel,3.9235763833333333,Hirschgarten,10
4768,8004179,West,2025-07-16 06:17:13.883056+00:00,10,2025-07-16,-60.0,niedrig,0.019810633333333334,Hirschgarten,6
4771,8004179,West,2025-07-17 12:32:51.554585+00:00,3,2025-07-17,-55.55555555555554,niedrig,2.2612252500000003,Hirschgarten,12
4775,8004179,West,2025-07-17 18:54:25.058388+00:00,3,2025-07-17,48.0,mittel,25.15536275,Hirschgarten,18
4780,8004179,West,2025-07-18 18:08:06.799846+00:00,3,2025-07-18,-85.0,niedrig,11.391888166666666,Hirschgarten,18
4781,8004179,West,2025-07-21 04:48:39.575516+00:00,157,2025-07-21,447.77777777777777,hoch,354.49516873333334,Hirschgarten,4
4783,8004179,West,2025-07-21 16:51:13.162111+00:00,10,2025-07-21,106.5,mittel,107.12616208333334,Hirschgarten,16
4787,8004179,West,2025-07-24 14:28:05.868948+00:00,3,2025-07-24,-93.33333333333331,niedrig,23.17997946666667,Hirschgarten,14
4790,8004179,West,2025-07-28 11:17:44.925925+00:00,19,2025-07-28,-196.66666666666669,niedrig,0.01739981666666667,Hirschgarten,11
4801,8004179,West,2025-08-03 15:07:00.168761+00:00,5,2025-08-03,-71.25,niedrig,45.3001706,Hirschgarten,15
4804,8004179,West,2025-08-05 12:17:36.590889+00:00,4,2025-08-05,-36.0,niedrig,0.010527100000000001,Hirschgarten,12
4805,8004179,West,2025-08-05 19:34:34.128384+00:00,7,2025-08-05,358.8888888888889,hoch,69.31237225,Hirschgarten,19
4807,8004179,West,2025-08-06 06:12:45.214640+00:00,6,2025-08-06,120.0,mittel,83.25486743333333,Hirschgarten,6
4808,8004179,West,2025-08-06 10:31:06.354435+00:00,64,2025-08-06,-57.5,niedrig,175.3881924833333,Hirschgarten,10
4816,8004179,West,2025-08-12 21:18:00.623980+00:00,4,2025-08-12,0.0,mittel,1.03e-05,Hirschgarten,21
4817,8004179,West,2025-08-13 03:13:49.018898+00:00,13,2025-08-13,158.0,hoch,132.19718763333333,Hirschgarten,3
4822,8004179,West,2025-08-20 20:55:47.348413+00:00,18,2025-08-20,213.75,hoch,41.0548221,Hirschgarten,20
4824,8004179,West,2025-08-21 13:49:04.441283+00:00,3,2025-08-21,76.25,mittel,45.64275873333334,Hirschgarten,13
4830,8004179,West,2025-08-28 18:16:14.680898+00:00,14,2025-08-28,375.0,hoch,32.9297687,Hirschgarten,18
4832,8004179,West,2025-08-30 20:16:27.533283+00:00,5,2025-08-30,,,0.004890149999999999,Hirschgarten,20
4833,8004179,West,2025-09-01 12:17:58.257049+00:00,8,2025-09-01,-54.0,niedrig,0.010487366666666666,Hirschgarten,12
4841,8004179,West,2025-09-06 16:45:42.829106+00:00,3,2025-09-06,287.5,hoch,35.08922881666667,Hirschgarten,16
4842,8004179,West,2025-09-07 10:23:00.252185+00:00,10,2025-09-07,570.0,hoch,37.16435356666667,Hirschgarten,10
4844,8004179,West,2025-09-08 06:00:05.384920+00:00,4,2025-09-08,-141.1111111111111,niedrig,32.78668461666667,Hirschgarten,6
4847,8004179,West,2025-09-08 11:37:14.696392+00:00,21,2025-09-08,147.0,mittel,55.043930950000004,Hirschgarten,11
4850,8004179,West,2025-09-29 15:44:00.166304+00:00,9,2025-09-29,,,24.02952985,Hirschgarten,15
4852,8004179,West,2025-09-29 20:18:01.569900+00:00,106,2025-09-29,1540.0,hoch,21.9606154,Hirschgarten,20
4853,8004179,West,2025-10-04 10:40:38.308571+00:00,48,2025-10-04,,,133.9953463,Hirschgarten,10
4855,8004179,West,2025-10-06 12:17:52.444768+00:00,45,2025-10-06,161.1111111111111,hoch,28.022857466666668,Hirschgarten,12
4861,8004179,West,2025-10-08 09:02:08.945246+00:00,3,2025-10-08,-100.0,niedrig,21.96909948333333,Hirschgarten,9
4862,8004179,West,2025-10-08 14:16:11.059179+00:00,3,2025-10-08,163.88888888888889,hoch,0.00254835,Hirschgarten,14
4867,8004179,West,2025-10-14 10:17:42.357028+00:00,36,2025-10-14,116.66666666666669,mittel,0.13946933333333333,Hirschgarten,10
4870,8004179,West,2025-10-14 18:47:59.339927+00:00,6,2025-10-14,1865.0,hoch,15.99407825,Hirschgarten,18
4875,8004179,West,2025-10-15 12:57:55.349319+00:00,3,2025-10-15,-150.0,niedrig,10.001893066666666,Hirschgarten,12
4878,8004179,West,2025-10-15 20:16:51.752278+00:00,5,2025-10-15,221.25,hoch,13.973967316666666,Hirschgarten,20
4884,8004179,West,2025-10-23 07:50:17.909610+00:00,5,2025-10-23,875.5555555555555,hoch,18.197990816666668,Hirschgarten,7
4886,8004179,West,2025-10-28 17:17:03.702681+00:00,31,2025-10-28,1078.5714285714284,hoch,64.20806631666667,Hirschgarten,17
4889,8004179,West,2025-11-10 05:30:32.679360+00:00,3,2025-11-10,81.5,mittel,8.0027677,Hirschgarten,5
4899,8004179,West,2025-11-10 21:55:23.762568+00:00,4,2025-11-10,505.7142857142857,hoch,18.001307100000002,Hirschgarten,21
4900,8004179,West,2025-11-11 09:17:26.094301+00:00,40,2025-11-11,211.66666666666663,hoch,0.05067331666666666,Hirschgarten,9
4901,8004179,West,2025-11-11 18:22:12.792691+00:00,10,2025-11-11,,,0.0066282500000000005,Hirschgarten,18
4902,8004179,West,2025-11-11 23:00:27.939590+00:00,53,2025-11-11,,,16.01231375,Hirschgarten,23
4905,8004179,West,2025-11-12 05:17:45.846810+00:00,3,2025-11-12,406.0,hoch,6.01667905,Hirschgarten,5
4909,8004179,West,2025-11-12 12:22:12.018495+00:00,41,2025-11-12,887.1428571428571,hoch,65.9989731,Hirschgarten,12
4911,8004179,West,2025-11-12 22:16:15.853572+00:00,9,2025-11-12,,,0.00862575,Hirschgarten,22
4913,8004179,West,2025-11-13 05:14:29.394496+00:00,6,2025-11-13,-162.22222222222223,niedrig,2.026941566666667,Hirschgarten,5
4934,8004179,West,2025-11-17 04:16:07.436465+00:00,3,2025-11-17,-66.66666666666666,niedrig,0.00144,Hirschgarten,4
4943,8004179,West,2025-11-18 01:16:49.774708+00:00,3,2025-11-18,,,0.0004425,Hirschgarten,1
4946,8004179,West,2025-11-18 09:04:57.908199+00:00,15,2025-11-18,-17.142857142857167,mittel,40.00310325,Hirschgarten,9
4956,8004179,West,2025-11-19 15:17:24.526182+00:00,13,2025-11-19,-143.75,niedrig,11.99238995,Hirschgarten,15
4961,8004179,West,2025-11-20 10:18:03.262672+00:00,50,2025-11-20,-136.66666666666669,niedrig,19.930697633333335,Hirschgarten,10
4967,8004179,West,2025-11-22 22:16:30.843242+00:00,11,2025-11-22,-24.0,mittel,0.01556505,Hirschgarten,22
4976,8004179,West,2025-11-26 13:18:08.118347+00:00,6,2025-11-26,133.33333333333331,mittel,39.99262111666667,Hirschgarten,13
4977,8004179,West,2025-11-30 08:42:35.984936+00:00,3,2025-11-30,280.0,hoch,13.993663433333333,Hirschgarten,8
4978,8004179,West,2025-12-02 07:04:09.362450+00:00,13,2025-12-02,-114.28571428571428,niedrig,106.05997803333334,Hirschgarten,7
4979,8004179,West,2025-12-04 15:16:48.686339+00:00,3,2025-12-04,96.66666666666669,mittel,7.960659183333333,Hirschgarten,15
4984,8004179,West,2025-12-10 09:51:47.850438+00:00,13,2025-12-10,1137.5,hoch,73.99411773333333,Hirschgarten,9
4986,8004179,West,2025-12-10 17:17:59.226394+00:00,10,2025-12-10,96.0,mittel,19.976517349999998,Hirschgarten,17
4988,8004179,West,2025-12-11 17:16:58.031623+00:00,9,2025-12-11,-95.0,niedrig,0.017940750000000002,Hirschgarten,17
4991,8004179,West,2025-12-16 08:02:46.420611+00:00,5,2025-12-16,-70.0,niedrig,14.151211216666667,Hirschgarten,8
4994,8004179,West,2025-12-18 10:16:14.749446+00:00,14,2025-12-18,-153.33333333333337,niedrig,36.034398450000005,Hirschgarten,10
4996,8004179,West,2025-12-18 16:06:24.490991+00:00,4,2025-12-18,80.71428571428572,mittel,18.00511775,Hirschgarten,16
4999,8004179,West,2025-12-20 11:49:28.239054+00:00,3,2025-12-20,-88.33333333333334,niedrig,5.997564016666667,Hirschgarten,11
5001,8004179,West,2025-12-21 06:33:59.163678+00:00,10,2025-12-21,135.0,mittel,55.99713856666666,Hirschgarten,6
5004,8004179,West,2025-12-27 17:21:21.801139+00:00,3,2025-12-27,-26.666666666666686,mittel,17.996955866666667,Hirschgarten,17
5005,8004179,West,2025-12-29 07:31:20.776415+00:00,3,2025-12-29,257.5,hoch,3.9598600333333334,Hirschgarten,7
5008,8004179,West,2025-12-30 08:02:40.516683+00:00,7,2025-12-30,-232.0,niedrig,61.98816993333333,Hirschgarten,8
5010,8004179,West,2025-12-30 15:00:40.590703+00:00,3,2025-12-30,-256.0,niedrig,21.991164533333333,Hirschgarten,15
4539,8004179,Ost,2025-01-05 15:17:54.182799+00:00,6,2025-01-05,-58.33333333333334,niedrig,0.0037317166666666667,Hirschgarten,15
4544,8004179,Ost,2025-01-09 19:13:30.916591+00:00,3,2025-01-09,698.75,hoch,19.995788116666667,Hirschgarten,19
4546,8004179,Ost,2025-01-10 14:15:16.390266+00:00,26,2025-01-10,88.57142857142856,mittel,0.0103234,Hirschgarten,14
4547,8004179,Ost,2025-01-12 23:03:59.463576+00:00,4,2025-01-12,505.0,hoch,9.999673616666666,Hirschgarten,23
4548,8004179,Ost,2025-01-13 18:11:42.233420+00:00,15,2025-01-13,,,0.00020701666666666667,Hirschgarten,18
4549,8004179,Ost,2025-01-15 04:53:34.037365+00:00,4,2025-01-15,947.5,hoch,5.983679716666667,Hirschgarten,4
4553,8004179,Ost,2025-01-20 10:53:04.955039+00:00,4,2025-01-20,5.0,mittel,19.991576266666666,Hirschgarten,10
4554,8004179,Ost,2025-01-21 09:45:36.838220+00:00,19,2025-01-21,-47.14285714285714,niedrig,23.50542805,Hirschgarten,9
4563,8004179,Ost,2025-01-24 22:21:04.688038+00:00,4,2025-01-24,92.85714285714286,mittel,21.999580033333334,Hirschgarten,22
4564,8004179,Ost,2025-01-27 22:17:58.781014+00:00,4,2025-01-27,,,23.48972985,Hirschgarten,22
4568,8004179,Ost,2025-02-04 09:17:04.305108+00:00,9,2025-02-04,-59.375,niedrig,0.0006703666666666667,Hirschgarten,9
4569,8004179,Ost,2025-02-07 11:12:41.150912+00:00,6,2025-02-07,837.7777777777778,hoch,22.010869566666667,Hirschgarten,11
4572,8004179,Ost,2025-02-08 05:17:04.909617+00:00,3,2025-02-08,967.0,hoch,13.6399427,Hirschgarten,5
4573,8004179,Ost,2025-02-09 09:16:47.345461+00:00,43,2025-02-09,172.0,hoch,15.875707116666666,Hirschgarten,9
4574,8004179,Ost,2025-02-12 10:17:04.457799+00:00,15,2025-02-12,-136.11111111111111,niedrig,0.0056586,Hirschgarten,10
4575,8004179,Ost,2025-02-13 04:28:40.393524+00:00,3,2025-02-13,429.0,hoch,6.0134576,Hirschgarten,4
4581,8004179,Ost,2025-02-14 09:49:23.649868+00:00,3,2025-02-14,506.25,hoch,0.00228305,Hirschgarten,9
4583,8004179,Ost,2025-02-14 22:45:23.685139+00:00,71,2025-02-14,-175.55555555555554,niedrig,80.45485743333333,Hirschgarten,22
4585,8004179,Ost,2025-02-16 08:55:56.649301+00:00,6,2025-02-16,-24.0,mittel,31.952864783333332,Hirschgarten,8
4592,8004179,Ost,2025-02-19 08:15:52.748793+00:00,4,2025-02-19,246.0,hoch,20.008868866666667,Hirschgarten,8
4594,8004179,Ost,2025-02-20 15:17:55.515615+00:00,8,2025-02-20,87.0,mittel,0.0064692,Hirschgarten,15
4597,8004179,Ost,2025-02-25 14:19:52.569276+00:00,3,2025-02-25,-82.5,niedrig,7.9996184,Hirschgarten,14
4602,8004179,Ost,2025-03-04 11:24:19.577654+00:00,9,2025-03-04,-36.0,niedrig,75.99262186666667,Hirschgarten,11
4605,8004179,Ost,2025-03-05 08:16:25.945971+00:00,15,2025-03-05,-46.5,niedrig,0.008142266666666667,Hirschgarten,8
4608,8004179,Ost,2025-03-06 11:48:53.881342+00:00,3,2025-03-06,-100.0,niedrig,22.126155083333334,Hirschgarten,11
4614,8004179,Ost,2025-03-14 06:11:03.272425+00:00,3,2025-03-14,-108.75,niedrig,12.002958150000001,Hirschgarten,6
4615,8004179,Ost,2025-03-17 04:41:02.183285+00:00,15,2025-03-17,-127.5,niedrig,42.070313283333334,Hirschgarten,4
4619,8004179,Ost,2025-03-19 14:43:12.361230+00:00,5,2025-03-19,54.0,mittel,10.205405116666666,Hirschgarten,14
4620,8004179,Ost,2025-03-20 06:06:13.159584+00:00,3,2025-03-20,523.3333333333334,hoch,14.4607435,Hirschgarten,6
4622,8004179,Ost,2025-03-24 08:40:49.400752+00:00,6,2025-03-24,-82.5,niedrig,25.931609466666664,Hirschgarten,8
4628,8004179,Ost,2025-04-02 17:16:28.824320+00:00,4,2025-04-02,-141.875,niedrig,0.009445,Hirschgarten,17
4630,8004179,Ost,2025-04-10 12:53:37.103820+00:00,4,2025-04-10,387.77777777777777,hoch,13.686503016666668,Hirschgarten,12
4633,8004179,Ost,2025-04-16 15:18:04.848095+00:00,16,2025-04-16,185.0,hoch,99.10919255,Hirschgarten,15
4637,8004179,Ost,2025-04-17 14:16:38.530103+00:00,4,2025-04-17,,,0.0165963,Hirschgarten,14
4638,8004179,Ost,2025-04-22 12:59:57.280543+00:00,43,2025-04-22,462.5,hoch,115.01355293333333,Hirschgarten,12
4639,8004179,Ost,2025-04-22 21:17:58.904768+00:00,4,2025-04-22,,,0.005494916666666667,Hirschgarten,21
4641,8004179,Ost,2025-04-26 06:34:14.127409+00:00,4,2025-04-26,-30.625,mittel,12.0029093,Hirschgarten,6
4642,8004179,Ost,2025-04-27 06:17:47.979193+00:00,13,2025-04-27,250.0,hoch,0.004613616666666666,Hirschgarten,6
4644,8004179,Ost,2025-04-27 21:13:14.027443+00:00,44,2025-04-27,410.0,hoch,156.15141793333333,Hirschgarten,21
4645,8004179,Ost,2025-04-28 13:16:26.719043+00:00,5,2025-04-28,-57.5,niedrig,11.414654899999999,Hirschgarten,13
4647,8004179,Ost,2025-04-29 07:53:13.214996+00:00,39,2025-04-29,180.375,hoch,101.68324183333334,Hirschgarten,7
4648,8004179,Ost,2025-04-29 21:17:56.174087+00:00,3,2025-04-29,-158.75,niedrig,0.04069045,Hirschgarten,21
4650,8004179,Ost,2025-05-01 13:57:46.825606+00:00,6,2025-05-01,41.66666666666667,mittel,27.887068333333332,Hirschgarten,13
4653,8004179,Ost,2025-05-04 12:26:07.438549+00:00,134,2025-05-04,53.33333333333333,mittel,358.8424384666667,Hirschgarten,12
4654,8004179,Ost,2025-05-04 23:01:22.690202+00:00,15,2025-05-04,,,0.06702374999999999,Hirschgarten,23
4656,8004179,Ost,2025-05-05 16:10:22.029789+00:00,3,2025-05-05,-28.5,mittel,21.407337666666667,Hirschgarten,16
4657,8004179,Ost,2025-05-05 20:47:16.602148+00:00,6,2025-05-05,37.5,mittel,30.191600783333335,Hirschgarten,20
4658,8004179,Ost,2025-05-08 04:45:41.758432+00:00,3,2025-05-08,75.55555555555556,mittel,8.112681616666666,Hirschgarten,4
4660,8004179,Ost,2025-05-09 05:13:30.299420+00:00,13,2025-05-09,-46.5,niedrig,39.65861471666666,Hirschgarten,5
4662,8004179,Ost,2025-05-19 12:32:27.521114+00:00,3,2025-05-19,-119.0,niedrig,18.445841716666667,Hirschgarten,12
4665,8004179,Ost,2025-05-21 16:11:54.259747+00:00,16,2025-05-21,452.0,hoch,34.62482883333333,Hirschgarten,16
4669,8004179,Ost,2025-05-26 04:09:22.659073+00:00,11,2025-05-26,-78.0,niedrig,50.82330075,Hirschgarten,4
4672,8004179,Ost,2025-05-28 08:29:50.135832+00:00,4,2025-05-28,-83.57142857142856,niedrig,22.376726066666667,Hirschgarten,8
4676,8004179,Ost,2025-06-03 04:16:53.314570+00:00,13,2025-06-03,-61.0,niedrig,104.26869,Hirschgarten,4
4677,8004179,Ost,2025-06-03 20:16:18.694058+00:00,6,2025-06-03,-172.5,niedrig,0.15396859999999998,Hirschgarten,20
4679,8004179,Ost,2025-06-08 12:06:45.159518+00:00,3,2025-06-08,1293.75,hoch,21.048795700000003,Hirschgarten,12
4680,8004179,Ost,2025-06-10 10:44:22.474692+00:00,3,2025-06-10,1632.5,hoch,12.415595966666666,Hirschgarten,10
4685,8004179,Ost,2025-06-16 04:55:59.117148+00:00,3,2025-06-16,-38.5,niedrig,27.205540783333333,Hirschgarten,4
4686,8004179,Ost,2025-06-16 09:16:49.470142+00:00,14,2025-06-16,114.5,mittel,5.431339383333333,Hirschgarten,9
4688,8004179,Ost,2025-06-18 22:29:13.861866+00:00,5,2025-06-18,,,23.704896299999998,Hirschgarten,22
4705,8004179,Ost,2025-06-22 10:59:16.934194+00:00,11,2025-06-22,156.875,mittel,46.76874133333333,Hirschgarten,10
4711,8004179,Ost,2025-06-24 20:05:54.620939+00:00,3,2025-06-24,-17.0,mittel,17.760656583333333,Hirschgarten,20
4714,8004179,Ost,2025-06-26 12:12:01.325735+00:00,4,2025-06-26,31.5,mittel,0.015978933333333334,Hirschgarten,12
4715,8004179,Ost,2025-06-27 02:31:36.261659+00:00,14,2025-06-27,,,0.06694438333333334,Hirschgarten,2
4722,8004179,Ost,2025-06-27 18:52:00.865996+00:00,12,2025-06-27,-75.5,niedrig,137.19785943333332,Hirschgarten,18
4725,8004179,Ost,2025-06-30 08:50:10.151172+00:00,8,2025-06-30,-141.875,niedrig,35.55727428333333,Hirschgarten,8
4729,8004179,Ost,2025-07-01 14:13:13.038122+00:00,5,2025-07-01,176.66666666666669,hoch,19.178799933333334,Hirschgarten,14
4731,8004179,Ost,2025-07-02 06:16:52.087189+00:00,83,2025-07-02,-53.5,niedrig,195.420826,Hirschgarten,6
4734,8004179,Ost,2025-07-02 22:17:53.311976+00:00,4,2025-07-02,,,0.004901266666666667,Hirschgarten,22
4739,8004179,Ost,2025-07-03 14:18:11.679997+00:00,3,2025-07-03,-75.0,niedrig,0.004460583333333334,Hirschgarten,14
4740,8004179,Ost,2025-07-03 23:17:54.868068+00:00,3,2025-07-03,,,0.004655266666666667,Hirschgarten,23
4744,8004179,Ost,2025-07-05 16:23:14.885367+00:00,3,2025-07-05,-160.0,niedrig,13.692934933333333,Hirschgarten,16
4754,8004179,Ost,2025-07-08 20:17:00.558740+00:00,7,2025-07-08,,,9.602166433333334,Hirschgarten,20
4757,8004179,Ost,2025-07-09 09:58:21.890258+00:00,5,2025-07-09,-125.55555555555554,niedrig,77.49142833333333,Hirschgarten,9
4758,8004179,Ost,2025-07-10 03:35:44.378982+00:00,15,2025-07-10,-211.25,niedrig,172.45541521666667,Hirschgarten,3
4764,8004179,Ost,2025-07-12 12:51:05.699304+00:00,4,2025-07-12,56.875,mittel,27.9387868,Hirschgarten,12
4773,8004179,Ost,2025-07-17 14:09:14.791434+00:00,4,2025-07-17,669.0,hoch,15.7584608,Hirschgarten,14
4774,8004179,Ost,2025-07-17 18:16:04.922472+00:00,5,2025-07-17,-209.5,niedrig,4.053856333333333,Hirschgarten,18
4782,8004179,Ost,2025-07-21 13:17:31.920657+00:00,10,2025-07-21,-68.0,niedrig,0.039300383333333334,Hirschgarten,13
4784,8004179,Ost,2025-07-23 09:16:51.934266+00:00,6,2025-07-23,,,0.031073466666666667,Hirschgarten,9
4786,8004179,Ost,2025-07-24 13:21:33.706700+00:00,4,2025-07-24,205.0,hoch,45.568046933333335,Hirschgarten,13
4792,8004179,Ost,2025-08-01 08:35:04.635833+00:00,4,2025-08-01,-166.66666666666666,niedrig,8.597133916666667,Hirschgarten,8
4797,8004179,Ost,2025-08-01 20:48:32.512388+00:00,66,2025-08-01,1077.142857142857,hoch,30.345602166666666,Hirschgarten,20
4800,8004179,Ost,2025-08-03 12:39:05.930049+00:00,4,2025-08-03,176.25,hoch,11.254417483333333,Hirschgarten,12
4802,8004179,Ost,2025-08-04 07:34:02.730821+00:00,4,2025-08-04,511.5,hoch,14.199473566666667,Hirschgarten,7
4803,8004179,Ost,2025-08-05 09:38:46.480226+00:00,4,2025-08-05,198.5,hoch,12.274563583333332,Hirschgarten,9
4806,8004179,Ost,2025-08-06 04:17:01.843895+00:00,7,2025-08-06,-40.0,niedrig,9.974907816666667,Hirschgarten,4
4812,8004179,Ost,2025-08-10 10:52:21.438682+00:00,4,2025-08-10,1309.5,hoch,14.592105033333333,Hirschgarten,10
4813,8004179,Ost,2025-08-11 08:07:26.045728+00:00,4,2025-08-11,122.22222222222223,mittel,23.804109966666665,Hirschgarten,8
4818,8004179,Ost,2025-08-15 17:48:57.173750+00:00,4,2025-08-15,-55.55555555555556,niedrig,1.9130790833333333,Hirschgarten,17
4819,8004179,Ost,2025-08-16 11:17:54.260370+00:00,17,2025-08-16,83.33333333333334,mittel,0.00022505,Hirschgarten,11
4820,8004179,Ost,2025-08-18 04:56:44.466492+00:00,42,2025-08-18,261.1111111111111,hoch,242.86519088333336,Hirschgarten,4
4821,8004179,Ost,2025-08-19 04:17:20.249651+00:00,11,2025-08-19,-68.0,niedrig,62.16615288333333,Hirschgarten,4
4825,8004179,Ost,2025-08-21 20:09:21.804583+00:00,9,2025-08-21,136.66666666666669,mittel,0.0021027666666666666,Hirschgarten,20
4828,8004179,Ost,2025-08-27 14:17:08.939345+00:00,4,2025-08-27,-74.0,niedrig,3.5491136,Hirschgarten,14
4831,8004179,Ost,2025-08-29 10:29:36.965453+00:00,3,2025-08-29,-42.0,niedrig,12.095298733333333,Hirschgarten,10
4840,8004179,Ost,2025-09-06 16:17:24.873493+00:00,5,2025-09-06,7.5,mittel,12.119465516666667,Hirschgarten,16
4843,8004179,Ost,2025-09-07 11:33:03.852846+00:00,4,2025-09-07,0.0,mittel,18.398896933333333,Hirschgarten,11
4846,8004179,Ost,2025-09-08 10:39:25.172024+00:00,4,2025-09-08,350.0,hoch,38.52189238333334,Hirschgarten,10
4848,8004179,Ost,2025-09-08 15:17:42.089385+00:00,15,2025-09-08,861.0,hoch,0.04618638333333333,Hirschgarten,15
4849,8004179,Ost,2025-09-18 14:41:58.229745+00:00,9,2025-09-18,9.0,mittel,18.344836466666667,Hirschgarten,14
4851,8004179,Ost,2025-09-29 20:02:00.516394+00:00,10,2025-09-29,-42.5,niedrig,0.028130733333333335,Hirschgarten,20
4854,8004179,Ost,2025-10-04 14:16:39.230342+00:00,4,2025-10-04,21.666666666666657,mittel,13.995816733333333,Hirschgarten,14
4856,8004179,Ost,2025-10-06 13:03:53.504803+00:00,9,2025-10-06,40.5,mittel,40.017045700000004,Hirschgarten,13
4860,8004179,Ost,2025-10-08 08:26:07.337516+00:00,3,2025-10-08,-131.25,niedrig,14.001086616666667,Hirschgarten,8
4863,8004179,Ost,2025-10-10 13:03:05.400645+00:00,5,2025-10-10,,,30.000674383333333,Hirschgarten,13
4874,8004179,Ost,2025-10-15 09:29:35.568566+00:00,156,2025-10-15,428.75,hoch,118.2959168,Hirschgarten,9
4876,8004179,Ost,2025-10-15 18:16:42.416979+00:00,8,2025-10-15,0.0,mittel,16.063272933333334,Hirschgarten,18
4879,8004179,Ost,2025-10-16 15:16:55.648001+00:00,6,2025-10-16,-173.125,niedrig,29.986200450000002,Hirschgarten,15
4883,8004179,Ost,2025-10-23 06:50:11.894657+00:00,30,2025-10-23,52.85714285714286,mittel,26.051755449999998,Hirschgarten,6
4887,8004179,Ost,2025-10-28 19:17:20.330582+00:00,4,2025-10-28,-16.666666666666657,mittel,0.013712483333333332,Hirschgarten,19
4888,8004179,Ost,2025-10-29 13:17:04.004141+00:00,10,2025-10-29,-135.5,niedrig,36.203747316666664,Hirschgarten,13
4893,8004179,Ost,2025-11-10 10:16:55.578129+00:00,97,2025-11-10,650.625,hoch,52.015112916666666,Hirschgarten,10
4898,8004179,Ost,2025-11-10 21:25:28.016145+00:00,23,2025-11-10,94.28571428571429,mittel,0.004894933333333334,Hirschgarten,21
4907,8004179,Ost,2025-11-12 09:16:05.734087+00:00,12,2025-11-12,79.0,mittel,16.0165395,Hirschgarten,9
4912,8004179,Ost,2025-11-12 23:00:28.658492+00:00,17,2025-11-12,-280.0,niedrig,0.023232816666666666,Hirschgarten,23
4914,8004179,Ost,2025-11-13 06:12:28.894204+00:00,3,2025-11-13,551.0,hoch,0.0008885666666666667,Hirschgarten,6
4915,8004179,Ost,2025-11-13 15:16:37.565079+00:00,65,2025-11-13,63.0,mittel,2.093570816666667,Hirschgarten,15
4917,8004179,Ost,2025-11-14 01:17:21.230884+00:00,4,2025-11-14,,,0.0024817333333333334,Hirschgarten,1
4935,8004179,Ost,2025-11-17 05:16:07.872007+00:00,3,2025-11-17,-22.85714285714286,mittel,0.0007234,Hirschgarten,5
4936,8004179,Ost,2025-11-17 12:08:56.911915+00:00,10,2025-11-17,-63.75,niedrig,0.014791233333333332,Hirschgarten,12
4939,8004179,Ost,2025-11-17 16:46:06.573435+00:00,6,2025-11-17,2.0,mittel,82.01462496666666,Hirschgarten,16
4942,8004179,Ost,2025-11-18 00:16:49.825062+00:00,5,2025-11-18,-80.0,niedrig,25.984644166666666,Hirschgarten,0
4947,8004179,Ost,2025-11-18 12:11:05.709371+00:00,6,2025-11-18,-105.0,niedrig,6.19111675,Hirschgarten,12
4948,8004179,Ost,2025-11-18 16:16:42.126411+00:00,5,2025-11-18,137.77777777777777,mittel,0.007663433333333333,Hirschgarten,16
4950,8004179,Ost,2025-11-18 23:17:17.023239+00:00,4,2025-11-18,90.0,mittel,0.002477616666666667,Hirschgarten,23
4960,8004179,Ost,2025-11-20 07:17:58.170691+00:00,3,2025-11-20,-46.428571428571445,niedrig,7.97070875,Hirschgarten,7
4962,8004179,Ost,2025-11-20 22:16:26.907459+00:00,30,2025-11-20,-32.5,niedrig,0.01982301666666667,Hirschgarten,22
4964,8004179,Ost,2025-11-21 13:35:33.895547+00:00,4,2025-11-21,132.0,mittel,28.093454416666667,Hirschgarten,13
4966,8004179,Ost,2025-11-22 05:00:08.277954+00:00,34,2025-11-22,,,16.006064233333333,Hirschgarten,5
4972,8004179,Ost,2025-11-23 13:16:50.374237+00:00,10,2025-11-23,186.0,hoch,69.99347163333333,Hirschgarten,13
4973,8004179,Ost,2025-11-24 08:16:50.922724+00:00,6,2025-11-24,338.125,hoch,0.01561225,Hirschgarten,8
4974,8004179,Ost,2025-11-24 19:17:27.659639+00:00,11,2025-11-24,213.33333333333331,hoch,0.060750533333333336,Hirschgarten,19
4980,8004179,Ost,2025-12-05 06:53:21.431158+00:00,4,2025-12-05,620.0,hoch,18.00224893333333,Hirschgarten,6
4982,8004179,Ost,2025-12-06 19:16:33.453805+00:00,4,2025-12-06,-82.5,niedrig,0.00285625,Hirschgarten,19
4983,8004179,Ost,2025-12-10 07:11:48.550083+00:00,6,2025-12-10,2520.0,hoch,11.994017483333332,Hirschgarten,7
4985,8004179,Ost,2025-12-10 12:17:50.714340+00:00,84,2025-12-10,-128.57142857142858,niedrig,29.973033283333333,Hirschgarten,12
4989,8004179,Ost,2025-12-11 21:49:27.185241+00:00,7,2025-12-11,82.5,mittel,40.37545048333333,Hirschgarten,21
4990,8004179,Ost,2025-12-14 17:12:25.000701+00:00,13,2025-12-14,1328.0,hoch,9.999761816666668,Hirschgarten,17
4992,8004179,Ost,2025-12-16 14:17:49.363329+00:00,11,2025-12-16,-28.57142857142857,mittel,0.02699895,Hirschgarten,14
4993,8004179,Ost,2025-12-17 08:17:01.159303+00:00,63,2025-12-17,193.0,hoch,120.00731795,Hirschgarten,8
4998,8004179,Ost,2025-12-20 11:27:28.225576+00:00,4,2025-12-20,-15.0,mittel,2.0137872333333333,Hirschgarten,11
5000,8004179,Ost,2025-12-20 20:13:28.256492+00:00,3,2025-12-20,110.0,mittel,26.004074783333333,Hirschgarten,20
5002,8004179,Ost,2025-12-21 07:47:59.660728+00:00,3,2025-12-21,61.42857142857143,mittel,29.997847133333334,Hirschgarten,7
5003,8004179,Ost,2025-12-27 16:17:24.882790+00:00,9,2025-12-27,210.0,hoch,23.95052816666667,Hirschgarten,16
5006,8004179,Ost,2025-12-29 08:13:18.311205+00:00,34,2025-12-29,-30.0,mittel,32.003113066666664,Hirschgarten,8
5007,8004179,Ost,2025-12-30 05:38:40.006597+00:00,42,2025-12-30,60.0,mittel,127.99802464999999,Hirschgarten,5
5009,8004179,Ost,2025-12-30 12:46:39.515698+00:00,7,2025-12-30,0.0,mittel,82.00654745,Hirschgarten,12
5013,8004179,Ost,2025-12-30 21:16:44.896597+00:00,4,2025-12-30,-70.0,niedrig,11.973606116666668,Hirschgarten,21
5014,8004179,Ost,2025-12-31 08:16:50.766634+00:00,7,2025-12-31,-150.0,niedrig,8.00606125,Hirschgarten,8
5015,8098263,West,2025-01-04 14:55:52.520415+00:00,3,2025-01-04,-30.0,mittel,8.034577316666667,Hauptbahnhof (tief),14
5017,8098263,West,2025-01-05 17:57:53.041790+00:00,67,2025-01-05,1088.0,hoch,106.00179419999999,Hauptbahnhof (tief),17
5018,8098263,West,2025-01-07 08:17:55.862425+00:00,11,2025-01-07,-46.666666666666686,niedrig,0.00215875,Hauptbahnhof (tief),8
5023,8098263,West,2025-01-10 14:15:13.472143+00:00,23,2025-01-10,-215.0,niedrig,5.1116038,Hauptbahnhof (tief),14
5027,8098263,West,2025-01-15 19:17:31.029702+00:00,37,2025-01-15,-206.66666666666669,niedrig,25.8779358,Hauptbahnhof (tief),19
5033,8098263,West,2025-01-22 08:11:25.639892+00:00,31,2025-01-22,617.1428571428571,hoch,179.97740936666665,Hauptbahnhof (tief),8
5034,8098263,West,2025-01-22 19:17:30.781071+00:00,5,2025-01-22,333.3333333333333,hoch,0.00027088333333333335,Hauptbahnhof (tief),19
5035,8098263,West,2025-01-23 10:21:24.307985+00:00,4,2025-01-23,-191.66666666666669,niedrig,26.009081233333333,Hauptbahnhof (tief),10
5041,8098263,West,2025-01-30 12:16:58.393727+00:00,17,2025-01-30,,,19.819885183333334,Hauptbahnhof (tief),12
5042,8098263,West,2025-02-03 15:07:00.788492+00:00,7,2025-02-03,-97.77777777777777,niedrig,14.0042239,Hauptbahnhof (tief),15
5045,8098263,West,2025-02-07 13:31:01.183720+00:00,3,2025-02-07,113.33333333333331,mittel,29.983913649999998,Hauptbahnhof (tief),13
5050,8098263,West,2025-02-13 16:13:43.864338+00:00,10,2025-02-13,611.25,hoch,68.05510996666666,Hauptbahnhof (tief),16
5054,8098263,West,2025-02-14 08:17:47.107221+00:00,39,2025-02-14,294.44444444444446,hoch,11.95012935,Hauptbahnhof (tief),8
5056,8098263,West,2025-02-14 22:17:48.061214+00:00,124,2025-02-14,,,110.34636098333334,Hauptbahnhof (tief),22
5057,8098263,West,2025-02-15 08:16:11.758619+00:00,3,2025-02-15,-225.0,niedrig,21.9876472,Hauptbahnhof (tief),8
5059,8098263,West,2025-02-16 12:34:10.192954+00:00,104,2025-02-16,15.0,mittel,142.02199844999998,Hauptbahnhof (tief),12
5060,8098263,West,2025-02-18 16:32:17.313228+00:00,4,2025-02-18,46.0,mittel,27.928366999999998,Hauptbahnhof (tief),16
5061,8098263,West,2025-02-18 21:16:13.686702+00:00,3,2025-02-18,,,7.8e-06,Hauptbahnhof (tief),21
5063,8098263,West,2025-02-19 05:20:13.071426+00:00,45,2025-02-19,138.88888888888889,mittel,195.99472876666667,Hauptbahnhof (tief),5
5064,8098263,West,2025-02-20 10:46:11.768851+00:00,9,2025-02-20,319.0,hoch,20.001816016666666,Hauptbahnhof (tief),10
5066,8098263,West,2025-02-23 12:04:12.053636+00:00,10,2025-02-23,,,67.99305131666667,Hauptbahnhof (tief),12
5067,8098263,West,2025-02-23 22:16:13.887406+00:00,22,2025-02-23,-297.8571428571429,niedrig,13.972036433333333,Hauptbahnhof (tief),22
5069,8098263,West,2025-02-25 14:56:12.687728+00:00,3,2025-02-25,159.0,hoch,2.00508475,Hauptbahnhof (tief),14
5070,8098263,West,2025-02-26 08:58:13.502807+00:00,4,2025-02-26,1573.5,hoch,21.961273233333333,Hauptbahnhof (tief),8
5074,8098263,West,2025-03-04 14:16:39.995100+00:00,4,2025-03-04,-130.0,niedrig,7.990525533333334,Hauptbahnhof (tief),14
5076,8098263,West,2025-03-05 22:16:46.775414+00:00,3,2025-03-05,,,0.012742583333333333,Hauptbahnhof (tief),22
5077,8098263,West,2025-03-07 18:17:17.638164+00:00,4,2025-03-07,-263.3333333333333,niedrig,3.985e-05,Hauptbahnhof (tief),18
5080,8098263,West,2025-03-08 19:45:13.259441+00:00,9,2025-03-08,-52.22222222222223,niedrig,70.0009723,Hauptbahnhof (tief),19
5081,8098263,West,2025-03-12 14:17:18.437301+00:00,14,2025-03-12,-274.44444444444446,niedrig,0.0019539,Hauptbahnhof (tief),14
5088,8098263,West,2025-03-17 09:01:22.624403+00:00,8,2025-03-17,-127.0,niedrig,0.0004111166666666667,Hauptbahnhof (tief),9
5092,8098263,West,2025-03-20 06:10:34.128823+00:00,4,2025-03-20,-158.0,niedrig,8.853533466666667,Hauptbahnhof (tief),6
5093,8098263,West,2025-03-22 20:06:53.633830+00:00,3,2025-03-22,-190.0,niedrig,23.709430049999998,Hauptbahnhof (tief),20
5095,8098263,West,2025-03-24 08:08:14.428685+00:00,6,2025-03-24,-14.599999999999994,mittel,35.4931431,Hauptbahnhof (tief),8
5097,8098263,West,2025-03-25 05:46:43.048242+00:00,21,2025-03-25,224.0,hoch,90.09454476666666,Hauptbahnhof (tief),5
5098,8098263,West,2025-03-26 19:57:11.915932+00:00,3,2025-03-26,177.0,hoch,17.967210566666665,Hauptbahnhof (tief),19
5101,8098263,West,2025-03-31 10:17:11.280915+00:00,11,2025-03-31,150.0,mittel,0.0157038,Hauptbahnhof (tief),10
5103,8098263,West,2025-04-03 13:18:09.208656+00:00,3,2025-04-03,,,0.34644648333333333,Hauptbahnhof (tief),13
5104,8098263,West,2025-04-08 03:54:48.643392+00:00,13,2025-04-08,456.25,hoch,88.10317393333334,Hauptbahnhof (tief),3
5107,8098263,West,2025-04-15 04:36:47.725131+00:00,4,2025-04-15,1156.0,hoch,11.357500116666667,Hauptbahnhof (tief),4
5108,8098263,West,2025-04-16 11:17:20.076169+00:00,3,2025-04-16,105.0,mittel,3.9789180833333333,Hauptbahnhof (tief),11
5113,8098263,West,2025-04-17 13:17:49.754002+00:00,6,2025-04-17,-213.75,niedrig,0.0202987,Hauptbahnhof (tief),13
5115,8098263,West,2025-04-20 08:15:18.260400+00:00,12,2025-04-20,,,47.188439216666666,Hauptbahnhof (tief),8
5118,8098263,West,2025-04-24 14:16:50.293992+00:00,3,2025-04-24,98.75,mittel,0.14314915,Hauptbahnhof (tief),14
5119,8098263,West,2025-04-24 19:22:47.039150+00:00,4,2025-04-24,-6.111111111111114,mittel,0.0097618,Hauptbahnhof (tief),19
5124,8098263,West,2025-04-28 14:16:09.951443+00:00,13,2025-04-28,-35.625,niedrig,119.58816458333334,Hauptbahnhof (tief),14
5130,8098263,West,2025-05-01 15:03:27.175571+00:00,3,2025-05-01,80.71428571428572,mittel,22.843278183333332,Hauptbahnhof (tief),15
5131,8098263,West,2025-05-02 14:12:23.791521+00:00,3,2025-05-02,30.0,mittel,7.38247965,Hauptbahnhof (tief),14
5132,8098263,West,2025-05-02 20:03:22.973122+00:00,31,2025-05-02,24.5,mittel,82.25679381666667,Hauptbahnhof (tief),20
5135,8098263,West,2025-05-05 08:30:46.559183+00:00,34,2025-05-05,70.0,mittel,97.37390158333332,Hauptbahnhof (tief),8
5137,8098263,West,2025-05-09 03:48:58.879728+00:00,52,2025-05-09,69.0,mittel,168.61297733333333,Hauptbahnhof (tief),3
5140,8098263,West,2025-05-20 15:17:40.289597+00:00,8,2025-05-20,36.0,mittel,29.717583166666667,Hauptbahnhof (tief),15
5141,8098263,West,2025-05-21 06:57:13.055980+00:00,3,2025-05-21,,,13.640493716666667,Hauptbahnhof (tief),6
5150,8098263,West,2025-05-26 16:41:47.181171+00:00,12,2025-05-26,76.11111111111111,mittel,0.00425605,Hauptbahnhof (tief),16
5154,8098263,West,2025-05-30 20:17:43.720163+00:00,4,2025-05-30,33.0,mittel,31.641110333333334,Hauptbahnhof (tief),20
5155,8098263,West,2025-05-31 14:16:46.315646+00:00,14,2025-05-31,-320.0,niedrig,0.22355996666666667,Hauptbahnhof (tief),14
5156,8098263,West,2025-06-03 04:17:10.330522+00:00,15,2025-06-03,-89.0,niedrig,127.12226988333333,Hauptbahnhof (tief),4
5158,8098263,West,2025-06-04 08:00:53.812292+00:00,3,2025-06-04,28.75,mittel,10.589543966666668,Hauptbahnhof (tief),8
5163,8098263,West,2025-06-11 15:24:48.911347+00:00,3,2025-06-11,-103.0,niedrig,33.847751566666666,Hauptbahnhof (tief),15
5167,8098263,West,2025-06-16 04:43:17.762194+00:00,4,2025-06-16,-91.11111111111111,niedrig,46.9973514,Hauptbahnhof (tief),4
5171,8098263,West,2025-06-19 03:48:25.303951+00:00,3,2025-06-19,189.0,hoch,13.914558283333333,Hauptbahnhof (tief),3
5176,8098263,West,2025-06-19 13:31:16.401281+00:00,3,2025-06-19,295.7142857142857,hoch,11.767889283333334,Hauptbahnhof (tief),13
5178,8098263,West,2025-06-19 21:57:31.831087+00:00,3,2025-06-19,,,6.310074416666667,Hauptbahnhof (tief),21
5179,8098263,West,2025-06-20 09:11:18.466015+00:00,47,2025-06-20,701.0,hoch,168.23416594999998,Hauptbahnhof (tief),9
5188,8098263,West,2025-06-22 14:10:49.970017+00:00,66,2025-06-22,217.5,hoch,80.3256364,Hauptbahnhof (tief),14
5191,8098263,West,2025-06-24 13:17:15.707720+00:00,9,2025-06-24,150.0,mittel,0.053638333333333336,Hauptbahnhof (tief),13
5193,8098263,West,2025-06-24 20:13:29.493361+00:00,4,2025-06-24,-414.0,niedrig,5.718281533333334,Hauptbahnhof (tief),20
5196,8098263,West,2025-06-26 11:06:46.179786+00:00,11,2025-06-26,32.0,mittel,41.44548706666667,Hauptbahnhof (tief),11
5204,8098263,West,2025-06-28 10:17:19.113539+00:00,87,2025-06-28,186.66666666666666,hoch,84.95665051666667,Hauptbahnhof (tief),10
5205,8098263,West,2025-06-30 05:19:39.911933+00:00,37,2025-06-30,1336.0,hoch,119.95054578333334,Hauptbahnhof (tief),5
5211,8098263,West,2025-06-30 13:17:02.722009+00:00,5,2025-06-30,220.0,hoch,0.0009365333333333333,Hauptbahnhof (tief),13
5212,8098263,West,2025-07-01 09:17:08.986507+00:00,55,2025-07-01,,,8.385327016666666,Hauptbahnhof (tief),9
5216,8098263,West,2025-07-01 17:17:02.406568+00:00,4,2025-07-01,-9.0,mittel,0.0018858333333333333,Hauptbahnhof (tief),17
5218,8098263,West,2025-07-02 12:11:05.902123+00:00,38,2025-07-02,316.0,hoch,68.09549895,Hauptbahnhof (tief),12
5223,8098263,West,2025-07-03 06:26:18.743486+00:00,6,2025-07-03,258.5,hoch,10.613565866666667,Hauptbahnhof (tief),6
5224,8098263,West,2025-07-03 21:16:58.737868+00:00,9,2025-07-03,,,0.005914366666666667,Hauptbahnhof (tief),21
5228,8098263,West,2025-07-05 14:17:32.727593+00:00,8,2025-07-05,-66.66666666666669,niedrig,18.97223895,Hauptbahnhof (tief),14
5231,8098263,West,2025-07-07 04:19:36.518458+00:00,16,2025-07-07,708.8888888888889,hoch,28.945490083333333,Hauptbahnhof (tief),4
5234,8098263,West,2025-07-07 14:03:01.911264+00:00,8,2025-07-07,230.0,hoch,57.77272451666667,Hauptbahnhof (tief),14
5236,8098263,West,2025-07-08 05:54:43.211306+00:00,3,2025-07-08,55.55555555555554,mittel,21.927591416666665,Hauptbahnhof (tief),5
5238,8098263,West,2025-07-08 14:08:44.440632+00:00,4,2025-07-08,363.0,hoch,47.73069791666667,Hauptbahnhof (tief),14
5244,8098263,West,2025-07-09 12:31:08.408652+00:00,3,2025-07-09,-156.0,niedrig,16.119888866666667,Hauptbahnhof (tief),12
5247,8098263,West,2025-07-10 11:16:53.141815+00:00,3,2025-07-10,,,0.04991036666666667,Hauptbahnhof (tief),11
5253,8098263,West,2025-07-12 12:17:10.794588+00:00,15,2025-07-12,153.75,mittel,4.305758549999999,Hauptbahnhof (tief),12
5255,8098263,West,2025-07-14 08:59:18.442814+00:00,4,2025-07-14,208.0,hoch,35.67402246666666,Hauptbahnhof (tief),8
5256,8098263,West,2025-07-16 06:17:34.540758+00:00,10,2025-07-16,136.66666666666669,mittel,0.0076586833333333335,Hauptbahnhof (tief),6
5260,8098263,West,2025-07-17 11:57:46.212205+00:00,6,2025-07-17,456.6666666666667,hoch,26.48056935,Hauptbahnhof (tief),11
5264,8098263,West,2025-07-18 11:11:32.548368+00:00,4,2025-07-18,274.44444444444446,hoch,7.503352783333333,Hauptbahnhof (tief),11
5268,8098263,West,2025-07-18 18:17:50.513815+00:00,6,2025-07-18,12.0,mittel,23.323784149999998,Hauptbahnhof (tief),18
5269,8098263,West,2025-07-21 04:40:45.354802+00:00,157,2025-07-21,442.5,hoch,358.85532573333336,Hauptbahnhof (tief),4
5271,8098263,West,2025-07-21 16:49:23.986390+00:00,9,2025-07-21,-115.0,niedrig,91.17808570000001,Hauptbahnhof (tief),16
5279,8098263,West,2025-07-28 11:17:34.555691+00:00,19,2025-07-28,,,0.09298165,Hauptbahnhof (tief),11
5289,8098263,West,2025-08-05 12:18:02.320077+00:00,4,2025-08-05,3.3333333333333144,mittel,0.005694333333333333,Hauptbahnhof (tief),12
5291,8098263,West,2025-08-06 06:12:49.887300+00:00,3,2025-08-06,221.0,hoch,16.79092705,Hauptbahnhof (tief),6
5293,8098263,West,2025-08-06 10:37:29.816468+00:00,61,2025-08-06,104.44444444444446,mittel,149.39605618333331,Hauptbahnhof (tief),10
5299,8098263,West,2025-08-12 21:17:58.009189+00:00,4,2025-08-12,-152.85714285714283,niedrig,9.205e-05,Hauptbahnhof (tief),21
5301,8098263,West,2025-08-13 04:41:47.456014+00:00,4,2025-08-13,-81.0,niedrig,25.622497533333334,Hauptbahnhof (tief),4
5302,8098263,West,2025-08-15 17:03:36.695496+00:00,4,2025-08-15,-159.5,niedrig,20.444854433333333,Hauptbahnhof (tief),17
5308,8098263,West,2025-08-21 04:59:20.425314+00:00,3,2025-08-21,11.25,mittel,15.820751033333332,Hauptbahnhof (tief),4
5309,8098263,West,2025-08-21 09:53:52.128806+00:00,79,2025-08-21,86.66666666666666,mittel,173.26372881666666,Hauptbahnhof (tief),9
5316,8098263,West,2025-08-28 18:16:45.207953+00:00,13,2025-08-28,41.0,mittel,5.17084135,Hauptbahnhof (tief),18
5317,8098263,West,2025-08-30 20:16:58.294888+00:00,5,2025-08-30,,,0.029451733333333334,Hauptbahnhof (tief),20
5318,8098263,West,2025-09-01 12:16:44.766303+00:00,6,2025-09-01,-141.0,niedrig,0.013984583333333333,Hauptbahnhof (tief),12
5320,8098263,West,2025-09-04 15:18:06.047564+00:00,15,2025-09-04,108.0,mittel,53.55138513333333,Hauptbahnhof (tief),15
5324,8098263,West,2025-09-07 10:15:39.571941+00:00,10,2025-09-07,531.4285714285714,hoch,41.11688811666667,Hauptbahnhof (tief),10
5329,8098263,West,2025-09-08 08:57:11.883153+00:00,27,2025-09-08,-161.25,niedrig,193.5933086,Hauptbahnhof (tief),8
5332,8098263,West,2025-09-29 15:46:36.962587+00:00,7,2025-09-29,1114.0,hoch,22.024627733333332,Hauptbahnhof (tief),15
5334,8098263,West,2025-09-29 20:02:37.559397+00:00,108,2025-09-29,11.111111111111114,mittel,37.9443999,Hauptbahnhof (tief),20
5336,8098263,West,2025-10-04 14:17:15.572027+00:00,4,2025-10-04,171.42857142857142,hoch,13.982028283333333,Hauptbahnhof (tief),14
5341,8098263,West,2025-10-08 14:16:46.767780+00:00,4,2025-10-08,8.888888888888914,mittel,7.953273266666667,Hauptbahnhof (tief),14
5349,8098263,West,2025-10-14 18:44:38.384390+00:00,6,2025-10-14,1877.7777777777778,hoch,28.17045016666667,Hauptbahnhof (tief),18
5356,8098263,West,2025-10-15 20:17:30.939548+00:00,5,2025-10-15,4.0,mittel,0.0161707,Hauptbahnhof (tief),20
5362,8098263,West,2025-10-23 07:46:57.579193+00:00,5,2025-10-23,810.0,hoch,22.178172333333336,Hauptbahnhof (tief),7
5364,8098263,West,2025-10-28 17:17:47.131584+00:00,30,2025-10-28,590.0,hoch,56.12114196666666,Hauptbahnhof (tief),17
5372,8098263,West,2025-11-10 20:49:57.300848+00:00,27,2025-11-10,1548.75,hoch,82.02975995,Hauptbahnhof (tief),20
5373,8098263,West,2025-11-11 09:18:00.509674+00:00,51,2025-11-11,-90.0,niedrig,0.10354786666666667,Hauptbahnhof (tief),9
5374,8098263,West,2025-11-11 18:22:49.197612+00:00,10,2025-11-11,57.22222222222223,mittel,0.0137306,Hauptbahnhof (tief),18
5383,8098263,West,2025-11-12 12:20:47.203797+00:00,37,2025-11-12,290.0,hoch,68.00398821666667,Hauptbahnhof (tief),12
5389,8098263,West,2025-11-13 05:15:05.534336+00:00,6,2025-11-13,-318.0,niedrig,2.0377292166666665,Hauptbahnhof (tief),5
5397,8098263,West,2025-11-14 19:17:30.902101+00:00,10,2025-11-14,-168.75,niedrig,15.976768550000001,Hauptbahnhof (tief),19
5400,8098263,West,2025-11-16 22:10:13.661978+00:00,25,2025-11-16,-150.0,niedrig,0.02848733333333333,Hauptbahnhof (tief),22
5409,8098263,West,2025-11-18 09:07:33.886168+00:00,15,2025-11-18,301.0,hoch,38.00967481666667,Hauptbahnhof (tief),9
5419,8098263,West,2025-11-19 15:18:02.422253+00:00,13,2025-11-19,-9.0,mittel,11.962679916666668,Hauptbahnhof (tief),15
5424,8098263,West,2025-11-20 10:16:46.401796+00:00,50,2025-11-20,123.33333333333331,mittel,21.84074298333333,Hauptbahnhof (tief),10
5429,8098263,West,2025-11-22 04:58:43.517660+00:00,32,2025-11-22,-55.71428571428572,niedrig,2.0497639,Hauptbahnhof (tief),4
5431,8098263,West,2025-11-22 22:17:12.222701+00:00,11,2025-11-22,270.0,hoch,0.05477956666666666,Hauptbahnhof (tief),22
5433,8098263,West,2025-11-23 09:17:25.950647+00:00,5,2025-11-23,-140.0,niedrig,0.006386016666666666,Hauptbahnhof (tief),9
5438,8098263,West,2025-11-24 14:17:39.588306+00:00,3,2025-11-24,360.0,hoch,9.979997983333334,Hauptbahnhof (tief),14
5443,8098263,West,2025-12-02 08:46:48.760290+00:00,5,2025-12-02,-85.71428571428572,niedrig,42.00220871666667,Hauptbahnhof (tief),8
5444,8098263,West,2025-12-04 15:17:25.803866+00:00,3,2025-12-04,-42.0,niedrig,3.9346554,Hauptbahnhof (tief),15
5449,8098263,West,2025-12-10 09:46:23.808217+00:00,12,2025-12-10,1316.6666666666667,hoch,51.98884305,Hauptbahnhof (tief),9
5451,8098263,West,2025-12-10 17:16:35.947857+00:00,9,2025-12-10,-78.75,niedrig,9.966122516666667,Hauptbahnhof (tief),17
5453,8098263,West,2025-12-11 17:17:35.455743+00:00,9,2025-12-11,-135.71428571428572,niedrig,0.03891674999999999,Hauptbahnhof (tief),17
5460,8098263,West,2025-12-18 10:16:51.061075+00:00,14,2025-12-18,228.0,hoch,34.121248333333334,Hauptbahnhof (tief),10
5465,8098263,West,2025-12-20 11:28:04.198048+00:00,8,2025-12-20,171.0,hoch,27.9944358,Hauptbahnhof (tief),11
5466,8098263,West,2025-12-21 06:22:34.421330+00:00,11,2025-12-21,43.33333333333334,mittel,88.00352095,Hauptbahnhof (tief),6
5468,8098263,West,2025-12-27 17:17:57.856128+00:00,4,2025-12-27,70.0,mittel,37.9840379,Hauptbahnhof (tief),17
5471,8098263,West,2025-12-30 08:49:14.898083+00:00,3,2025-12-30,46.666666666666686,mittel,7.988986866666666,Hauptbahnhof (tief),8
5016,8098263,Ost,2025-01-05 15:17:53.412838+00:00,6,2025-01-05,-160.0,niedrig,0.0033092666666666667,Hauptbahnhof (tief),15
5022,8098263,Ost,2025-01-10 05:27:31.334267+00:00,4,2025-01-10,590.0,hoch,53.98984588333334,Hauptbahnhof (tief),5
5024,8098263,Ost,2025-01-13 18:13:59.530069+00:00,15,2025-01-13,,,0.00012746666666666668,Hauptbahnhof (tief),18
5025,8098263,Ost,2025-01-15 04:57:52.763376+00:00,6,2025-01-15,717.5,hoch,22.08575526666667,Hauptbahnhof (tief),4
5028,8098263,Ost,2025-01-20 10:47:24.084983+00:00,3,2025-01-20,906.0,hoch,28.005423466666667,Hauptbahnhof (tief),10
5031,8098263,Ost,2025-01-21 09:55:24.943054+00:00,3,2025-01-21,192.0,hoch,19.9946805,Hauptbahnhof (tief),9
5037,8098263,Ost,2025-01-24 11:03:24.480607+00:00,15,2025-01-24,-5.714285714285722,mittel,176.01720875,Hauptbahnhof (tief),11
5038,8098263,Ost,2025-01-24 22:25:24.288752+00:00,4,2025-01-24,180.0,hoch,23.9896405,Hauptbahnhof (tief),22
5043,8098263,Ost,2025-02-04 09:17:00.029925+00:00,9,2025-02-04,-77.5,niedrig,0.0020476833333333334,Hauptbahnhof (tief),9
5046,8098263,Ost,2025-02-08 05:18:59.672976+00:00,3,2025-02-08,18.0,mittel,12.004304450000001,Hauptbahnhof (tief),5
5047,8098263,Ost,2025-02-09 09:17:05.009541+00:00,44,2025-02-09,10.0,mittel,19.9300579,Hauptbahnhof (tief),9
5048,8098263,Ost,2025-02-12 10:17:00.510201+00:00,15,2025-02-12,-56.0,niedrig,0.02358646666666667,Hauptbahnhof (tief),10
5049,8098263,Ost,2025-02-13 04:32:59.994191+00:00,3,2025-02-13,412.5,hoch,8.0245977,Hauptbahnhof (tief),4
5055,8098263,Ost,2025-02-14 09:55:44.125733+00:00,3,2025-02-14,-36.25,niedrig,2.2666666666666668e-05,Hauptbahnhof (tief),9
5065,8098263,Ost,2025-02-20 15:16:14.047897+00:00,8,2025-02-20,-146.0,niedrig,5.990712116666667,Hauptbahnhof (tief),15
5068,8098263,Ost,2025-02-25 14:00:13.381529+00:00,4,2025-02-25,-187.22222222222223,niedrig,29.993515600000002,Hauptbahnhof (tief),14
5071,8098263,Ost,2025-03-04 10:38:39.914370+00:00,4,2025-03-04,-236.11111111111111,niedrig,29.986727583333334,Hauptbahnhof (tief),10
5075,8098263,Ost,2025-03-05 08:16:43.630480+00:00,15,2025-03-05,-13.0,mittel,6.515e-05,Hauptbahnhof (tief),8
5078,8098263,Ost,2025-03-07 18:37:13.798701+00:00,4,2025-03-07,-74.5,niedrig,4.003295866666667,Hauptbahnhof (tief),18
5085,8098263,Ost,2025-03-17 04:47:22.329416+00:00,11,2025-03-17,-36.666666666666664,niedrig,73.99955653333333,Hauptbahnhof (tief),4
5096,8098263,Ost,2025-03-24 09:02:53.991439+00:00,4,2025-03-24,391.875,hoch,3.95874865,Hauptbahnhof (tief),9
5102,8098263,Ost,2025-04-02 17:12:47.625808+00:00,5,2025-04-02,-55.55555555555554,niedrig,18.026152183333334,Hauptbahnhof (tief),17
5105,8098263,Ost,2025-04-10 17:39:13.805796+00:00,4,2025-04-10,-102.0,niedrig,0.030103783333333335,Hauptbahnhof (tief),17
5106,8098263,Ost,2025-04-15 04:06:22.993802+00:00,6,2025-04-15,158.57142857142858,hoch,14.532950133333333,Hauptbahnhof (tief),4
5110,8098263,Ost,2025-04-16 15:24:59.793274+00:00,15,2025-04-16,77.0,mittel,75.23286655,Hauptbahnhof (tief),15
5114,8098263,Ost,2025-04-17 14:16:53.775789+00:00,5,2025-04-17,,,0.011039016666666667,Hauptbahnhof (tief),14
5116,8098263,Ost,2025-04-22 13:11:02.392623+00:00,45,2025-04-22,133.33333333333334,mittel,99.26703291666666,Hauptbahnhof (tief),13
5117,8098263,Ost,2025-04-22 17:17:04.886656+00:00,4,2025-04-22,10.0,mittel,0.013381566666666667,Hauptbahnhof (tief),17
5120,8098263,Ost,2025-04-27 06:17:01.508711+00:00,13,2025-04-27,-48.75,niedrig,0.6575425333333332,Hauptbahnhof (tief),6
5122,8098263,Ost,2025-04-27 21:11:26.832525+00:00,46,2025-04-27,,,156.03683581666667,Hauptbahnhof (tief),21
5123,8098263,Ost,2025-04-28 13:16:49.812476+00:00,5,2025-04-28,100.0,mittel,32.07988278333333,Hauptbahnhof (tief),13
5125,8098263,Ost,2025-04-29 08:08:45.776893+00:00,41,2025-04-29,437.0,hoch,113.36669661666666,Hauptbahnhof (tief),8
5126,8098263,Ost,2025-04-29 21:17:31.232404+00:00,4,2025-04-29,120.0,mittel,14.44312425,Hauptbahnhof (tief),21
5129,8098263,Ost,2025-05-01 14:16:26.526921+00:00,5,2025-05-01,-66.25,niedrig,2.791301783333333,Hauptbahnhof (tief),14
5133,8098263,Ost,2025-05-04 12:28:44.044458+00:00,134,2025-05-04,-97.5,niedrig,359.02672015,Hauptbahnhof (tief),12
5134,8098263,Ost,2025-05-04 23:01:32.205178+00:00,15,2025-05-04,66.66666666666666,mittel,0.05842828333333334,Hauptbahnhof (tief),23
5136,8098263,Ost,2025-05-05 17:16:11.155846+00:00,4,2025-05-05,138.5,mittel,12.42959615,Hauptbahnhof (tief),17
5138,8098263,Ost,2025-05-15 12:17:48.470186+00:00,4,2025-05-15,-137.5,niedrig,0.25646118333333334,Hauptbahnhof (tief),12
5139,8098263,Ost,2025-05-19 12:55:43.111999+00:00,3,2025-05-19,-123.33333333333331,niedrig,20.25004691666667,Hauptbahnhof (tief),12
5143,8098263,Ost,2025-05-21 17:12:26.868651+00:00,3,2025-05-21,-44.0,niedrig,22.499027783333336,Hauptbahnhof (tief),17
5144,8098263,Ost,2025-05-22 10:42:17.143833+00:00,3,2025-05-22,36.0,mittel,12.514622416666667,Hauptbahnhof (tief),10
5146,8098263,Ost,2025-05-24 10:16:23.368827+00:00,36,2025-05-24,88.75,mittel,44.0282266,Hauptbahnhof (tief),10
5147,8098263,Ost,2025-05-26 04:09:52.625371+00:00,12,2025-05-26,228.0,hoch,59.03968705,Hauptbahnhof (tief),4
5151,8098263,Ost,2025-05-28 08:28:27.548433+00:00,3,2025-05-28,-115.55555555555554,niedrig,3.6564932333333333,Hauptbahnhof (tief),8
5157,8098263,Ost,2025-06-03 20:17:05.846061+00:00,6,2025-06-03,-362.5,niedrig,0.022585216666666668,Hauptbahnhof (tief),20
5159,8098263,Ost,2025-06-07 05:35:51.041663+00:00,3,2025-06-07,475.7142857142857,hoch,10.169960283333333,Hauptbahnhof (tief),5
5160,8098263,Ost,2025-06-08 12:13:24.474577+00:00,3,2025-06-08,1283.3333333333333,hoch,17.4216791,Hauptbahnhof (tief),12
5161,8098263,Ost,2025-06-10 10:51:45.685462+00:00,4,2025-06-10,908.8888888888889,hoch,28.92394315,Hauptbahnhof (tief),10
5166,8098263,Ost,2025-06-14 13:16:20.578913+00:00,4,2025-06-14,-11.666666666666657,mittel,0.03174506666666667,Hauptbahnhof (tief),13
5168,8098263,Ost,2025-06-16 09:16:59.800583+00:00,22,2025-06-16,-170.0,niedrig,75.63358476666667,Hauptbahnhof (tief),9
5177,8098263,Ost,2025-06-19 19:16:29.641683+00:00,51,2025-06-19,732.8571428571429,hoch,137.0404001,Hauptbahnhof (tief),19
5185,8098263,Ost,2025-06-21 21:16:24.704197+00:00,3,2025-06-21,215.0,hoch,24.280600916666668,Hauptbahnhof (tief),21
5189,8098263,Ost,2025-06-24 07:43:34.771594+00:00,33,2025-06-24,,,66.632649,Hauptbahnhof (tief),7
5192,8098263,Ost,2025-06-24 17:17:06.084765+00:00,27,2025-06-24,,,0.055761566666666665,Hauptbahnhof (tief),17
5197,8098263,Ost,2025-06-26 12:12:24.343925+00:00,6,2025-06-26,-126.66666666666666,niedrig,29.936720666666666,Hauptbahnhof (tief),12
5198,8098263,Ost,2025-06-27 02:31:26.232778+00:00,14,2025-06-27,60.0,mittel,0.09572536666666667,Hauptbahnhof (tief),2
5210,8098263,Ost,2025-06-30 11:34:28.426320+00:00,3,2025-06-30,103.33333333333334,mittel,14.117479566666667,Hauptbahnhof (tief),11
5214,8098263,Ost,2025-07-01 14:30:20.194924+00:00,4,2025-07-01,100.0,mittel,6.221232866666667,Hauptbahnhof (tief),14
5217,8098263,Ost,2025-07-02 07:18:06.056461+00:00,89,2025-07-02,-48.888888888888914,niedrig,139.77290888333334,Hauptbahnhof (tief),7
5220,8098263,Ost,2025-07-02 22:17:49.115259+00:00,4,2025-07-02,78.0,mittel,0.007360083333333334,Hauptbahnhof (tief),22
5225,8098263,Ost,2025-07-03 23:17:45.535830+00:00,3,2025-07-03,138.0,mittel,0.0028683333333333334,Hauptbahnhof (tief),23
5230,8098263,Ost,2025-07-05 16:30:06.641502+00:00,3,2025-07-05,-81.0,niedrig,13.050323266666668,Hauptbahnhof (tief),16
5232,8098263,Ost,2025-07-07 05:34:31.673049+00:00,11,2025-07-07,288.0,hoch,104.6753321,Hauptbahnhof (tief),5
5233,8098263,Ost,2025-07-07 13:38:18.675367+00:00,3,2025-07-07,-30.0,mittel,8.091587783333333,Hauptbahnhof (tief),13
5237,8098263,Ost,2025-07-08 13:16:37.696854+00:00,19,2025-07-08,840.0,hoch,31.619005533333333,Hauptbahnhof (tief),13
5240,8098263,Ost,2025-07-08 20:17:21.970444+00:00,7,2025-07-08,,,10.346307766666666,Hauptbahnhof (tief),20
5242,8098263,Ost,2025-07-09 07:37:17.691943+00:00,3,2025-07-09,-168.33333333333331,niedrig,16.76825175,Hauptbahnhof (tief),7
5246,8098263,Ost,2025-07-10 06:12:02.087108+00:00,4,2025-07-10,-27.77777777777777,mittel,23.3163897,Hauptbahnhof (tief),6
5254,8098263,Ost,2025-07-12 13:12:00.258519+00:00,9,2025-07-12,21.0,mittel,83.16188443333334,Hauptbahnhof (tief),13
5257,8098263,Ost,2025-07-16 10:21:27.339703+00:00,4,2025-07-16,-18.0,mittel,14.38100375,Hauptbahnhof (tief),10
5262,8098263,Ost,2025-07-17 14:09:41.108191+00:00,6,2025-07-17,-96.66666666666666,niedrig,37.214077800000005,Hauptbahnhof (tief),14
5263,8098263,Ost,2025-07-17 18:16:26.404801+00:00,5,2025-07-17,-150.22222222222223,niedrig,4.58921325,Hauptbahnhof (tief),18
5270,8098263,Ost,2025-07-21 13:17:52.624278+00:00,11,2025-07-21,-78.88888888888889,niedrig,6.36e-05,Hauptbahnhof (tief),13
5272,8098263,Ost,2025-07-23 09:16:48.974622+00:00,6,2025-07-23,,,0.09163134999999999,Hauptbahnhof (tief),9
5282,8098263,Ost,2025-08-01 20:16:29.451739+00:00,104,2025-08-01,1638.888888888889,hoch,60.47947416666667,Hauptbahnhof (tief),20
5285,8098263,Ost,2025-08-03 13:03:25.553696+00:00,3,2025-08-03,112.5,mittel,14.027027333333333,Hauptbahnhof (tief),13
5288,8098263,Ost,2025-08-05 09:45:47.726791+00:00,4,2025-08-05,-122.0,niedrig,13.713190633333333,Hauptbahnhof (tief),9
5290,8098263,Ost,2025-08-05 21:18:04.783907+00:00,7,2025-08-05,291.66666666666663,hoch,14.257920366666667,Hauptbahnhof (tief),21
5292,8098263,Ost,2025-08-06 07:16:13.286017+00:00,13,2025-08-06,36.5,mittel,17.973424416666667,Hauptbahnhof (tief),7
5294,8098263,Ost,2025-08-07 07:32:06.357162+00:00,4,2025-08-07,438.8888888888889,hoch,6.656632916666666,Hauptbahnhof (tief),7
5297,8098263,Ost,2025-08-11 08:29:37.995029+00:00,3,2025-08-11,122.0,mittel,6.807391933333333,Hauptbahnhof (tief),8
5298,8098263,Ost,2025-08-12 20:16:35.614590+00:00,8,2025-08-12,-54.44444444444444,niedrig,0.08744758333333333,Hauptbahnhof (tief),20
5300,8098263,Ost,2025-08-13 04:03:08.757667+00:00,9,2025-08-13,55.55555555555556,mittel,21.011940550000002,Hauptbahnhof (tief),4
5303,8098263,Ost,2025-08-15 17:56:32.532568+00:00,4,2025-08-15,636.0,hoch,6.260762766666667,Hauptbahnhof (tief),17
5304,8098263,Ost,2025-08-16 11:17:49.491613+00:00,17,2025-08-16,38.888888888888886,mittel,0.0175615,Hauptbahnhof (tief),11
5305,8098263,Ost,2025-08-18 05:04:35.850407+00:00,40,2025-08-18,82.0,mittel,222.7586563,Hauptbahnhof (tief),5
5306,8098263,Ost,2025-08-19 04:17:20.218797+00:00,10,2025-08-19,-21.111111111111114,mittel,48.99396251666667,Hauptbahnhof (tief),4
5307,8098263,Ost,2025-08-20 21:17:13.635458+00:00,17,2025-08-20,-145.0,niedrig,17.452599266666667,Hauptbahnhof (tief),21
5310,8098263,Ost,2025-08-21 13:56:24.444166+00:00,5,2025-08-21,954.5,hoch,32.27366311666667,Hauptbahnhof (tief),13
5311,8098263,Ost,2025-08-21 20:08:55.624823+00:00,10,2025-08-21,390.0,hoch,0.021747616666666667,Hauptbahnhof (tief),20
5314,8098263,Ost,2025-08-27 14:21:18.886127+00:00,4,2025-08-27,-33.0,niedrig,7.797637233333333,Hauptbahnhof (tief),14
5323,8098263,Ost,2025-09-06 16:18:01.711956+00:00,5,2025-09-06,-114.44444444444446,niedrig,18.963911916666667,Hauptbahnhof (tief),16
5325,8098263,Ost,2025-09-07 11:39:39.500054+00:00,4,2025-09-07,57.22222222222223,mittel,15.559234633333334,Hauptbahnhof (tief),11
5328,8098263,Ost,2025-09-08 07:22:24.138118+00:00,5,2025-09-08,263.0,hoch,27.742062266666668,Hauptbahnhof (tief),7
5330,8098263,Ost,2025-09-08 15:16:10.262897+00:00,15,2025-09-08,802.0,hoch,2.226426216666667,Hauptbahnhof (tief),15
5331,8098263,Ost,2025-09-18 14:43:06.283385+00:00,10,2025-09-18,98.0,mittel,0.05246296666666667,Hauptbahnhof (tief),14
5333,8098263,Ost,2025-09-29 19:26:35.816515+00:00,8,2025-09-29,54.5,mittel,0.031632766666666666,Hauptbahnhof (tief),19
5335,8098263,Ost,2025-10-04 10:41:15.063618+00:00,48,2025-10-04,1297.5,hoch,131.97845491666666,Hauptbahnhof (tief),10
5337,8098263,Ost,2025-10-06 12:16:25.036575+00:00,51,2025-10-06,-17.77777777777777,mittel,86.0706425,Hauptbahnhof (tief),12
5340,8098263,Ost,2025-10-08 08:26:43.083589+00:00,5,2025-10-08,-147.77777777777777,niedrig,69.97803954999999,Hauptbahnhof (tief),8
5342,8098263,Ost,2025-10-10 13:03:41.176275+00:00,6,2025-10-10,596.6666666666667,hoch,27.973567433333336,Hauptbahnhof (tief),13
5346,8098263,Ost,2025-10-14 10:18:31.022578+00:00,37,2025-10-14,104.0,mittel,0.00073885,Hauptbahnhof (tief),10
5350,8098263,Ost,2025-10-14 20:16:53.005370+00:00,40,2025-10-14,812.5,hoch,33.98034155,Hauptbahnhof (tief),20
5352,8098263,Ost,2025-10-15 09:46:13.906994+00:00,156,2025-10-15,1923.75,hoch,110.29420635,Hauptbahnhof (tief),9
5355,8098263,Ost,2025-10-15 18:17:23.508067+00:00,13,2025-10-15,-136.66666666666669,niedrig,64.09827181666667,Hauptbahnhof (tief),18
5357,8098263,Ost,2025-10-16 15:17:34.763498+00:00,6,2025-10-16,-86.66666666666669,niedrig,25.986436733333335,Hauptbahnhof (tief),15
5361,8098263,Ost,2025-10-23 05:52:48.103363+00:00,31,2025-10-23,248.0,hoch,84.12203418333334,Hauptbahnhof (tief),5
5365,8098263,Ost,2025-10-28 19:17:59.360186+00:00,4,2025-10-28,26.0,mittel,0.019556383333333333,Hauptbahnhof (tief),19
5366,8098263,Ost,2025-10-29 13:17:43.933248+00:00,10,2025-10-29,-128.0,niedrig,28.19695085,Hauptbahnhof (tief),13
5369,8098263,Ost,2025-11-10 10:17:34.851084+00:00,111,2025-11-10,-38.0,niedrig,51.96467148333333,Hauptbahnhof (tief),10
5382,8098263,Ost,2025-11-12 09:20:41.351601+00:00,17,2025-11-12,335.55555555555554,hoch,92.00735883333333,Hauptbahnhof (tief),9
5386,8098263,Ost,2025-11-12 21:12:48.850582+00:00,3,2025-11-12,-130.0,niedrig,31.999718366666666,Hauptbahnhof (tief),21
5390,8098263,Ost,2025-11-13 06:13:05.119345+00:00,3,2025-11-13,-26.666666666666686,mittel,0.0008231833333333333,Hauptbahnhof (tief),6
5391,8098263,Ost,2025-11-13 15:17:20.148594+00:00,36,2025-11-13,682.2222222222222,hoch,0.27917623333333336,Hauptbahnhof (tief),15
5399,8098263,Ost,2025-11-15 02:02:03.319594+00:00,3,2025-11-15,,,0.00708565,Hauptbahnhof (tief),2
5401,8098263,Ost,2025-11-16 22:32:42.267003+00:00,15,2025-11-16,120.0,mittel,0.03511441666666667,Hauptbahnhof (tief),22
5402,8098263,Ost,2025-11-17 17:16:44.729280+00:00,65,2025-11-17,-53.0,niedrig,11.971456166666666,Hauptbahnhof (tief),17
5410,8098263,Ost,2025-11-18 12:11:40.698517+00:00,6,2025-11-18,,,6.220764366666667,Hauptbahnhof (tief),12
5411,8098263,Ost,2025-11-18 16:17:20.370318+00:00,6,2025-11-18,,,0.009575666666666668,Hauptbahnhof (tief),16
5413,8098263,Ost,2025-11-18 23:17:52.718483+00:00,4,2025-11-18,-72.22222222222223,niedrig,0.005966566666666667,Hauptbahnhof (tief),23
5421,8098263,Ost,2025-11-19 17:22:06.683287+00:00,3,2025-11-19,-52.0,niedrig,1.9963713833333334,Hauptbahnhof (tief),17
5423,8098263,Ost,2025-11-20 07:16:32.571190+00:00,3,2025-11-20,138.57142857142856,mittel,13.976943416666668,Hauptbahnhof (tief),7
5425,8098263,Ost,2025-11-20 22:17:10.032959+00:00,30,2025-11-20,91.42857142857143,mittel,0.0504426,Hauptbahnhof (tief),22
5430,8098263,Ost,2025-11-22 05:16:44.790481+00:00,3,2025-11-22,36.66666666666667,mittel,0.0014015333333333333,Hauptbahnhof (tief),5
5436,8098263,Ost,2025-11-23 13:17:25.921197+00:00,9,2025-11-23,90.0,mittel,35.992308200000004,Hauptbahnhof (tief),13
5437,8098263,Ost,2025-11-24 08:05:26.492574+00:00,7,2025-11-24,3079.5,hoch,12.0417095,Hauptbahnhof (tief),8
5439,8098263,Ost,2025-11-24 19:18:07.389891+00:00,12,2025-11-24,97.77777777777777,mittel,0.09012321666666666,Hauptbahnhof (tief),19
5445,8098263,Ost,2025-12-05 06:59:56.518561+00:00,4,2025-12-05,470.7142857142857,hoch,18.04946185,Hauptbahnhof (tief),6
5447,8098263,Ost,2025-12-06 19:17:09.585987+00:00,4,2025-12-06,50.0,mittel,0.005288650000000001,Hauptbahnhof (tief),19
5448,8098263,Ost,2025-12-10 07:10:24.011899+00:00,6,2025-12-10,1228.0,hoch,19.9932617,Hauptbahnhof (tief),7
5450,8098263,Ost,2025-12-10 12:16:25.242423+00:00,85,2025-12-10,98.57142857142858,mittel,33.97285098333334,Hauptbahnhof (tief),12
5454,8098263,Ost,2025-12-11 21:50:02.247286+00:00,10,2025-12-11,-52.5,niedrig,42.37893305,Hauptbahnhof (tief),21
5455,8098263,Ost,2025-12-14 17:13:00.280177+00:00,13,2025-12-14,310.0,hoch,18.003927949999998,Hauptbahnhof (tief),17
5456,8098263,Ost,2025-12-16 08:17:34.784819+00:00,4,2025-12-16,275.0,hoch,0.0031771499999999997,Hauptbahnhof (tief),8
5457,8098263,Ost,2025-12-16 14:16:24.668503+00:00,11,2025-12-16,,,0.06236548333333333,Hauptbahnhof (tief),14
5458,8098263,Ost,2025-12-17 08:17:37.902190+00:00,65,2025-12-17,434.0,hoch,119.98474653333332,Hauptbahnhof (tief),8
5459,8098263,Ost,2025-12-18 09:24:34.946200+00:00,3,2025-12-18,-18.0,mittel,13.995126016666667,Hauptbahnhof (tief),9
5467,8098263,Ost,2025-12-27 16:18:01.047910+00:00,9,2025-12-27,-17.5,mittel,0.010333249999999999,Hauptbahnhof (tief),16
5469,8098263,Ost,2025-12-29 08:17:54.133086+00:00,35,2025-12-29,-125.0,niedrig,29.984275500000003,Hauptbahnhof (tief),8
5470,8098263,Ost,2025-12-30 05:25:14.835272+00:00,48,2025-12-30,120.0,mittel,183.99813446666667,Hauptbahnhof (tief),5
5476,8098263,Ost,2025-12-30 21:17:21.902896+00:00,3,2025-12-30,-72.5,niedrig,0.0477788,Hauptbahnhof (tief),21
5477,8098263,Ost,2025-12-31 08:17:26.096004+00:00,7,2025-12-31,-150.0,niedrig,12.000488466666667,Hauptbahnhof (tief),8
