event_id,stop_id,richtung,t0,n_trips,t0_date,dauer_min,hvz
0,8000262,Ost,2025-01-01 12:17:56.047036+00:00,38,2025-01-01,125.98403911666666,False
2,8000262,Ost,2025-01-02 21:51:53.957638+00:00,3,2025-01-02,12.010918266666666,False
4,8000262,Ost,2025-01-03 18:59:55.183603+00:00,3,2025-01-03,9.997428033333334,True
6,8000262,Ost,2025-01-04 18:27:55.307237+00:00,8,2025-01-04,40.002356999999996,True
7,8000262,Ost,2025-01-08 12:25:32.474931+00:00,3,2025-01-08,20.00626541666667,False
9,8000262,Ost,2025-01-09 17:05:33.757845+00:00,4,2025-01-09,7.9811756166666665,True
10,8000262,Ost,2025-01-15 21:11:25.411662+00:00,5,2025-01-15,11.999236733333333,False
11,8000262,Ost,2025-01-18 15:39:25.509888+00:00,26,2025-01-18,66.00485903333333,True
12,8000262,Ost,2025-01-22 11:23:25.875332+00:00,3,2025-01-22,1.9952635,False
13,8000262,Ost,2025-01-22 19:17:29.190625+00:00,3,2025-01-22,0.00044955,True
14,8000262,Ost,2025-01-25 19:17:27.084279+00:00,26,2025-01-25,57.98006818333333,True
15,8000262,Ost,2025-01-29 08:17:17.570087+00:00,45,2025-01-29,27.9829702,True
16,8000262,Ost,2025-02-07 11:17:03.668602+00:00,40,2025-02-07,13.9717105,False
18,8000262,Ost,2025-02-15 11:46:13.097792+00:00,26,2025-02-15,57.99476375,False
23,8000262,Ost,2025-02-20 06:42:14.178344+00:00,3,2025-02-20,15.992593983333334,True
24,8000262,Ost,2025-02-20 13:10:13.953781+00:00,31,2025-02-20,98.00144228333333,False
27,8000262,Ost,2025-02-27 07:28:14.175701+00:00,34,2025-02-27,64.0004038,True
28,8000262,Ost,2025-03-05 22:16:56.376346+00:00,3,2025-03-05,0.00029851666666666667,False
30,8000262,Ost,2025-03-14 17:17:25.147806+00:00,25,2025-03-14,0.00011541666666666666,True
31,8000262,Ost,2025-03-22 16:36:52.310663+00:00,12,2025-03-22,32.09439625,True
34,8000262,Ost,2025-04-05 12:54:26.358896+00:00,4,2025-04-05,7.9254051500000005,False
35,8000262,Ost,2025-04-07 06:16:40.610523+00:00,47,2025-04-07,72.93015413333333,True
37,8000262,Ost,2025-04-07 16:16:14.811032+00:00,3,2025-04-07,25.95803126666667,True
38,8000262,Ost,2025-04-12 22:25:33.685100+00:00,4,2025-04-12,28.843145250000003,False
39,8000262,Ost,2025-04-13 20:49:19.704970+00:00,9,2025-04-13,26.576348283333335,False
41,8000262,Ost,2025-05-07 13:11:41.187815+00:00,20,2025-05-07,35.30348098333333,False
44,8000262,Ost,2025-05-12 06:06:52.203293+00:00,10,2025-05-12,21.868449216666665,True
45,8000262,Ost,2025-05-15 12:17:00.716663+00:00,9,2025-05-15,0.9246413333333333,False
46,8000262,Ost,2025-05-19 10:58:48.039824+00:00,4,2025-05-19,6.148322733333333,False
47,8000262,Ost,2025-05-20 05:47:03.941323+00:00,6,2025-05-20,21.695857316666665,False
48,8000262,Ost,2025-05-24 17:44:07.348390+00:00,9,2025-05-24,34.28138298333333,True
51,8000262,Ost,2025-05-26 08:17:32.449922+00:00,11,2025-05-26,0.13639245000000003,True
55,8000262,Ost,2025-06-04 07:47:43.201028+00:00,4,2025-06-04,16.673100883333333,True
56,8000262,Ost,2025-06-04 15:13:56.445215+00:00,50,2025-06-04,101.73664218333333,True
57,8000262,Ost,2025-06-05 17:01:22.839220+00:00,32,2025-06-05,103.37246555,True
59,8000262,Ost,2025-06-17 16:18:52.890360+00:00,7,2025-06-17,10.0186404,True
60,8000262,Ost,2025-06-21 20:44:44.513734+00:00,30,2025-06-21,73.77602270000001,False
61,8000262,Ost,2025-06-23 18:17:10.109953+00:00,51,2025-06-23,60.1112495,True
63,8000262,Ost,2025-06-25 16:17:39.503919+00:00,21,2025-06-25,78.23006368333334,True
64,8000262,Ost,2025-07-03 09:23:54.999949+00:00,8,2025-07-03,22.749156366666668,True
68,8000262,Ost,2025-07-04 14:18:32.563594+00:00,5,2025-07-04,18.42476368333333,False
69,8000262,Ost,2025-07-07 05:49:57.087075+00:00,13,2025-07-07,46.22668165,False
70,8000262,Ost,2025-07-18 12:17:29.985196+00:00,4,2025-07-18,6.774811283333333,False
71,8000262,Ost,2025-07-20 12:36:37.126483+00:00,4,2025-07-20,16.3283123,False
73,8000262,Ost,2025-07-22 13:18:09.079411+00:00,38,2025-07-22,65.82709453333334,False
74,8000262,Ost,2025-08-04 15:04:34.427745+00:00,4,2025-08-04,2.4305266166666666,True
75,8000262,Ost,2025-08-14 06:09:39.912978+00:00,34,2025-08-14,83.62151575,True
76,8000262,Ost,2025-08-20 10:09:01.759987+00:00,31,2025-08-20,75.01412486666666,False
77,8000262,Ost,2025-08-24 16:58:19.432836+00:00,34,2025-08-24,101.677263,True
81,8000262,Ost,2025-08-29 07:32:09.662801+00:00,29,2025-08-29,75.23632455,True
82,8000262,Ost,2025-09-04 13:38:33.499422+00:00,6,2025-09-04,0.03839388333333334,False
83,8000262,Ost,2025-10-01 20:43:58.820479+00:00,3,2025-10-01,34.27056438333333,False
85,8000262,Ost,2025-10-08 07:31:48.873724+00:00,6,2025-10-08,10.003011783333333,True
87,8000262,Ost,2025-10-13 11:07:11.446360+00:00,37,2025-10-13,0.030179233333333333,False
88,8000262,Ost,2025-10-14 10:17:20.369555+00:00,53,2025-10-14,0.12615435,False
89,8000262,Ost,2025-10-14 16:07:30.593880+00:00,23,2025-10-14,100.00970281666667,True
91,8000262,Ost,2025-10-15 20:16:30.496512+00:00,21,2025-10-15,39.99610776666667,False
92,8000262,Ost,2025-10-24 07:38:54.334554+00:00,5,2025-10-24,10.42394705,True
93,8000262,Ost,2025-10-27 12:37:32.158869+00:00,26,2025-10-27,72.03463496666667,False
95,8000262,Ost,2025-10-27 21:39:59.313206+00:00,7,2025-10-27,28.002684016666667,False
99,8000262,Ost,2025-10-28 19:16:58.893094+00:00,5,2025-10-28,0.020535833333333333,True
100,8000262,Ost,2025-10-30 06:14:12.123196+00:00,28,2025-10-30,66.09582218333334,True
101,8000262,Ost,2025-10-30 08:16:21.224883+00:00,5,2025-10-30,0.005537733333333334,True
103,8000262,Ost,2025-11-06 14:10:31.595473+00:00,5,2025-11-06,12.00211945,False
104,8000262,Ost,2025-11-07 13:16:07.939663+00:00,14,2025-11-07,12.196403683333333,False
105,8000262,Ost,2025-11-17 17:17:48.663627+00:00,6,2025-11-17,0.27894516666666663,True
107,8000262,Ost,2025-11-20 06:59:37.749956+00:00,27,2025-11-20,75.99118536666667,True
108,8000262,Ost,2025-11-20 19:35:56.349266+00:00,12,2025-11-20,34.00045205,True
111,8000262,Ost,2025-12-01 16:17:02.080073+00:00,29,2025-12-01,0.2930703666666667,True
112,8000262,Ost,2025-12-05 07:13:02.107807+00:00,44,2025-12-05,95.99459188333334,True
113,8000262,Ost,2025-12-20 19:37:10.376481+00:00,13,2025-12-20,37.9847376,True
115,8000262,Ost,2025-12-28 15:21:35.219415+00:00,5,2025-12-28,24.001007183333336,True
117,8000262,Ost,2025-12-31 17:58:39.319173+00:00,3,2025-12-31,27.9932469,True
5,8000262,West,2025-01-04 17:07:55.334339+00:00,13,2025-01-04,29.987702016666667,True
8,8000262,West,2025-01-09 08:01:33.888299+00:00,6,2025-01-09,21.978773133333334,True
17,8000262,West,2025-02-08 18:39:01.963753+00:00,3,2025-02-08,7.9989282500000005,True
19,8000262,West,2025-02-17 17:46:13.731012+00:00,11,2025-02-17,21.995543416666667,True
20,8000262,West,2025-02-18 12:34:13.768548+00:00,30,2025-02-18,105.99979831666666,False
21,8000262,West,2025-02-18 18:16:14.015226+00:00,10,2025-02-18,0.00012706666666666667,True
25,8000262,West,2025-02-20 15:16:14.372158+00:00,6,2025-02-20,4.82e-05,True
26,8000262,West,2025-02-23 12:58:13.602434+00:00,3,2025-02-23,13.99505065,False
29,8000262,West,2025-03-14 15:55:24.013514+00:00,12,2025-03-14,26.000077383333334,True
32,8000262,West,2025-04-05 09:34:23.976199+00:00,12,2025-04-05,55.32971643333334,True
36,8000262,West,2025-04-07 10:17:21.976548+00:00,6,2025-04-07,0.03724845,False
40,8000262,West,2025-05-02 09:45:53.728846+00:00,21,2025-05-02,38.276167949999994,True
42,8000262,West,2025-05-07 15:37:33.429410+00:00,11,2025-05-07,32.81594426666667,True
43,8000262,West,2025-05-09 16:41:03.178662+00:00,25,2025-05-09,58.4953323,True
49,8000262,West,2025-05-25 13:54:03.639988+00:00,3,2025-05-25,26.812697716666666,False
52,8000262,West,2025-05-26 08:52:26.069376+00:00,6,2025-05-26,26.88612541666667,True
58,8000262,West,2025-06-16 14:23:22.332499+00:00,3,2025-06-16,9.0399771,False
62,8000262,West,2025-06-25 14:20:00.206957+00:00,4,2025-06-25,18.3266617,False
67,8000262,West,2025-07-04 12:59:46.995097+00:00,24,2025-07-04,62.48727228333333,False
72,8000262,West,2025-07-21 20:17:16.280341+00:00,20,2025-07-21,8.3105914,False
78,8000262,West,2025-08-27 06:15:54.552306+00:00,4,2025-08-27,16.3033789,True
79,8000262,West,2025-08-27 08:27:02.002079+00:00,10,2025-08-27,0.09128995,True
80,8000262,West,2025-08-27 13:03:56.263311+00:00,24,2025-08-27,0.03797283333333333,False
84,8000262,West,2025-10-02 19:16:58.288562+00:00,5,2025-10-02,0.10959345,True
86,8000262,West,2025-10-08 08:15:48.519796+00:00,6,2025-10-08,34.001141516666664,True
90,8000262,West,2025-10-15 16:00:09.863889+00:00,3,2025-10-15,20.16049955,True
94,8000262,West,2025-10-27 21:13:59.347812+00:00,3,2025-10-27,3.9955312833333334,False
98,8000262,West,2025-10-28 17:16:37.903435+00:00,27,2025-10-28,0.09264939999999999,True
102,8000262,West,2025-10-30 10:16:24.214118+00:00,3,2025-10-30,0.00435855,False
106,8000262,West,2025-11-19 17:25:10.955104+00:00,3,2025-11-19,21.999970949999998,True
109,8000262,West,2025-11-22 18:16:03.072263+00:00,3,2025-11-22,19.995807,True
110,8000262,West,2025-11-27 15:16:58.760906+00:00,19,2025-11-27,0.21205469999999998,True
114,8000262,West,2025-12-28 14:09:36.930518+00:00,20,2025-12-28,49.9849516,False
116,8000262,West,2025-12-31 17:08:38.880488+00:00,16,2025-12-31,30.006518649999997,True
118,8004128,Ost,2025-01-01 12:17:51.181793+00:00,37,2025-01-01,114.01550431666666,False
120,8004128,Ost,2025-01-02 21:39:51.289220+00:00,3,2025-01-02,16.005427583333333,False
121,8004128,Ost,2025-01-03 17:17:52.858545+00:00,49,2025-01-03,95.98610631666666,True
123,8004128,Ost,2025-01-04 18:13:52.615935+00:00,7,2025-01-04,25.9913155,True
125,8004128,Ost,2025-01-09 16:55:30.249648+00:00,3,2025-01-09,17.983639966666665,True
127,8004128,Ost,2025-01-15 21:11:23.965575+00:00,6,2025-01-15,12.002478716666667,False
129,8004128,Ost,2025-01-22 11:15:24.293278+00:00,3,2025-01-22,2.01224915,False
131,8004128,Ost,2025-01-25 19:39:25.193070+00:00,5,2025-01-25,23.9953175,True
132,8004128,Ost,2025-01-29 08:17:19.021585+00:00,44,2025-01-29,23.942214533333335,True
133,8004128,Ost,2025-02-07 11:17:02.366222+00:00,31,2025-02-07,0.00431915,False
134,8004128,Ost,2025-02-15 11:34:12.128841+00:00,26,2025-02-15,54.000872400000006,False
138,8004128,Ost,2025-02-20 04:56:12.394349+00:00,10,2025-02-20,22.018981900000004,False
139,8004128,Ost,2025-02-20 13:06:12.703042+00:00,28,2025-02-20,89.99882616666667,False
141,8004128,Ost,2025-02-27 07:26:13.114613+00:00,29,2025-02-27,58.00018768333334,True
142,8004128,Ost,2025-03-05 22:16:51.956022+00:00,3,2025-03-05,0.00626345,False
144,8004128,Ost,2025-03-14 17:17:22.172433+00:00,20,2025-03-14,0.00176815,True
145,8004128,Ost,2025-03-22 16:38:00.966243+00:00,11,2025-03-22,24.801005466666666,True
146,8004128,Ost,2025-04-05 09:53:42.620562+00:00,14,2025-04-05,33.008613016666665,True
148,8004128,Ost,2025-04-05 12:45:22.409432+00:00,4,2025-04-05,16.0783373,False
151,8004128,Ost,2025-04-12 22:24:23.473467+00:00,4,2025-04-12,17.527165,False
152,8004128,Ost,2025-04-13 20:43:34.525321+00:00,9,2025-04-13,22.209918183333333,False
154,8004128,Ost,2025-05-07 12:54:07.868841+00:00,16,2025-05-07,36.23076651666667,False
156,8004128,Ost,2025-05-07 16:50:04.493900+00:00,3,2025-05-07,23.8401281,True
158,8004128,Ost,2025-05-12 06:07:50.355629+00:00,9,2025-05-12,15.88980165,True
159,8004128,Ost,2025-05-15 12:17:59.153535+00:00,9,2025-05-15,0.10270166666666666,False
160,8004128,Ost,2025-05-20 05:46:08.264144+00:00,6,2025-05-20,8.77365705,False
163,8004128,Ost,2025-05-26 08:16:38.595032+00:00,10,2025-05-26,0.00396735,True
169,8004128,Ost,2025-06-05 16:58:08.019695+00:00,26,2025-06-05,44.91304838333333,True
171,8004128,Ost,2025-06-17 16:05:44.511980+00:00,9,2025-06-17,11.519868116666666,True
173,8004128,Ost,2025-06-23 18:15:52.693310+00:00,43,2025-06-23,67.12493341666666,True
174,8004128,Ost,2025-06-23 21:17:08.203031+00:00,6,2025-06-23,0.006710483333333334,False
176,8004128,Ost,2025-06-25 16:08:25.684850+00:00,20,2025-06-25,69.36887885,True
177,8004128,Ost,2025-07-03 09:16:47.271255+00:00,5,2025-07-03,18.56754116666667,True
181,8004128,Ost,2025-07-07 05:50:50.088727+00:00,6,2025-07-07,31.368665200000002,False
182,8004128,Ost,2025-07-18 12:02:39.664291+00:00,4,2025-07-18,2.4474880333333333,False
183,8004128,Ost,2025-07-20 12:20:14.498255+00:00,4,2025-07-20,14.4255267,False
185,8004128,Ost,2025-07-21 20:18:01.166628+00:00,29,2025-07-21,8.4279767,False
187,8004128,Ost,2025-08-04 14:48:11.722035+00:00,4,2025-08-04,4.259992033333334,False
188,8004128,Ost,2025-08-14 05:56:17.425217+00:00,34,2025-08-14,70.9403702,False
189,8004128,Ost,2025-08-20 10:09:44.894873+00:00,27,2025-08-20,55.55136006666667,False
190,8004128,Ost,2025-08-24 18:07:54.463915+00:00,32,2025-08-24,0.042805916666666666,True
194,8004128,Ost,2025-08-29 07:22:53.757801+00:00,27,2025-08-29,54.79329315,True
195,8004128,Ost,2025-09-04 13:39:15.232064+00:00,6,2025-09-04,0.024170616666666665,False
201,8004128,Ost,2025-10-14 16:31:51.378851+00:00,17,2025-10-14,62.00550751666666,True
203,8004128,Ost,2025-10-15 20:16:50.467447+00:00,21,2025-10-15,23.99163575,False
204,8004128,Ost,2025-10-27 12:29:53.866306+00:00,26,2025-10-27,82.00124816666667,False
205,8004128,Ost,2025-10-27 15:17:57.651985+00:00,3,2025-10-27,0.0036313499999999998,True
207,8004128,Ost,2025-10-28 13:16:31.138317+00:00,37,2025-10-28,62.072238250000005,False
210,8004128,Ost,2025-10-28 19:17:19.703314+00:00,5,2025-10-28,0.018718233333333334,True
212,8004128,Ost,2025-10-30 06:02:33.118336+00:00,28,2025-10-30,62.08569678333333,True
213,8004128,Ost,2025-10-30 08:16:42.979912+00:00,3,2025-10-30,0.0031319833333333332,True
219,8004128,Ost,2025-11-20 19:26:14.667601+00:00,8,2025-11-20,12.012393483333334,True
222,8004128,Ost,2025-12-01 16:17:22.414507+00:00,29,2025-12-01,0.2273461,True
224,8004128,Ost,2025-12-20 19:39:28.404019+00:00,7,2025-12-20,19.991971083333333,True
119,8004128,West,2025-01-02 20:17:53.217602+00:00,29,2025-01-02,61.9657131,False
122,8004128,West,2025-01-04 17:09:51.618154+00:00,17,2025-01-04,32.0225331,True
124,8004128,West,2025-01-09 07:59:29.636802+00:00,9,2025-01-09,18.007974049999998,True
126,8004128,West,2025-01-10 14:15:06.921209+00:00,5,2025-01-10,0.00040534999999999996,False
128,8004128,West,2025-01-18 15:43:24.247449+00:00,26,2025-01-18,60.00033753333333,True
130,8004128,West,2025-01-25 19:17:25.971711+00:00,22,2025-01-25,5.97594085,True
135,8004128,West,2025-02-17 17:44:12.363521+00:00,22,2025-02-17,54.00252435,True
136,8004128,West,2025-02-18 12:34:12.274341+00:00,33,2025-02-18,100.0008635,False
137,8004128,West,2025-02-18 18:16:12.769372+00:00,10,2025-02-18,0.0007894666666666667,True
140,8004128,West,2025-02-20 15:16:12.857416+00:00,6,2025-02-20,0.00030045,True
143,8004128,West,2025-03-14 15:53:22.698367+00:00,20,2025-03-14,39.99956491666667,True
147,8004128,West,2025-04-05 11:01:53.912539+00:00,3,2025-04-05,10.277559733333334,False
149,8004128,West,2025-04-07 05:34:05.741577+00:00,51,2025-04-07,142.75856328333333,False
150,8004128,West,2025-04-07 10:16:12.522794+00:00,6,2025-04-07,0.0232803,False
153,8004128,West,2025-05-02 09:26:59.517233+00:00,26,2025-05-02,70.41365546666665,True
155,8004128,West,2025-05-07 15:41:03.187436+00:00,20,2025-05-07,28.128407616666667,True
157,8004128,West,2025-05-09 16:39:24.296578+00:00,34,2025-05-09,51.30568745,True
161,8004128,West,2025-05-24 18:07:20.763710+00:00,4,2025-05-24,42.75377758333333,True
162,8004128,West,2025-05-25 14:08:33.455023+00:00,3,2025-05-25,25.17873645,False
168,8004128,West,2025-06-04 15:09:00.073596+00:00,51,2025-06-04,109.95202601666666,True
170,8004128,West,2025-06-05 18:15:50.709046+00:00,6,2025-06-05,40.31491518333333,True
172,8004128,West,2025-06-21 20:49:43.140306+00:00,30,2025-06-21,73.72778873333333,False
175,8004128,West,2025-06-25 14:32:35.631197+00:00,4,2025-06-25,14.410774733333334,False
178,8004128,West,2025-07-04 09:36:35.600461+00:00,22,2025-07-04,68.37892316666667,True
184,8004128,West,2025-07-21 19:20:23.840204+00:00,4,2025-07-21,7.887593766666667,True
186,8004128,West,2025-07-22 12:33:21.574794+00:00,41,2025-07-22,119.88103405,False
196,8004128,West,2025-10-02 00:10:30.777873+00:00,4,2025-10-02,0.00074775,False
197,8004128,West,2025-10-02 19:17:12.684448+00:00,5,2025-10-02,0.08793491666666667,True
198,8004128,West,2025-10-08 08:24:07.192222+00:00,6,2025-10-08,36.00185738333333,True
199,8004128,West,2025-10-13 11:07:57.054705+00:00,38,2025-10-13,0.033701966666666666,False
200,8004128,West,2025-10-14 10:17:37.346511+00:00,53,2025-10-14,0.14207511666666667,False
202,8004128,West,2025-10-15 16:04:29.737863+00:00,3,2025-10-15,16.17601948333333,True
206,8004128,West,2025-10-28 09:58:15.457601+00:00,8,2025-10-28,0.07854656666666666,True
208,8004128,West,2025-10-28 14:44:35.168999+00:00,3,2025-10-28,3.997437966666667,False
209,8004128,West,2025-10-28 17:16:59.804235+00:00,35,2025-10-28,0.07400768333333334,True
211,8004128,West,2025-10-29 10:30:55.745138+00:00,5,2025-10-29,6.0227764,False
214,8004128,West,2025-10-30 10:16:44.917735+00:00,4,2025-10-30,0.006703666666666667,False
215,8004128,West,2025-11-07 13:16:29.556847+00:00,9,2025-11-07,0.009282533333333334,False
216,8004128,West,2025-11-17 17:18:10.655563+00:00,11,2025-11-17,0.3673329166666666,True
217,8004128,West,2025-11-19 17:37:29.998862+00:00,3,2025-11-19,5.99435445,True
218,8004128,West,2025-11-20 06:51:56.567229+00:00,25,2025-11-20,61.993859283333336,True
220,8004128,West,2025-11-22 18:30:21.416633+00:00,3,2025-11-22,7.999567416666666,True
221,8004128,West,2025-11-27 15:17:18.055278+00:00,26,2025-11-27,0.16240781666666668,True
223,8004128,West,2025-12-05 07:17:21.839245+00:00,38,2025-12-05,93.98242721666666,True
225,8004128,West,2025-12-28 14:09:55.150493+00:00,24,2025-12-28,101.97663468333333,False
228,8004129,Ost,2025-01-01 12:17:52.910385+00:00,37,2025-01-01,116.00610215,False
230,8004129,Ost,2025-01-02 21:47:51.324025+00:00,3,2025-01-02,9.996411083333333,False
231,8004129,Ost,2025-01-03 17:13:53.252127+00:00,53,2025-01-03,99.98980283333334,True
233,8004129,Ost,2025-01-04 18:17:52.849912+00:00,7,2025-01-04,21.991380733333333,True
235,8004129,Ost,2025-01-09 16:57:30.274535+00:00,4,2025-01-09,18.00231435,True
237,8004129,Ost,2025-01-15 21:11:24.014998+00:00,6,2025-01-15,12.002233383333333,False
239,8004129,Ost,2025-01-22 11:17:25.073817+00:00,3,2025-01-22,1.9946038333333334,False
241,8004129,Ost,2025-01-25 19:41:24.926033+00:00,5,2025-01-25,23.995592183333333,True
242,8004129,Ost,2025-01-29 08:17:19.411062+00:00,45,2025-01-29,21.9276546,True
243,8004129,Ost,2025-02-07 11:17:02.770432+00:00,31,2025-02-07,0.0031249,False
245,8004129,Ost,2025-02-15 11:46:12.067335+00:00,26,2025-02-15,43.988250799999996,False
249,8004129,Ost,2025-02-20 04:34:11.849890+00:00,12,2025-02-20,44.02843336666667,False
250,8004129,Ost,2025-02-20 13:06:12.752188+00:00,30,2025-02-20,87.99937363333333,False
252,8004129,Ost,2025-02-27 07:26:13.176625+00:00,30,2025-02-27,51.996995616666666,True
253,8004129,Ost,2025-03-05 22:16:52.651554+00:00,3,2025-03-05,0.0006172333333333333,False
254,8004129,Ost,2025-03-09 11:21:14.062376+00:00,3,2025-03-09,8.003641166666666,False
256,8004129,Ost,2025-03-14 17:17:22.440810+00:00,21,2025-03-14,0.00246315,True
257,8004129,Ost,2025-03-22 16:36:03.588513+00:00,12,2025-03-22,26.768847166666667,True
258,8004129,Ost,2025-04-05 09:53:49.894828+00:00,14,2025-04-05,32.92412101666667,True
259,8004129,Ost,2025-04-05 12:47:28.363467+00:00,4,2025-04-05,14.008103783333333,False
262,8004129,Ost,2025-04-12 22:28:43.576464+00:00,4,2025-04-12,15.467015049999999,False
263,8004129,Ost,2025-04-13 20:43:35.665933+00:00,9,2025-04-13,20.0256579,False
265,8004129,Ost,2025-05-07 13:03:33.616512+00:00,17,2025-05-07,29.013251516666667,False
269,8004129,Ost,2025-05-12 06:07:52.445846+00:00,10,2025-05-12,18.6858059,True
270,8004129,Ost,2025-05-15 12:18:05.697384+00:00,9,2025-05-15,0.008838283333333334,False
271,8004129,Ost,2025-05-19 10:48:49.985312+00:00,4,2025-05-19,2.911404183333333,False
272,8004129,Ost,2025-05-20 05:47:59.539165+00:00,6,2025-05-20,10.282319333333334,False
273,8004129,Ost,2025-05-24 17:51:09.597166+00:00,3,2025-05-24,14.700992816666666,True
275,8004129,Ost,2025-05-26 08:16:39.144998+00:00,10,2025-05-26,0.0007304666666666667,True
280,8004129,Ost,2025-06-04 15:06:59.071375+00:00,50,2025-06-04,111.97885193333333,True
281,8004129,Ost,2025-06-05 16:58:16.042813+00:00,29,2025-06-05,46.781438566666665,True
283,8004129,Ost,2025-06-17 16:07:58.897152+00:00,9,2025-06-17,11.542855416666667,True
285,8004129,Ost,2025-06-21 21:16:23.729448+00:00,27,2025-06-21,53.90235866666667,False
287,8004129,Ost,2025-06-23 21:17:10.053788+00:00,6,2025-06-23,0.00326785,False
289,8004129,Ost,2025-06-25 16:10:02.074172+00:00,21,2025-06-25,84.50519896666667,True
290,8004129,Ost,2025-07-03 09:16:47.956563+00:00,5,2025-07-03,18.5618277,True
293,8004129,Ost,2025-07-07 05:50:50.668463+00:00,7,2025-07-07,31.37070195,False
294,8004129,Ost,2025-07-18 12:00:36.757032+00:00,4,2025-07-18,2.059603833333333,False
295,8004129,Ost,2025-07-20 12:20:16.485748+00:00,4,2025-07-20,14.399630633333334,False
297,8004129,Ost,2025-07-21 20:18:04.941266+00:00,29,2025-07-21,12.132514200000001,False
299,8004129,Ost,2025-08-04 14:52:27.689774+00:00,4,2025-08-04,17.285213016666667,False
300,8004129,Ost,2025-08-14 05:56:17.624516+00:00,34,2025-08-14,75.10595548333335,False
301,8004129,Ost,2025-08-20 10:09:45.042223+00:00,29,2025-08-20,64.42675695,False
302,8004129,Ost,2025-08-24 18:07:57.658142+00:00,32,2025-08-24,3.2525638,True
305,8004129,Ost,2025-08-29 07:22:53.782222+00:00,28,2025-08-29,52.782244383333335,True
306,8004129,Ost,2025-09-04 13:39:15.165005+00:00,6,2025-09-04,0.021935633333333333,False
312,8004129,Ost,2025-10-14 10:17:33.314118+00:00,53,2025-10-14,0.12994626666666667,False
313,8004129,Ost,2025-10-14 16:31:51.491126+00:00,18,2025-10-14,60.00717325,True
315,8004129,Ost,2025-10-15 20:16:50.334672+00:00,21,2025-10-15,25.988324566666666,False
316,8004129,Ost,2025-10-27 12:31:52.571531+00:00,26,2025-10-27,72.02688056666666,False
317,8004129,Ost,2025-10-27 15:17:57.468429+00:00,3,2025-10-27,0.004222233333333334,True
319,8004129,Ost,2025-10-28 13:16:30.761935+00:00,38,2025-10-28,62.071865083333336,False
321,8004129,Ost,2025-10-28 19:17:19.295070+00:00,5,2025-10-28,0.024405783333333333,True
323,8004129,Ost,2025-10-30 06:06:33.029069+00:00,28,2025-10-30,62.0818429,True
324,8004129,Ost,2025-10-30 08:16:42.816589+00:00,4,2025-10-30,0.00565945,True
328,8004129,Ost,2025-11-17 16:10:06.608675+00:00,4,2025-11-17,5.992405166666667,True
330,8004129,Ost,2025-11-20 06:53:55.699093+00:00,26,2025-11-20,60.00817668333333,True
331,8004129,Ost,2025-11-20 19:26:14.442492+00:00,9,2025-11-20,16.0160115,True
334,8004129,Ost,2025-12-01 16:17:22.227707+00:00,29,2025-12-01,0.20520763333333333,True
335,8004129,Ost,2025-12-05 07:13:21.013036+00:00,40,2025-12-05,97.997004,True
336,8004129,Ost,2025-12-05 10:07:23.612566+00:00,3,2025-12-05,22.008138683333335,False
337,8004129,Ost,2025-12-20 19:41:28.218883+00:00,7,2025-12-20,20.018148133333334,True
339,8004129,Ost,2025-12-28 15:21:53.536833+00:00,5,2025-12-28,17.997218416666666,True
229,8004129,West,2025-01-02 20:17:54.175769+00:00,29,2025-01-02,63.96618578333334,False
232,8004129,West,2025-01-04 17:09:52.085711+00:00,17,2025-01-04,30.016793166666666,True
234,8004129,West,2025-01-09 07:59:30.316726+00:00,9,2025-01-09,18.008056399999997,True
236,8004129,West,2025-01-10 14:15:10.238998+00:00,3,2025-01-10,0.00048338333333333336,False
238,8004129,West,2025-01-18 15:43:24.292728+00:00,26,2025-01-18,62.003361850000005,True
240,8004129,West,2025-01-25 19:17:26.315683+00:00,22,2025-01-25,7.971493383333334,True
244,8004129,West,2025-02-08 18:49:00.763594+00:00,3,2025-02-08,25.999883566666664,True
246,8004129,West,2025-02-17 17:44:12.400739+00:00,19,2025-02-17,54.00250181666667,True
247,8004129,West,2025-02-18 12:34:12.376086+00:00,33,2025-02-18,94.00277935000001,False
248,8004129,West,2025-02-18 18:16:12.887832+00:00,10,2025-02-18,0.00014056666666666668,True
251,8004129,West,2025-02-20 15:02:12.558498+00:00,7,2025-02-20,14.005845833333332,True
255,8004129,West,2025-03-14 15:53:22.794586+00:00,20,2025-03-14,37.99191153333334,True
260,8004129,West,2025-04-07 05:34:11.693211+00:00,49,2025-04-07,132.26476215,False
261,8004129,West,2025-04-07 10:16:18.514449+00:00,6,2025-04-07,0.009769066666666666,False
264,8004129,West,2025-05-02 09:39:42.339079+00:00,24,2025-05-02,55.60438705,True
267,8004129,West,2025-05-07 15:38:37.104424+00:00,18,2025-05-07,30.607732783333333,True
268,8004129,West,2025-05-09 16:29:11.628376+00:00,34,2025-05-09,61.554476916666665,True
282,8004129,West,2025-06-05 18:10:14.474530+00:00,6,2025-06-05,37.62769086666666,True
284,8004129,West,2025-06-21 20:49:43.922094+00:00,3,2025-06-21,11.520909516666668,False
286,8004129,West,2025-06-23 18:09:39.271618+00:00,43,2025-06-23,79.21421661666666,True
288,8004129,West,2025-06-25 14:38:59.995799+00:00,3,2025-06-25,11.996677283333334,False
291,8004129,West,2025-07-04 09:42:21.628332+00:00,21,2025-07-04,69.39277303333333,True
292,8004129,West,2025-07-04 12:56:00.195677+00:00,30,2025-07-04,95.68154933333334,False
296,8004129,West,2025-07-21 19:16:31.185967+00:00,3,2025-07-21,3.8825690833333337,True
298,8004129,West,2025-07-22 12:33:22.964687+00:00,41,2025-07-22,115.37714726666667,False
303,8004129,West,2025-08-27 05:59:11.847379+00:00,26,2025-08-27,133.5246407,False
304,8004129,West,2025-08-27 08:28:10.123046+00:00,17,2025-08-27,0.0013737833333333333,True
307,8004129,West,2025-10-02 00:10:30.519636+00:00,4,2025-10-02,0.0012385666666666667,False
308,8004129,West,2025-10-02 19:17:14.170960+00:00,5,2025-10-02,0.09685748333333333,True
311,8004129,West,2025-10-13 11:07:56.705646+00:00,35,2025-10-13,0.020371399999999998,False
314,8004129,West,2025-10-15 16:04:29.610277+00:00,3,2025-10-15,16.172052666666666,True
318,8004129,West,2025-10-27 21:14:18.925674+00:00,7,2025-10-27,52.0033696,False
320,8004129,West,2025-10-28 17:16:59.691390+00:00,35,2025-10-28,0.059060800000000004,True
322,8004129,West,2025-10-29 10:28:55.992429+00:00,5,2025-10-29,6.004397183333333,False
325,8004129,West,2025-10-30 10:16:45.348954+00:00,4,2025-10-30,0.00552975,False
326,8004129,West,2025-11-07 13:16:29.760345+00:00,13,2025-11-07,16.158873916666668,False
327,8004129,West,2025-11-17 14:27:11.359090+00:00,8,2025-11-17,18.129441566666667,False
329,8004129,West,2025-11-19 17:33:29.437719+00:00,3,2025-11-19,10.0099357,True
332,8004129,West,2025-11-22 18:30:21.642206+00:00,3,2025-11-22,15.995389816666666,True
333,8004129,West,2025-11-27 15:17:18.068303+00:00,26,2025-11-27,0.17315721666666667,True
338,8004129,West,2025-12-28 14:09:55.504572+00:00,24,2025-12-28,55.96546643333333,False
340,8004129,West,2025-12-31 17:12:57.067593+00:00,20,2025-12-31,34.01047406666667,True
341,8004131,Ost,2025-01-01 12:17:55.612491+00:00,37,2025-01-01,123.97736581666666,False
343,8004131,Ost,2025-01-02 21:49:57.364151+00:00,3,2025-01-02,9.941805966666667,False
344,8004131,Ost,2025-01-03 17:13:54.700266+00:00,54,2025-01-03,109.98932246666666,True
346,8004131,Ost,2025-01-04 18:23:54.007634+00:00,8,2025-01-04,40.017384916666664,True
348,8004131,Ost,2025-01-09 16:57:32.132114+00:00,5,2025-01-09,25.997504783333333,True
349,8004131,Ost,2025-01-15 21:11:24.083602+00:00,6,2025-01-15,12.001992666666666,False
350,8004131,Ost,2025-01-18 15:39:24.421782+00:00,25,2025-01-18,61.994122733333334,True
351,8004131,Ost,2025-01-22 11:17:25.143813+00:00,3,2025-01-22,7.992628216666666,False
352,8004131,Ost,2025-01-22 19:17:28.358864+00:00,3,2025-01-22,0.0005716666666666666,True
355,8004131,Ost,2025-01-29 08:17:19.741322+00:00,45,2025-01-29,21.924049733333334,True
356,8004131,Ost,2025-02-07 11:17:03.114482+00:00,35,2025-02-07,1.9602942166666668,False
357,8004131,Ost,2025-02-15 11:46:12.176402+00:00,26,2025-02-15,51.99765215,False
361,8004131,Ost,2025-02-20 04:16:13.728360+00:00,18,2025-02-20,69.98368876666667,False
362,8004131,Ost,2025-02-20 13:06:12.819061+00:00,31,2025-02-20,99.98912063333334,False
365,8004131,Ost,2025-02-27 07:22:12.966188+00:00,35,2025-02-27,60.004745666666665,True
366,8004131,Ost,2025-03-05 22:16:53.118356+00:00,3,2025-03-05,0.0009735333333333333,False
367,8004131,Ost,2025-03-09 11:31:14.164420+00:00,4,2025-03-09,21.996344383333334,False
369,8004131,Ost,2025-03-14 17:17:22.802044+00:00,25,2025-03-14,0.002346333333333333,True
370,8004131,Ost,2025-03-22 16:38:02.318739+00:00,12,2025-03-22,31.84917696666667,True
373,8004131,Ost,2025-04-05 12:49:30.071124+00:00,4,2025-04-05,11.99960775,False
374,8004131,Ost,2025-04-07 06:17:42.869116+00:00,47,2025-04-07,68.37869238333333,True
376,8004131,Ost,2025-04-07 16:17:25.405664+00:00,3,2025-04-07,4.02244225,True
377,8004131,Ost,2025-04-12 22:31:06.462265+00:00,4,2025-04-12,19.417148283333333,False
378,8004131,Ost,2025-04-13 20:52:26.306102+00:00,9,2025-04-13,20.293698383333332,False
380,8004131,Ost,2025-05-07 13:08:05.311924+00:00,20,2025-05-07,26.913105366666667,False
384,8004131,Ost,2025-05-12 06:07:56.331510+00:00,10,2025-05-12,25.592711883333333,True
385,8004131,Ost,2025-05-15 12:18:06.571544+00:00,9,2025-05-15,0.0040961999999999995,False
386,8004131,Ost,2025-05-19 10:55:30.280283+00:00,4,2025-05-19,4.249235616666667,False
387,8004131,Ost,2025-05-20 05:54:54.890568+00:00,6,2025-05-20,9.901933683333334,False
388,8004131,Ost,2025-05-24 17:42:54.158392+00:00,7,2025-05-24,63.11744863333333,True
395,8004131,Ost,2025-06-04 07:50:55.600606+00:00,4,2025-06-04,4.666055183333333,True
396,8004131,Ost,2025-06-04 15:07:00.407287+00:00,50,2025-06-04,107.89128313333335,True
397,8004131,Ost,2025-06-05 16:58:22.309088+00:00,32,2025-06-05,79.57621963333332,True
399,8004131,Ost,2025-06-17 16:07:59.188598+00:00,9,2025-06-17,17.433028283333332,True
401,8004131,Ost,2025-06-21 21:16:24.442375+00:00,30,2025-06-21,41.095901000000005,False
402,8004131,Ost,2025-06-23 18:17:44.403621+00:00,44,2025-06-23,65.31163681666666,True
403,8004131,Ost,2025-06-23 21:17:10.920236+00:00,6,2025-06-23,0.0018075833333333334,False
405,8004131,Ost,2025-06-25 16:16:19.545565+00:00,21,2025-06-25,78.21891458333333,True
406,8004131,Ost,2025-07-03 09:18:59.251931+00:00,8,2025-07-03,19.906394683333335,True
409,8004131,Ost,2025-07-04 14:20:59.078291+00:00,4,2025-07-04,21.359160916666667,False
410,8004131,Ost,2025-07-07 05:48:49.921300+00:00,12,2025-07-07,40.01019228333334,False
411,8004131,Ost,2025-07-18 12:12:12.963007+00:00,4,2025-07-18,10.06840865,False
412,8004131,Ost,2025-07-20 12:20:18.299895+00:00,3,2025-07-20,19.971604033333332,False
413,8004131,Ost,2025-07-21 20:18:05.593431+00:00,30,2025-07-21,8.378225133333334,False
415,8004131,Ost,2025-08-04 14:56:02.227050+00:00,4,2025-08-04,7.326966583333333,False
416,8004131,Ost,2025-08-14 06:06:22.719267+00:00,34,2025-08-14,77.07150551666668,True
417,8004131,Ost,2025-08-20 10:09:45.363265+00:00,31,2025-08-20,67.82060496666666,False
418,8004131,Ost,2025-08-24 16:59:11.836573+00:00,32,2025-08-24,106.91718245,True
422,8004131,Ost,2025-08-29 07:22:53.951489+00:00,29,2025-08-29,83.23131265,True
423,8004131,Ost,2025-09-04 13:39:14.928960+00:00,6,2025-09-04,0.0266175,False
426,8004131,Ost,2025-10-08 07:26:07.445849+00:00,5,2025-10-08,13.996451383333333,True
428,8004131,Ost,2025-10-13 11:07:56.656498+00:00,36,2025-10-13,0.0269812,False
429,8004131,Ost,2025-10-14 10:17:37.077045+00:00,53,2025-10-14,0.15016313333333334,False
430,8004131,Ost,2025-10-14 16:31:51.323870+00:00,20,2025-10-14,56.00682208333333,True
432,8004131,Ost,2025-10-15 20:16:51.765943+00:00,4,2025-10-15,9.961271883333334,False
433,8004131,Ost,2025-10-27 12:37:52.603192+00:00,26,2025-10-27,68.03151,False
434,8004131,Ost,2025-10-27 15:17:58.178235+00:00,3,2025-10-27,13.979529000000001,True
435,8004131,Ost,2025-10-27 21:28:19.021794+00:00,6,2025-10-27,21.999817150000002,False
439,8004131,Ost,2025-10-28 19:17:19.370349+00:00,5,2025-10-28,0.025880833333333332,True
440,8004131,Ost,2025-10-30 06:06:35.166937+00:00,28,2025-10-30,70.07923428333334,True
441,8004131,Ost,2025-10-30 08:16:42.564591+00:00,5,2025-10-30,0.0025072999999999996,True
443,8004131,Ost,2025-11-06 14:06:51.677064+00:00,5,2025-11-06,10.004477549999999,False
445,8004131,Ost,2025-11-07 13:16:29.591133+00:00,15,2025-11-07,18.2221191,False
448,8004131,Ost,2025-11-20 06:59:55.827018+00:00,26,2025-11-20,62.00975003333333,True
449,8004131,Ost,2025-11-20 19:26:14.686826+00:00,11,2025-11-20,18.000628983333335,True
452,8004131,Ost,2025-12-01 16:17:22.200199+00:00,29,2025-12-01,0.23982075,True
453,8004131,Ost,2025-12-05 07:13:20.998485+00:00,44,2025-12-05,113.99499268333334,True
454,8004131,Ost,2025-12-05 10:13:23.570424+00:00,3,2025-12-05,23.998874666666666,False
455,8004131,Ost,2025-12-20 19:37:28.407962+00:00,10,2025-12-20,41.99335675,True
457,8004131,Ost,2025-12-28 15:21:53.560502+00:00,6,2025-12-28,32.00576246666667,True
345,8004131,West,2025-01-04 17:01:54.991078+00:00,16,2025-01-04,37.98651005,True
347,8004131,West,2025-01-09 07:59:32.854919+00:00,8,2025-01-09,25.995396149999998,True
358,8004131,West,2025-02-17 17:48:12.592421+00:00,12,2025-02-17,18.002714366666666,True
359,8004131,West,2025-02-18 12:34:12.482163+00:00,33,2025-02-18,102.00217766666667,False
360,8004131,West,2025-02-18 18:16:12.974499+00:00,10,2025-02-18,0.0001572,True
363,8004131,West,2025-02-20 15:16:12.961783+00:00,6,2025-02-20,4.785e-05,True
364,8004131,West,2025-02-23 13:10:12.784405+00:00,3,2025-02-23,17.993463533333333,False
368,8004131,West,2025-03-14 15:53:22.885164+00:00,15,2025-03-14,32.0000681,True
371,8004131,West,2025-04-05 09:35:34.278145+00:00,11,2025-04-05,51.2286421,True
375,8004131,West,2025-04-07 10:16:20.679057+00:00,6,2025-04-07,0.0026149333333333334,False
379,8004131,West,2025-05-02 09:39:43.865859+00:00,24,2025-05-02,48.2271785,True
382,8004131,West,2025-05-07 15:48:42.083488+00:00,14,2025-05-07,20.566833966666664,True
383,8004131,West,2025-05-09 16:42:17.037652+00:00,28,2025-05-09,45.28129176666666,True
398,8004131,West,2025-06-05 18:32:59.623712+00:00,4,2025-06-05,12.83616075,True
400,8004131,West,2025-06-21 20:49:44.271476+00:00,3,2025-06-21,4.313514316666667,False
404,8004131,West,2025-06-25 14:18:37.365458+00:00,4,2025-06-25,28.404174533333332,False
407,8004131,West,2025-07-04 09:36:38.999886+00:00,18,2025-07-04,80.71492414999999,True
408,8004131,West,2025-07-04 12:57:52.587003+00:00,25,2025-07-04,50.80126505,False
414,8004131,West,2025-07-22 12:29:21.547565+00:00,39,2025-07-22,111.46390283333334,False
421,8004131,West,2025-08-27 08:28:10.508779+00:00,9,2025-08-27,0.008607866666666667,True
424,8004131,West,2025-10-02 00:10:31.079256+00:00,3,2025-10-02,0.006677816666666667,False
425,8004131,West,2025-10-02 19:17:10.508049+00:00,5,2025-10-02,0.08623154999999999,True
427,8004131,West,2025-10-08 08:20:07.980847+00:00,6,2025-10-08,31.985919799999998,True
431,8004131,West,2025-10-15 16:02:30.848052+00:00,3,2025-10-15,18.153014250000002,True
438,8004131,West,2025-10-28 17:16:59.712156+00:00,32,2025-10-28,0.07507926666666667,True
442,8004131,West,2025-10-30 10:16:44.843663+00:00,3,2025-10-30,0.0037297333333333334,False
444,8004131,West,2025-11-07 11:46:21.611087+00:00,3,2025-11-07,23.98579835,False
446,8004131,West,2025-11-17 17:18:10.451176+00:00,9,2025-11-17,0.4438961,True
447,8004131,West,2025-11-19 17:27:30.357203+00:00,3,2025-11-19,15.994890333333332,True
450,8004131,West,2025-11-22 18:18:21.802054+00:00,3,2025-11-22,19.990885966666667,True
451,8004131,West,2025-11-27 15:17:18.119925+00:00,25,2025-11-27,0.13683068333333334,True
456,8004131,West,2025-12-28 14:09:54.272449+00:00,23,2025-12-28,52.02104503333333,False
458,8004131,West,2025-12-31 17:06:57.288031+00:00,19,2025-12-31,36.0050908,True
459,8004132,Ost,2025-01-01 12:17:55.711258+00:00,37,2025-01-01,119.97714446666667,False
461,8004132,Ost,2025-01-02 21:51:53.227574+00:00,3,2025-01-02,10.02365155,False
463,8004132,Ost,2025-01-03 18:53:54.659032+00:00,3,2025-01-03,7.979605916666667,True
465,8004132,Ost,2025-01-04 18:17:53.991204+00:00,7,2025-01-04,21.994707133333335,True
467,8004132,Ost,2025-01-09 16:57:32.529611+00:00,5,2025-01-09,21.96709815,True
468,8004132,Ost,2025-01-15 21:11:24.116158+00:00,6,2025-01-15,12.0020568,False
470,8004132,Ost,2025-01-22 11:19:24.860309+00:00,3,2025-01-22,3.855e-05,False
471,8004132,Ost,2025-01-25 19:17:27.132968+00:00,26,2025-01-25,49.970409133333334,True
472,8004132,Ost,2025-01-29 08:17:20.023433+00:00,45,2025-01-29,23.927360516666667,True
473,8004132,Ost,2025-02-07 11:17:03.443072+00:00,32,2025-02-07,3.9613012333333333,False
474,8004132,Ost,2025-02-15 11:46:12.222909+00:00,26,2025-02-15,35.99658723333334,False
478,8004132,Ost,2025-02-20 04:56:12.638951+00:00,15,2025-02-20,46.00248808333333,False
480,8004132,Ost,2025-02-20 14:24:12.622183+00:00,3,2025-02-20,10.0030445,False
483,8004132,Ost,2025-02-24 12:44:12.933185+00:00,4,2025-02-24,14.001021216666667,False
484,8004132,Ost,2025-02-27 07:26:13.324248+00:00,34,2025-02-27,63.99343,True
485,8004132,Ost,2025-03-05 22:16:53.397181+00:00,3,2025-03-05,0.0008619166666666666,False
486,8004132,Ost,2025-03-09 11:29:14.351798+00:00,4,2025-03-09,23.99366705,False
488,8004132,Ost,2025-03-14 17:17:23.055316+00:00,25,2025-03-14,0.000909,True
489,8004132,Ost,2025-03-22 16:38:02.677855+00:00,12,2025-03-22,29.412508833333334,True
490,8004132,Ost,2025-04-05 09:53:55.147278+00:00,13,2025-04-05,32.9145062,True
491,8004132,Ost,2025-04-05 12:49:30.455365+00:00,4,2025-04-05,12.014614816666667,False
492,8004132,Ost,2025-04-07 06:17:44.870273+00:00,47,2025-04-07,70.63371126666667,True
494,8004132,Ost,2025-04-12 22:31:07.653841+00:00,4,2025-04-12,17.236200166666666,False
495,8004132,Ost,2025-04-13 20:47:33.648134+00:00,9,2025-04-13,20.856315666666667,False
497,8004132,Ost,2025-05-07 13:03:34.838394+00:00,20,2025-05-07,33.718584283333335,False
500,8004132,Ost,2025-05-12 06:07:57.737388+00:00,10,2025-05-12,21.87580675,True
501,8004132,Ost,2025-05-15 12:18:07.029480+00:00,9,2025-05-15,0.003514066666666667,False
502,8004132,Ost,2025-05-19 10:51:46.138819+00:00,4,2025-05-19,6.305708416666667,False
503,8004132,Ost,2025-05-20 05:46:12.937386+00:00,6,2025-05-20,16.230606966666667,False
504,8004132,Ost,2025-05-24 17:42:56.877527+00:00,5,2025-05-24,63.0890259,True
506,8004132,Ost,2025-05-26 08:16:39.677227+00:00,10,2025-05-26,0.00050975,True
511,8004132,Ost,2025-06-04 07:48:43.556787+00:00,4,2025-06-04,4.00850235,True
512,8004132,Ost,2025-06-04 15:09:03.653696+00:00,51,2025-06-04,116.69575880000001,True
513,8004132,Ost,2025-06-05 16:56:12.304291+00:00,31,2025-06-05,53.3874836,True
515,8004132,Ost,2025-06-17 16:07:59.318791+00:00,9,2025-06-17,17.432848816666667,True
517,8004132,Ost,2025-06-21 21:16:24.787686+00:00,29,2025-06-21,41.09566678333333,False
519,8004132,Ost,2025-06-23 21:17:11.911436+00:00,6,2025-06-23,0.0014552666666666667,False
521,8004132,Ost,2025-06-25 16:16:19.756713+00:00,21,2025-06-25,78.21789928333332,True
522,8004132,Ost,2025-07-03 09:16:48.899818+00:00,7,2025-07-03,20.570900233333337,True
525,8004132,Ost,2025-07-07 05:50:51.212442+00:00,9,2025-07-07,34.00189691666667,False
526,8004132,Ost,2025-07-18 12:07:22.893366+00:00,4,2025-07-18,17.774031733333334,False
527,8004132,Ost,2025-07-20 12:20:20.219732+00:00,3,2025-07-20,17.169602366666666,False
528,8004132,Ost,2025-07-21 20:18:05.745519+00:00,30,2025-07-21,8.383347683333334,False
530,8004132,Ost,2025-07-22 14:08:09.078099+00:00,3,2025-07-22,12.6866096,False
531,8004132,Ost,2025-08-04 14:52:28.991492+00:00,4,2025-08-04,10.910053799999998,False
532,8004132,Ost,2025-08-14 06:04:19.059552+00:00,34,2025-08-14,79.142337,True
533,8004132,Ost,2025-08-20 10:09:45.530999+00:00,30,2025-08-20,62.30632861666666,False
534,8004132,Ost,2025-08-24 16:59:12.437667+00:00,32,2025-08-24,76.76180633333334,True
538,8004132,Ost,2025-08-29 07:22:53.937686+00:00,29,2025-08-29,57.294037233333334,True
539,8004132,Ost,2025-09-04 13:39:14.785982+00:00,6,2025-09-04,0.026672616666666666,False
544,8004132,Ost,2025-10-13 11:07:56.631051+00:00,38,2025-10-13,0.054264683333333334,False
545,8004132,Ost,2025-10-14 10:17:37.851654+00:00,53,2025-10-14,0.17901533333333333,False
546,8004132,Ost,2025-10-14 16:31:51.186628+00:00,18,2025-10-14,58.01108393333333,True
548,8004132,Ost,2025-10-15 20:16:50.270025+00:00,21,2025-10-15,41.996167,False
549,8004132,Ost,2025-10-27 12:33:52.808742+00:00,26,2025-10-27,74.02635681666668,False
550,8004132,Ost,2025-10-27 15:17:57.395089+00:00,3,2025-10-27,5.987604483333333,True
555,8004132,Ost,2025-10-28 19:17:19.173986+00:00,5,2025-10-28,0.02821851666666667,True
556,8004132,Ost,2025-10-30 06:08:32.892789+00:00,28,2025-10-30,60.07996501666666,True
557,8004132,Ost,2025-10-30 08:16:42.462849+00:00,5,2025-10-30,4.029105933333333,True
559,8004132,Ost,2025-11-06 14:06:52.195176+00:00,3,2025-11-06,8.00145635,False
560,8004132,Ost,2025-11-07 13:16:29.570507+00:00,15,2025-11-07,32.35938278333334,False
562,8004132,Ost,2025-11-17 16:12:06.159248+00:00,4,2025-11-17,6.0014908,True
564,8004132,Ost,2025-11-20 06:57:55.870031+00:00,26,2025-11-20,59.98679103333333,True
565,8004132,Ost,2025-11-20 19:26:14.359600+00:00,11,2025-11-20,19.996636216666666,True
568,8004132,Ost,2025-12-01 16:17:22.012739+00:00,29,2025-12-01,0.18699313333333334,True
569,8004132,Ost,2025-12-05 07:13:21.046484+00:00,42,2025-12-05,97.9945665,True
570,8004132,Ost,2025-12-05 10:09:24.789066+00:00,3,2025-12-05,17.98053313333333,False
571,8004132,Ost,2025-12-20 19:37:28.369755+00:00,9,2025-12-20,25.993873416666666,True
574,8004132,Ost,2025-12-28 15:39:53.545827+00:00,3,2025-12-28,0.010408066666666667,True
460,8004132,West,2025-01-02 20:17:56.485503+00:00,29,2025-01-02,59.93558876666667,False
464,8004132,West,2025-01-04 17:07:54.842009+00:00,17,2025-01-04,31.99174955,True
466,8004132,West,2025-01-09 07:59:32.967303+00:00,9,2025-01-09,29.974947083333333,True
469,8004132,West,2025-01-18 15:41:24.247459+00:00,26,2025-01-18,62.0028436,True
475,8004132,West,2025-02-17 17:48:12.618133+00:00,15,2025-02-17,23.997634166666668,True
476,8004132,West,2025-02-18 12:34:12.562105+00:00,33,2025-02-18,95.99930049999999,False
477,8004132,West,2025-02-18 18:16:13.051559+00:00,10,2025-02-18,0.00020476666666666667,True
481,8004132,West,2025-02-20 15:16:13.005465+00:00,6,2025-02-20,0.0001433833333333333,True
482,8004132,West,2025-02-23 13:10:12.806866+00:00,3,2025-02-23,17.993625416666664,False
487,8004132,West,2025-03-14 15:53:22.939368+00:00,17,2025-03-14,35.99437945,True
493,8004132,West,2025-04-07 10:16:21.620467+00:00,6,2025-04-07,0.0011849333333333334,False
496,8004132,West,2025-05-02 09:39:44.664779+00:00,24,2025-05-02,50.999456,True
498,8004132,West,2025-05-07 15:38:41.689038+00:00,16,2025-05-07,30.59812068333333,True
499,8004132,West,2025-05-09 16:42:18.699270+00:00,31,2025-05-09,45.282592900000004,True
514,8004132,West,2025-06-05 18:37:16.465838+00:00,4,2025-06-05,14.449413016666666,True
516,8004132,West,2025-06-21 20:54:03.309148+00:00,3,2025-06-21,4.42454875,False
518,8004132,West,2025-06-23 18:09:40.203946+00:00,43,2025-06-23,73.39366383333332,True
520,8004132,West,2025-06-25 14:18:37.466171+00:00,4,2025-06-25,32.427674466666666,False
523,8004132,West,2025-07-04 09:38:24.291282+00:00,21,2025-07-04,62.24414876666666,True
524,8004132,West,2025-07-04 12:56:00.996715+00:00,30,2025-07-04,110.3608625,False
529,8004132,West,2025-07-22 12:31:20.161422+00:00,39,2025-07-22,79.63954475,False
540,8004132,West,2025-10-01 21:02:16.838600+00:00,4,2025-10-01,48.23783351666667,False
541,8004132,West,2025-10-02 00:10:30.505740+00:00,4,2025-10-02,0.0010681166666666668,False
542,8004132,West,2025-10-02 19:17:12.060507+00:00,5,2025-10-02,0.08456305,True
543,8004132,West,2025-10-08 08:24:07.383481+00:00,6,2025-10-08,32.00011385,True
547,8004132,West,2025-10-15 16:04:29.642996+00:00,3,2025-10-15,16.170538033333333,True
551,8004132,West,2025-10-27 21:14:18.925244+00:00,6,2025-10-27,36.000988,False
554,8004132,West,2025-10-28 17:16:59.652474+00:00,34,2025-10-28,0.06786551666666667,True
558,8004132,West,2025-10-30 10:16:45.131880+00:00,4,2025-10-30,0.0031033333333333334,False
561,8004132,West,2025-11-17 14:27:11.464879+00:00,7,2025-11-17,20.115919383333335,False
563,8004132,West,2025-11-19 17:33:29.845728+00:00,3,2025-11-19,10.002721666666668,True
566,8004132,West,2025-11-22 18:26:21.487352+00:00,3,2025-11-22,12.0025306,True
567,8004132,West,2025-11-27 15:17:18.040380+00:00,26,2025-11-27,0.1518052,True
572,8004132,West,2025-12-20 20:37:28.150900+00:00,3,2025-12-20,25.998555366666668,False
573,8004132,West,2025-12-28 14:09:54.669594+00:00,23,2025-12-28,55.98138155,False
575,8004132,West,2025-12-31 17:08:56.816718+00:00,20,2025-12-31,34.0067439,True
576,8004134,Ost,2025-01-01 12:17:55.850504+00:00,23,2025-01-01,123.9799642,False
577,8004134,Ost,2025-01-01 17:01:53.651467+00:00,3,2025-01-01,6.011240716666666,True
579,8004134,Ost,2025-01-02 22:01:54.800293+00:00,3,2025-01-02,7.98774355,False
581,8004134,Ost,2025-01-03 18:59:54.669808+00:00,3,2025-01-03,10.000864,True
583,8004134,Ost,2025-01-04 18:55:54.080765+00:00,3,2025-01-04,14.003692533333332,True
584,8004134,Ost,2025-01-18 15:41:24.308814+00:00,20,2025-01-18,64.00600143333334,True
585,8004134,Ost,2025-01-22 11:15:24.598407+00:00,4,2025-01-22,14.006749516666668,False
586,8004134,Ost,2025-01-22 19:17:28.775514+00:00,3,2025-01-22,0.0006107333333333334,True
589,8004134,Ost,2025-01-29 08:17:20.312070+00:00,26,2025-01-29,25.922210266666664,True
590,8004134,Ost,2025-02-07 11:17:03.708766+00:00,24,2025-02-07,0.0015308333333333333,False
592,8004134,Ost,2025-02-15 11:46:12.290128+00:00,18,2025-02-15,43.988806733333334,False
598,8004134,Ost,2025-02-20 13:06:12.914969+00:00,23,2025-02-20,87.99910435,False
599,8004134,Ost,2025-02-27 07:28:13.032758+00:00,19,2025-02-27,63.999027999999996,True
600,8004134,Ost,2025-03-05 22:16:53.640252+00:00,3,2025-03-05,0.0003373166666666667,False
602,8004134,Ost,2025-03-14 17:17:23.177739+00:00,17,2025-03-14,0.0005840166666666667,True
603,8004134,Ost,2025-03-22 16:41:45.880716+00:00,10,2025-03-22,30.33715331666667,True
606,8004134,Ost,2025-04-05 12:57:27.083036+00:00,3,2025-04-05,4.0874128,False
607,8004134,Ost,2025-04-07 06:17:47.162118+00:00,30,2025-04-07,88.7555974,True
608,8004134,Ost,2025-04-07 16:17:28.619270+00:00,3,2025-04-07,18.824294433333332,True
609,8004134,Ost,2025-04-13 20:57:02.235538+00:00,6,2025-04-13,17.855117166666666,False
611,8004134,Ost,2025-05-07 13:12:56.692154+00:00,15,2025-05-07,35.09412596666667,False
615,8004134,Ost,2025-05-12 06:26:40.352947+00:00,5,2025-05-12,6.877417916666667,True
616,8004134,Ost,2025-05-15 12:18:07.595848+00:00,6,2025-05-15,0.0019598333333333334,False
617,8004134,Ost,2025-05-24 17:45:11.831910+00:00,7,2025-05-24,34.308671600000004,True
620,8004134,Ost,2025-05-26 09:18:00.462472+00:00,3,2025-05-26,0.004075166666666667,True
623,8004134,Ost,2025-06-04 15:23:24.492012+00:00,30,2025-06-04,108.86623993333333,True
624,8004134,Ost,2025-06-05 16:58:25.835475+00:00,21,2025-06-05,54.77247883333334,True
626,8004134,Ost,2025-06-17 16:21:44.625353+00:00,3,2025-06-17,4.026398116666667,True
627,8004134,Ost,2025-06-21 21:17:59.842290+00:00,18,2025-06-21,38.1440525,False
628,8004134,Ost,2025-06-23 18:16:26.421315+00:00,30,2025-06-23,60.232626350000004,True
629,8004134,Ost,2025-06-23 21:18:02.532314+00:00,7,2025-06-23,0.15023913333333333,False
633,8004134,Ost,2025-07-03 09:21:22.468312+00:00,7,2025-07-03,26.402309749999997,True
635,8004134,Ost,2025-07-07 05:53:14.318799+00:00,6,2025-07-07,23.140754816666668,False
636,8004134,Ost,2025-07-18 12:18:49.184074+00:00,4,2025-07-18,10.355528883333333,False
638,8004134,Ost,2025-07-22 13:17:18.752951+00:00,29,2025-07-22,57.724419233333336,False
639,8004134,Ost,2025-08-04 15:04:02.582110+00:00,4,2025-08-04,4.400039116666666,True
642,8004134,Ost,2025-08-20 10:54:29.681775+00:00,7,2025-08-20,28.051023333333333,False
647,8004134,Ost,2025-08-29 07:22:53.876603+00:00,17,2025-08-29,79.81978783333334,True
648,8004134,Ost,2025-09-04 13:39:13.757630+00:00,4,2025-09-04,0.011815183333333333,False
651,8004134,Ost,2025-10-13 11:07:56.234335+00:00,28,2025-10-13,0.04798003333333333,False
652,8004134,Ost,2025-10-14 10:17:32.660511+00:00,30,2025-10-14,0.08624591666666667,False
653,8004134,Ost,2025-10-14 16:13:51.189172+00:00,16,2025-10-14,92.00759029999999,True
654,8004134,Ost,2025-10-15 20:06:50.292608+00:00,17,2025-10-15,51.99163526666667,False
655,8004134,Ost,2025-10-24 07:41:14.770885+00:00,3,2025-10-24,6.437674283333333,True
656,8004134,Ost,2025-10-27 12:37:52.657873+00:00,18,2025-10-27,76.02513763333333,False
657,8004134,Ost,2025-10-27 21:40:19.299931+00:00,4,2025-10-27,17.988396366666667,False
661,8004134,Ost,2025-10-30 06:16:33.799282+00:00,17,2025-10-30,70.07331161666666,True
662,8004134,Ost,2025-10-30 08:16:41.986449+00:00,4,2025-10-30,0.0023406,True
664,8004134,Ost,2025-11-06 14:12:51.724114+00:00,3,2025-11-06,12.001289933333334,False
666,8004134,Ost,2025-11-17 17:18:09.320630+00:00,5,2025-11-17,0.23511831666666666,True
667,8004134,Ost,2025-11-20 07:17:57.093352+00:00,21,2025-11-20,57.98324076666667,True
668,8004134,Ost,2025-11-20 19:26:14.286903+00:00,9,2025-11-20,26.008520833333332,True
669,8004134,Ost,2025-11-26 08:12:03.295936+00:00,3,2025-11-26,14.004553266666667,True
671,8004134,Ost,2025-12-01 16:17:22.080003+00:00,20,2025-12-01,0.10373851666666667,True
672,8004134,Ost,2025-12-05 07:27:20.739700+00:00,23,2025-12-05,96.00177496666667,True
673,8004134,Ost,2025-12-20 19:43:28.278075+00:00,11,2025-12-20,27.993892983333335,True
675,8004134,Ost,2025-12-28 15:39:53.439488+00:00,3,2025-12-28,26.0035057,True
582,8004134,West,2025-01-04 17:11:54.451981+00:00,5,2025-01-04,25.991788633333332,True
591,8004134,West,2025-02-08 18:33:00.439224+00:00,4,2025-02-08,28.008644333333333,True
593,8004134,West,2025-02-17 17:46:12.718988+00:00,3,2025-02-17,9.999289483333333,True
595,8004134,West,2025-02-18 13:36:13.095655+00:00,6,2025-02-18,29.9999102,False
601,8004134,West,2025-03-14 16:01:23.081079+00:00,5,2025-03-14,16.010574983333335,True
604,8004134,West,2025-04-05 09:35:37.508137+00:00,6,2025-04-05,47.440705916666666,True
610,8004134,West,2025-05-02 09:44:50.473327+00:00,10,2025-05-02,38.35636605,True
612,8004134,West,2025-05-07 15:48:43.022641+00:00,3,2025-05-07,3.815e-05,True
625,8004134,West,2025-06-05 18:20:06.978082+00:00,3,2025-06-05,6.89296345,True
630,8004134,West,2025-06-25 14:17:09.036813+00:00,4,2025-06-25,14.0318997,False
634,8004134,West,2025-07-04 13:11:11.562692+00:00,13,2025-07-04,47.08063715,False
637,8004134,West,2025-07-21 20:16:40.816600+00:00,11,2025-07-21,0.10595338333333333,False
646,8004134,West,2025-08-27 07:34:25.716600+00:00,4,2025-08-27,26.163355183333334,True
649,8004134,West,2025-10-01 20:44:17.086671+00:00,3,2025-10-01,15.984104050000001,False
650,8004134,West,2025-10-02 19:17:10.330471+00:00,5,2025-10-02,0.051626700000000005,True
660,8004134,West,2025-10-28 17:16:59.645392+00:00,9,2025-10-28,0.019395166666666668,True
663,8004134,West,2025-10-30 10:16:45.027221+00:00,3,2025-10-30,0.005306333333333333,False
665,8004134,West,2025-11-07 13:16:29.397117+00:00,6,2025-11-07,2.03914365,False
670,8004134,West,2025-11-27 15:17:18.858944+00:00,12,2025-11-27,0.07789878333333333,True
674,8004134,West,2025-12-28 14:11:53.912496+00:00,8,2025-12-28,38.00658401666667,False
676,8004134,West,2025-12-31 17:06:56.958519+00:00,6,2025-12-31,21.9986061,True
677,8004135,Ost,2025-01-01 12:17:55.945330+00:00,37,2025-01-01,121.97455855,False
679,8004135,Ost,2025-01-02 21:47:53.098363+00:00,3,2025-01-02,9.999561400000001,False
680,8004135,Ost,2025-01-03 17:13:55.362051+00:00,55,2025-01-03,109.99294741666667,True
682,8004135,Ost,2025-01-04 18:21:54.858887+00:00,8,2025-01-04,39.99785798333333,True
684,8004135,Ost,2025-01-09 16:57:33.053036+00:00,5,2025-01-09,25.994762700000003,True
685,8004135,Ost,2025-01-15 21:11:24.221020+00:00,6,2025-01-15,12.002268466666667,False
687,8004135,Ost,2025-01-22 11:19:24.976619+00:00,3,2025-01-22,1.9915624666666667,False
688,8004135,Ost,2025-01-25 19:17:27.674080+00:00,26,2025-01-25,45.957807499999994,True
689,8004135,Ost,2025-01-29 08:17:20.503204+00:00,45,2025-01-29,21.9145714,True
690,8004135,Ost,2025-02-07 11:17:03.922985+00:00,33,2025-02-07,3.95452445,False
692,8004135,Ost,2025-02-15 11:46:12.325139+00:00,26,2025-02-15,54.00261403333333,False
696,8004135,Ost,2025-02-20 04:16:14.368470+00:00,20,2025-02-20,85.97525743333334,False
698,8004135,Ost,2025-02-20 14:26:12.501282+00:00,3,2025-02-20,8.00652785,False
701,8004135,Ost,2025-02-24 12:46:12.997358+00:00,4,2025-02-24,13.998636583333333,False
702,8004135,Ost,2025-02-27 07:26:13.428946+00:00,34,2025-02-27,63.993317299999994,True
703,8004135,Ost,2025-03-05 22:16:53.919692+00:00,3,2025-03-05,0.0008702499999999999,False
704,8004135,Ost,2025-03-09 11:31:14.268398+00:00,4,2025-03-09,21.99625796666667,False
706,8004135,Ost,2025-03-14 17:17:23.277926+00:00,25,2025-03-14,0.0005196833333333333,True
707,8004135,Ost,2025-03-22 16:41:46.949926+00:00,12,2025-03-22,28.19245211666667,True
708,8004135,Ost,2025-04-05 09:53:57.150101+00:00,12,2025-04-05,32.941834783333334,True
709,8004135,Ost,2025-04-05 12:55:34.617087+00:00,4,2025-04-05,3.8998491166666667,False
710,8004135,Ost,2025-04-07 06:17:48.470011+00:00,47,2025-04-07,68.34438953333333,True
712,8004135,Ost,2025-04-07 16:17:29.376790+00:00,3,2025-04-07,16.62617506666667,True
713,8004135,Ost,2025-04-12 22:28:49.726074+00:00,4,2025-04-12,19.58616023333333,False
714,8004135,Ost,2025-04-13 20:50:25.569963+00:00,9,2025-04-13,20.276799316666665,False
716,8004135,Ost,2025-05-07 13:06:05.048976+00:00,20,2025-05-07,31.2196699,False
721,8004135,Ost,2025-05-12 06:07:59.888991+00:00,10,2025-05-12,18.685764983333335,True
722,8004135,Ost,2025-05-15 12:18:07.901450+00:00,9,2025-05-15,0.0024564666666666663,False
723,8004135,Ost,2025-05-19 10:53:31.445091+00:00,4,2025-05-19,4.59126085,False
724,8004135,Ost,2025-05-20 05:48:01.525085+00:00,6,2025-05-20,16.828791316666667,False
725,8004135,Ost,2025-05-24 17:45:12.678192+00:00,6,2025-05-24,38.56439905,True
727,8004135,Ost,2025-05-26 08:16:40.162372+00:00,10,2025-05-26,0.0004173333333333333,True
732,8004135,Ost,2025-06-04 07:50:59.063260+00:00,4,2025-06-04,4.6513903999999995,True
733,8004135,Ost,2025-06-04 15:09:04.053553+00:00,51,2025-06-04,114.13415418333334,True
734,8004135,Ost,2025-06-05 16:58:26.281411+00:00,32,2025-06-05,109.47463123333334,True
735,8004135,Ost,2025-06-17 16:10:56.411132+00:00,7,2025-06-17,10.808280766666666,True
736,8004135,Ost,2025-06-21 20:44:25.997811+00:00,30,2025-06-21,71.74077886666667,False
737,8004135,Ost,2025-06-23 18:16:47.790214+00:00,49,2025-06-23,59.914503833333335,True
739,8004135,Ost,2025-06-25 16:17:04.810951+00:00,22,2025-06-25,71.73962123333334,True
740,8004135,Ost,2025-07-03 09:19:22.932474+00:00,7,2025-07-03,18.135236033333335,True
744,8004135,Ost,2025-07-07 05:58:23.859087+00:00,7,2025-07-07,11.981341250000002,False
745,8004135,Ost,2025-07-18 12:07:44.506088+00:00,4,2025-07-18,13.110202483333333,False
746,8004135,Ost,2025-07-21 20:16:50.005594+00:00,20,2025-07-21,0.1406973333333333,False
748,8004135,Ost,2025-08-04 14:56:15.532291+00:00,4,2025-08-04,5.8198785,False
749,8004135,Ost,2025-08-14 05:58:56.709356+00:00,34,2025-08-14,87.13856043333334,False
750,8004135,Ost,2025-08-20 10:46:44.124466+00:00,5,2025-08-20,17.240961366666667,False
751,8004135,Ost,2025-08-24 17:06:00.157635+00:00,31,2025-08-24,91.52473456666667,True
754,8004135,Ost,2025-08-29 07:22:53.927948+00:00,29,2025-08-29,62.0275248,True
755,8004135,Ost,2025-09-04 13:39:14.537849+00:00,6,2025-09-04,0.026238333333333332,False
759,8004135,Ost,2025-10-08 07:26:07.445611+00:00,3,2025-10-08,13.9988294,True
761,8004135,Ost,2025-10-13 11:07:56.865354+00:00,39,2025-10-13,0.047624349999999996,False
762,8004135,Ost,2025-10-14 10:17:37.350297+00:00,53,2025-10-14,0.13473993333333334,False
763,8004135,Ost,2025-10-14 16:31:51.303320+00:00,18,2025-10-14,56.016194000000006,True
764,8004135,Ost,2025-10-15 20:16:50.325745+00:00,21,2025-10-15,41.99788478333333,False
765,8004135,Ost,2025-10-27 12:35:53.035730+00:00,26,2025-10-27,70.0263063,False
766,8004135,Ost,2025-10-27 15:17:57.721993+00:00,3,2025-10-27,9.983936716666667,True
767,8004135,Ost,2025-10-27 21:24:19.642062+00:00,6,2025-10-27,23.986225100000002,False
771,8004135,Ost,2025-10-28 19:17:19.184138+00:00,5,2025-10-28,0.027357983333333332,True
772,8004135,Ost,2025-10-30 06:06:34.387940+00:00,28,2025-10-30,64.05788618333334,True
773,8004135,Ost,2025-10-30 08:16:42.919652+00:00,5,2025-10-30,0.004789883333333333,True
775,8004135,Ost,2025-11-06 14:06:51.657872+00:00,4,2025-11-06,8.011714266666667,False
777,8004135,Ost,2025-11-07 13:16:29.814577+00:00,14,2025-11-07,12.154634750000001,False
779,8004135,Ost,2025-11-17 16:08:05.988919+00:00,4,2025-11-17,14.003070716666667,True
781,8004135,Ost,2025-11-20 06:59:56.581734+00:00,27,2025-11-20,81.9892236,True
782,8004135,Ost,2025-11-20 19:26:14.585881+00:00,11,2025-11-20,23.992544283333334,True
785,8004135,Ost,2025-12-01 16:17:22.047819+00:00,29,2025-12-01,0.24919503333333334,True
786,8004135,Ost,2025-12-05 07:13:21.079141+00:00,43,2025-12-05,100.00157241666668,True
787,8004135,Ost,2025-12-20 19:39:28.605800+00:00,9,2025-12-20,27.995373916666665,True
792,8004135,Ost,2025-12-31 18:14:57.053266+00:00,3,2025-12-31,22.000337100000003,True
678,8004135,West,2025-01-02 20:17:56.946045+00:00,27,2025-01-02,59.937782633333335,False
681,8004135,West,2025-01-04 17:01:55.450777+00:00,17,2025-01-04,35.9793953,True
683,8004135,West,2025-01-09 07:59:33.129119+00:00,9,2025-01-09,29.981014916666666,True
686,8004135,West,2025-01-18 15:41:24.336395+00:00,26,2025-01-18,58.00061621666667,True
691,8004135,West,2025-02-08 18:43:00.150892+00:00,3,2025-02-08,22.01086151666667,True
693,8004135,West,2025-02-17 17:46:12.782684+00:00,14,2025-02-17,51.99853448333333,True
694,8004135,West,2025-02-18 12:34:12.727435+00:00,33,2025-02-18,99.99812610000001,False
695,8004135,West,2025-02-18 18:16:13.217338+00:00,10,2025-02-18,0.00014336666666666666,True
699,8004135,West,2025-02-20 15:16:13.112217+00:00,6,2025-02-20,9.8e-05,True
700,8004135,West,2025-02-23 13:10:12.884395+00:00,3,2025-02-23,17.993550566666666,False
705,8004135,West,2025-03-14 15:53:23.037476+00:00,16,2025-03-14,34.002464833333335,True
711,8004135,West,2025-04-07 10:16:22.367812+00:00,6,2025-04-07,5.1416666666666665e-05,False
715,8004135,West,2025-05-02 09:39:46.059316+00:00,24,2025-05-02,48.22922175,True
718,8004135,West,2025-05-07 15:48:43.318011+00:00,15,2025-05-07,20.620475166666665,True
738,8004135,West,2025-06-25 14:17:11.395757+00:00,4,2025-06-25,32.48314776666667,False
741,8004135,West,2025-07-04 09:41:01.254376+00:00,20,2025-07-04,56.23396096666667,True
743,8004135,West,2025-07-04 14:03:29.931306+00:00,4,2025-07-04,39.52752761666667,False
747,8004135,West,2025-07-22 12:28:08.890713+00:00,38,2025-07-22,83.43951171666666,False
753,8004135,West,2025-08-27 07:49:44.720620+00:00,4,2025-08-27,23.67988826666667,True
756,8004135,West,2025-10-01 20:56:15.825169+00:00,3,2025-10-01,26.255432133333333,False
757,8004135,West,2025-10-02 00:10:30.718415+00:00,4,2025-10-02,0.0038338666666666663,False
758,8004135,West,2025-10-02 19:17:14.242486+00:00,5,2025-10-02,0.08353916666666666,True
760,8004135,West,2025-10-08 08:22:07.105649+00:00,6,2025-10-08,32.00243205,True
770,8004135,West,2025-10-28 17:16:59.747543+00:00,32,2025-10-28,0.07085443333333334,True
774,8004135,West,2025-10-30 10:16:45.233693+00:00,3,2025-10-30,0.008260766666666666,False
776,8004135,West,2025-11-07 11:46:21.625542+00:00,3,2025-11-07,23.98980003333333,False
778,8004135,West,2025-11-17 14:27:11.413234+00:00,7,2025-11-17,20.127879183333334,False
780,8004135,West,2025-11-19 17:31:29.329357+00:00,3,2025-11-19,12.016477283333334,True
783,8004135,West,2025-11-22 18:24:22.155789+00:00,3,2025-11-22,11.986251283333333,True
784,8004135,West,2025-11-27 15:17:18.030284+00:00,26,2025-11-27,0.14824303333333333,True
788,8004135,West,2025-12-28 14:09:54.697947+00:00,23,2025-12-28,53.984634183333334,False
791,8004135,West,2025-12-31 17:08:56.897410+00:00,19,2025-12-31,32.00200965,True
793,8004136,Ost,2025-01-01 12:17:56.142901+00:00,37,2025-01-01,123.98073776666666,False
795,8004136,Ost,2025-01-02 21:51:54.075182+00:00,3,2025-01-02,10.0156194,False
797,8004136,Ost,2025-01-03 18:53:55.396006+00:00,3,2025-01-03,11.998771216666666,True
802,8004136,Ost,2025-01-09 16:57:33.459902+00:00,4,2025-01-09,15.990243216666666,True
803,8004136,Ost,2025-01-15 21:10:59.260333+00:00,5,2025-01-15,11.999406716666666,False
804,8004136,Ost,2025-01-18 15:40:59.850881+00:00,25,2025-01-18,61.992904233333334,True
805,8004136,Ost,2025-01-22 11:16:59.777732+00:00,3,2025-01-22,10.000492766666667,False
806,8004136,Ost,2025-01-22 19:17:04.909481+00:00,3,2025-01-22,0.016505316666666665,True
807,8004136,Ost,2025-01-25 19:17:00.684345+00:00,26,2025-01-25,49.9903586,True
808,8004136,Ost,2025-01-29 08:16:50.955110+00:00,46,2025-01-29,35.98476751666667,True
809,8004136,Ost,2025-02-07 11:16:36.001197+00:00,36,2025-02-07,3.9884893999999997,False
810,8004136,Ost,2025-02-15 11:45:47.240887+00:00,26,2025-02-15,51.993344099999995,False
814,8004136,Ost,2025-02-20 04:43:47.466139+00:00,16,2025-02-20,42.003335066666665,False
816,8004136,Ost,2025-02-20 14:29:47.415346+00:00,3,2025-02-20,3.9997916166666667,False
819,8004136,Ost,2025-02-27 07:25:48.289171+00:00,35,2025-02-27,57.993643750000004,True
820,8004136,Ost,2025-03-05 22:16:20.923265+00:00,3,2025-03-05,0.03538898333333333,False
822,8004136,Ost,2025-03-14 17:16:57.301466+00:00,25,2025-03-14,0.01075065,True
823,8004136,Ost,2025-03-22 16:41:49.211703+00:00,12,2025-03-22,28.164612350000002,True
826,8004136,Ost,2025-04-05 12:57:29.700669+00:00,4,2025-04-05,2.011490033333333,False
827,8004136,Ost,2025-04-07 06:17:49.551124+00:00,47,2025-04-07,68.35125823333333,True
829,8004136,Ost,2025-04-07 16:17:30.245709+00:00,3,2025-04-07,8.422958383333333,True
830,8004136,Ost,2025-04-12 22:31:11.286749+00:00,4,2025-04-12,21.841855383333332,False
831,8004136,Ost,2025-04-13 20:47:39.412614+00:00,9,2025-04-13,27.288833083333333,False
833,8004136,Ost,2025-05-07 13:08:10.861307+00:00,20,2025-05-07,35.52694653333333,False
837,8004136,Ost,2025-05-12 06:08:00.581006+00:00,10,2025-05-12,28.519329816666666,True
838,8004136,Ost,2025-05-15 06:24:32.470321+00:00,7,2025-05-15,17.98888925,True
839,8004136,Ost,2025-05-19 10:58:07.969817+00:00,4,2025-05-19,6.4299268000000005,False
840,8004136,Ost,2025-05-20 05:54:55.250649+00:00,6,2025-05-20,12.9657871,False
841,8004136,Ost,2025-05-24 17:45:13.388450+00:00,7,2025-05-24,60.83990156666667,True
849,8004136,Ost,2025-06-04 07:50:59.511397+00:00,4,2025-06-04,10.448410883333334,True
850,8004136,Ost,2025-06-04 15:13:15.883311+00:00,51,2025-06-04,119.02109848333333,True
851,8004136,Ost,2025-06-05 16:56:17.230651+00:00,32,2025-06-05,79.67107593333334,True
853,8004136,Ost,2025-06-17 16:19:48.425621+00:00,7,2025-06-17,1.9669943333333333,True
854,8004136,Ost,2025-06-21 20:44:32.954826+00:00,30,2025-06-21,77.60645586666666,False
855,8004136,Ost,2025-06-23 18:16:56.974160+00:00,51,2025-06-23,59.82718743333333,True
857,8004136,Ost,2025-06-25 16:17:19.697033+00:00,22,2025-06-25,75.89426593333333,True
858,8004136,Ost,2025-07-03 09:19:24.549715+00:00,8,2025-07-03,24.198996216666668,True
862,8004136,Ost,2025-07-07 06:00:27.714260+00:00,7,2025-07-07,13.9929578,True
863,8004136,Ost,2025-07-18 12:14:54.726357+00:00,4,2025-07-18,6.007915266666667,False
866,8004136,Ost,2025-08-04 14:56:15.621010+00:00,4,2025-08-04,7.847198333333334,False
867,8004136,Ost,2025-08-14 06:03:00.859189+00:00,34,2025-08-14,81.12633141666667,True
868,8004136,Ost,2025-08-20 10:44:29.135430+00:00,8,2025-08-20,34.84602708333333,False
869,8004136,Ost,2025-08-24 16:55:11.385571+00:00,32,2025-08-24,74.59877305,True
872,8004136,Ost,2025-08-29 07:22:53.918550+00:00,29,2025-08-29,84.75729303333333,True
873,8004136,Ost,2025-09-04 13:39:13.769047+00:00,6,2025-09-04,0.027680516666666665,False
876,8004136,Ost,2025-10-08 07:30:07.074552+00:00,6,2025-10-08,10.004789383333334,True
878,8004136,Ost,2025-10-13 11:07:56.690192+00:00,38,2025-10-13,0.04392033333333333,False
879,8004136,Ost,2025-10-14 10:17:36.848293+00:00,53,2025-10-14,0.11543215,False
880,8004136,Ost,2025-10-14 16:31:51.390988+00:00,21,2025-10-14,58.01603948333333,True
882,8004136,Ost,2025-10-15 20:16:50.852842+00:00,21,2025-10-15,41.98868388333334,False
883,8004136,Ost,2025-10-24 07:41:14.769324+00:00,4,2025-10-24,4.296979033333333,True
884,8004136,Ost,2025-10-27 12:39:52.563867+00:00,26,2025-10-27,64.02312721666667,False
885,8004136,Ost,2025-10-27 21:26:19.374942+00:00,7,2025-10-27,39.999328350000006,False
889,8004136,Ost,2025-10-28 19:17:19.346023+00:00,5,2025-10-28,0.02563375,True
890,8004136,Ost,2025-10-30 06:10:33.144052+00:00,28,2025-10-30,68.08124036666666,True
891,8004136,Ost,2025-10-30 08:16:42.481888+00:00,5,2025-10-30,0.004028833333333333,True
893,8004136,Ost,2025-11-06 14:08:51.919539+00:00,5,2025-11-06,9.995360133333332,False
895,8004136,Ost,2025-11-17 17:18:10.835955+00:00,6,2025-11-17,0.4569456666666667,True
897,8004136,Ost,2025-11-20 06:59:56.396475+00:00,27,2025-11-20,81.99484835,True
898,8004136,Ost,2025-11-20 19:26:14.778476+00:00,11,2025-11-20,23.995404983333334,True
900,8004136,Ost,2025-12-01 16:17:22.189421+00:00,29,2025-12-01,0.21674191666666667,True
901,8004136,Ost,2025-12-05 07:13:20.950226+00:00,44,2025-12-05,111.99678673333332,True
902,8004136,Ost,2025-12-05 10:17:23.997425+00:00,3,2025-12-05,23.99164216666667,False
903,8004136,Ost,2025-12-20 19:37:28.552474+00:00,11,2025-12-20,40.00278288333333,True
905,8004136,Ost,2025-12-28 15:21:53.577739+00:00,6,2025-12-28,40.03502708333333,True
798,8004136,West,2025-01-04 17:01:55.640987+00:00,14,2025-01-04,35.987912449999996,True
801,8004136,West,2025-01-09 07:59:33.279465+00:00,7,2025-01-09,26.000461499999997,True
811,8004136,West,2025-02-17 17:47:47.740137+00:00,11,2025-02-17,17.989788766666667,True
812,8004136,West,2025-02-18 12:33:47.300037+00:00,33,2025-02-18,105.99746961666666,False
813,8004136,West,2025-02-18 18:17:47.945423+00:00,10,2025-02-18,0.017261699999999998,True
817,8004136,West,2025-02-20 15:17:47.543396+00:00,6,2025-02-20,0.004253333333333333,True
818,8004136,West,2025-02-23 13:05:47.480520+00:00,3,2025-02-23,22.00130953333333,False
821,8004136,West,2025-03-14 15:52:56.955122+00:00,14,2025-03-14,30.002739666666667,True
824,8004136,West,2025-04-05 09:35:38.447085+00:00,11,2025-04-05,51.2664007,True
828,8004136,West,2025-04-07 10:16:22.751129+00:00,6,2025-04-07,0.00020921666666666667,False
832,8004136,West,2025-05-02 09:39:46.301473+00:00,23,2025-05-02,45.5079509,True
835,8004136,West,2025-05-07 15:48:43.638073+00:00,13,2025-05-07,20.637057283333334,True
836,8004136,West,2025-05-09 16:42:20.795713+00:00,27,2025-05-09,45.306169733333334,True
842,8004136,West,2025-05-25 13:58:45.984381+00:00,3,2025-05-25,22.996682483333334,False
852,8004136,West,2025-06-05 18:31:06.323590+00:00,3,2025-06-05,14.797007233333334,True
856,8004136,West,2025-06-25 14:17:17.367729+00:00,4,2025-06-25,24.44646111666667,False
861,8004136,West,2025-07-04 12:44:41.433229+00:00,26,2025-07-04,118.37106126666666,False
864,8004136,West,2025-07-21 20:17:02.388409+00:00,20,2025-07-21,0.13501925,False
865,8004136,West,2025-07-22 12:28:18.115570+00:00,38,2025-07-22,106.79481013333334,False
871,8004136,West,2025-08-27 07:22:28.539515+00:00,4,2025-08-27,20.81501195,True
874,8004136,West,2025-10-01 20:56:16.162099+00:00,3,2025-10-01,22.286759449999998,False
875,8004136,West,2025-10-02 19:17:13.572228+00:00,5,2025-10-02,0.0928185,True
877,8004136,West,2025-10-08 08:18:07.786075+00:00,6,2025-10-08,31.99043891666667,True
881,8004136,West,2025-10-15 15:58:29.672798+00:00,3,2025-10-15,22.170413766666666,True
888,8004136,West,2025-10-28 17:16:59.686097+00:00,31,2025-10-28,0.059869433333333326,True
892,8004136,West,2025-10-30 10:16:45.215965+00:00,3,2025-10-30,0.006127850000000001,False
894,8004136,West,2025-11-07 13:16:29.637356+00:00,14,2025-11-07,16.15770635,False
896,8004136,West,2025-11-19 17:27:30.006294+00:00,3,2025-11-19,18.009973633333335,True
899,8004136,West,2025-11-27 15:17:18.168863+00:00,25,2025-11-27,0.15467856666666666,True
904,8004136,West,2025-12-28 14:09:53.974845+00:00,20,2025-12-28,49.998595083333335,False
906,8004136,West,2025-12-31 17:10:57.740077+00:00,16,2025-12-31,29.990816083333335,True
907,8004151,Ost,2025-01-01 12:17:56.782962+00:00,37,2025-01-01,109.97147776666667,False
909,8004151,Ost,2025-01-02 21:43:55.338246+00:00,3,2025-01-02,7.99740625,False
910,8004151,Ost,2025-01-03 17:17:58.143386+00:00,47,2025-01-03,95.96332096666667,True
912,8004151,Ost,2025-01-04 18:09:55.377392+00:00,8,2025-01-04,41.996667699999996,True
915,8004151,Ost,2025-01-15 21:11:00.954961+00:00,6,2025-01-15,11.997451083333335,False
918,8004151,Ost,2025-01-29 08:17:17.820516+00:00,44,2025-01-29,37.57611565,True
919,8004151,Ost,2025-02-07 11:16:58.523868+00:00,31,2025-02-07,0.0283262,False
920,8004151,Ost,2025-02-15 11:45:50.735946+00:00,24,2025-02-15,37.97747158333333,False
924,8004151,Ost,2025-02-20 04:55:50.417081+00:00,8,2025-02-20,23.985738633333334,False
925,8004151,Ost,2025-02-20 13:05:49.539010+00:00,24,2025-02-20,72.00588066666666,False
927,8004151,Ost,2025-02-27 07:25:51.844303+00:00,27,2025-02-27,53.96775616666666,True
928,8004151,Ost,2025-03-05 22:16:41.889144+00:00,3,2025-03-05,0.008952433333333334,False
930,8004151,Ost,2025-03-14 17:17:02.774590+00:00,19,2025-03-14,0.010487166666666665,True
931,8004151,Ost,2025-03-22 16:38:05.352473+00:00,9,2025-03-22,16.684029033333335,True
932,8004151,Ost,2025-04-05 09:35:39.440442+00:00,12,2025-04-05,51.283426983333335,True
936,8004151,Ost,2025-04-12 22:20:20.395578+00:00,3,2025-04-12,17.2726719,False
937,8004151,Ost,2025-04-13 20:37:19.955205+00:00,7,2025-04-13,19.78340875,False
940,8004151,Ost,2025-05-06 22:25:38.402851+00:00,3,2025-05-06,11.463665883333334,False
941,8004151,Ost,2025-05-07 13:10:45.176753+00:00,13,2025-05-07,15.35702905,False
944,8004151,Ost,2025-05-07 16:50:19.620795+00:00,3,2025-05-07,19.306721816666666,True
946,8004151,Ost,2025-05-12 06:08:02.185583+00:00,7,2025-05-12,6.6323298500000005,True
947,8004151,Ost,2025-05-15 12:16:59.072651+00:00,6,2025-05-15,0.9814242833333334,False
948,8004151,Ost,2025-05-20 05:44:52.739140+00:00,5,2025-05-20,8.3119202,False
954,8004151,Ost,2025-06-04 15:07:38.598763+00:00,31,2025-06-04,67.03719366666667,True
956,8004151,Ost,2025-06-05 16:57:07.400315+00:00,24,2025-06-05,42.66304061666666,True
959,8004151,Ost,2025-06-17 16:07:00.229006+00:00,6,2025-06-17,6.5278823,True
964,8004151,Ost,2025-07-03 09:17:55.741376+00:00,3,2025-07-03,11.732295766666665,True
968,8004151,Ost,2025-07-18 11:59:30.763482+00:00,4,2025-07-18,2.184066,False
969,8004151,Ost,2025-07-20 12:19:17.676320+00:00,4,2025-07-20,4.081928633333333,False
971,8004151,Ost,2025-07-21 20:17:51.361104+00:00,23,2025-07-21,7.55559665,False
973,8004151,Ost,2025-08-04 14:40:28.017733+00:00,4,2025-08-04,9.107473116666666,False
974,8004151,Ost,2025-08-14 05:57:23.525704+00:00,32,2025-08-14,68.6326087,False
975,8004151,Ost,2025-08-20 10:10:04.362223+00:00,26,2025-08-20,54.17638268333334,False
976,8004151,Ost,2025-08-24 16:55:23.324287+00:00,31,2025-08-24,74.6075888,True
980,8004151,Ost,2025-08-29 07:22:54.002209+00:00,25,2025-08-29,48.79269615,True
981,8004151,Ost,2025-09-04 13:39:14.682337+00:00,6,2025-09-04,0.0055146,False
992,8004151,Ost,2025-10-15 20:16:50.467197+00:00,20,2025-10-15,19.9882418,False
994,8004151,Ost,2025-10-27 15:17:57.469689+00:00,3,2025-10-27,0.0009184166666666667,True
996,8004151,Ost,2025-10-28 13:16:30.815490+00:00,35,2025-10-28,52.05158868333333,False
999,8004151,Ost,2025-10-28 19:17:19.446517+00:00,5,2025-10-28,0.023091666666666667,True
1005,8004151,Ost,2025-11-17 16:01:19.457044+00:00,4,2025-11-17,10.779132616666667,True
1008,8004151,Ost,2025-11-20 19:26:14.440132+00:00,5,2025-11-20,10.014943416666666,True
1011,8004151,Ost,2025-12-01 16:17:22.109683+00:00,27,2025-12-01,0.22841045000000001,True
1013,8004151,Ost,2025-12-20 19:37:28.594545+00:00,5,2025-12-20,17.993584633333334,True
908,8004151,West,2025-01-02 20:17:57.987011+00:00,29,2025-01-02,65.95572796666667,False
911,8004151,West,2025-01-04 17:09:55.925810+00:00,17,2025-01-04,36.00373856666667,True
913,8004151,West,2025-01-09 08:05:34.301824+00:00,9,2025-01-09,15.991906783333333,True
914,8004151,West,2025-01-10 14:15:23.351840+00:00,5,2025-01-10,0.00010563333333333333,False
916,8004151,West,2025-01-18 15:41:01.427717+00:00,26,2025-01-18,82.00133115,True
917,8004151,West,2025-01-25 19:17:23.259596+00:00,25,2025-01-25,41.648706700000005,True
921,8004151,West,2025-02-17 17:45:51.935634+00:00,22,2025-02-17,53.96071333333334,True
922,8004151,West,2025-02-18 12:33:49.395867+00:00,33,2025-02-18,110.01113763333333,False
923,8004151,West,2025-02-18 18:17:56.679891+00:00,10,2025-02-18,0.015259666666666666,True
926,8004151,West,2025-02-20 15:07:49.876246+00:00,7,2025-02-20,10.023088433333333,True
929,8004151,West,2025-03-14 15:52:59.860478+00:00,20,2025-03-14,43.99827801666667,True
933,8004151,West,2025-04-05 11:06:32.697847+00:00,4,2025-04-05,26.823352433333334,False
934,8004151,West,2025-04-07 05:34:20.258996+00:00,51,2025-04-07,122.76676093333334,False
935,8004151,West,2025-04-07 10:16:23.952016+00:00,7,2025-04-07,0.0003298666666666667,False
943,8004151,West,2025-05-07 15:46:11.323078+00:00,20,2025-05-07,27.750604633333335,True
945,8004151,West,2025-05-09 16:39:30.643063+00:00,34,2025-05-09,57.763889883333334,True
949,8004151,West,2025-05-24 18:36:29.942387+00:00,3,2025-05-24,16.239033633333335,True
950,8004151,West,2025-05-25 14:15:31.148991+00:00,4,2025-05-25,25.52003726666667,False
953,8004151,West,2025-06-04 05:35:04.023296+00:00,18,2025-06-04,44.075261616666666,False
955,8004151,West,2025-06-04 19:21:12.410329+00:00,3,2025-06-04,0.0023578166666666667,True
960,8004151,West,2025-06-21 20:51:08.950262+00:00,30,2025-06-21,78.0924081,False
961,8004151,West,2025-06-23 18:17:44.175135+00:00,48,2025-06-23,64.18951113333334,True
963,8004151,West,2025-06-25 16:05:11.296194+00:00,20,2025-06-25,69.88178626666667,True
965,8004151,West,2025-07-04 09:35:44.470876+00:00,24,2025-07-04,66.00718568333333,True
970,8004151,West,2025-07-21 19:23:18.217792+00:00,4,2025-07-21,5.883279683333333,True
972,8004151,West,2025-07-22 12:41:04.777968+00:00,39,2025-07-22,87.86940683333334,False
978,8004151,West,2025-08-27 07:50:02.867485+00:00,4,2025-08-27,6.198182966666667,True
979,8004151,West,2025-08-27 13:03:18.405760+00:00,16,2025-08-27,0.07103676666666667,False
982,8004151,West,2025-10-01 21:08:15.740724+00:00,3,2025-10-01,24.260088433333333,False
983,8004151,West,2025-10-02 00:10:31.027466+00:00,4,2025-10-02,0.0023091,False
984,8004151,West,2025-10-02 19:17:20.647710+00:00,5,2025-10-02,0.10674381666666667,True
985,8004151,West,2025-10-08 08:26:07.097484+00:00,6,2025-10-08,39.99917753333333,True
986,8004151,West,2025-10-13 11:07:56.897016+00:00,39,2025-10-13,0.022637416666666667,False
987,8004151,West,2025-10-14 10:17:36.530901+00:00,53,2025-10-14,0.14315068333333333,False
990,8004151,West,2025-10-14 17:37:51.872786+00:00,4,2025-10-14,25.996140183333335,True
991,8004151,West,2025-10-15 16:18:39.737471+00:00,3,2025-10-15,5.996321249999999,True
993,8004151,West,2025-10-27 12:33:53.323677+00:00,24,2025-10-27,82.01059941666668,False
995,8004151,West,2025-10-27 21:10:19.372974+00:00,9,2025-10-27,29.992251800000002,False
997,8004151,West,2025-10-28 14:46:34.655276+00:00,3,2025-10-28,4.0114966999999995,False
998,8004151,West,2025-10-28 17:16:59.770849+00:00,35,2025-10-28,0.06742278333333333,True
1000,8004151,West,2025-10-29 10:28:56.119616+00:00,6,2025-10-29,12.0223756,False
1001,8004151,West,2025-10-29 16:17:22.251280+00:00,3,2025-10-29,0.0009711833333333334,True
1002,8004151,West,2025-10-30 06:06:33.355963+00:00,26,2025-10-30,60.08548258333334,True
1003,8004151,West,2025-10-30 10:16:45.384271+00:00,4,2025-10-30,0.002655166666666667,False
1004,8004151,West,2025-11-17 14:27:11.454116+00:00,8,2025-11-17,26.1302182,False
1006,8004151,West,2025-11-19 17:39:30.120254+00:00,3,2025-11-19,3.999140183333333,True
1007,8004151,West,2025-11-20 06:55:55.513046+00:00,27,2025-11-20,100.01092743333334,True
1009,8004151,West,2025-11-22 18:34:21.461918+00:00,3,2025-11-22,10.000944066666667,True
1010,8004151,West,2025-11-27 15:17:18.094678+00:00,26,2025-11-27,0.1551740166666667,True
1012,8004151,West,2025-12-05 07:17:21.931654+00:00,38,2025-12-05,97.99229178333333,True
1014,8004151,West,2025-12-28 14:25:53.696128+00:00,23,2025-12-28,84.00807845,False
1015,8004151,West,2025-12-31 16:44:58.377291+00:00,26,2025-12-31,111.97953980000001,True
1016,8004158,Ost,2025-01-01 12:17:33.970120+00:00,30,2025-01-01,107.98916103333333,False
1018,8004158,Ost,2025-01-03 17:17:34.828036+00:00,23,2025-01-03,95.97973811666667,True
1020,8004158,Ost,2025-01-04 18:05:33.733256+00:00,6,2025-01-04,43.99979648333333,True
1024,8004158,Ost,2025-01-29 08:17:18.896675+00:00,23,2025-01-29,3.5789139666666667,True
1026,8004158,Ost,2025-02-07 11:17:01.519596+00:00,15,2025-02-07,0.004732266666666667,False
1027,8004158,Ost,2025-02-15 11:45:52.496227+00:00,12,2025-02-15,33.95266518333333,False
1030,8004158,Ost,2025-02-20 04:53:55.186583+00:00,5,2025-02-20,23.929124283333334,False
1032,8004158,Ost,2025-02-23 13:09:50.568408+00:00,4,2025-02-23,51.9823622,False
1033,8004158,Ost,2025-02-27 07:25:53.795419+00:00,16,2025-02-27,45.96279933333334,True
1035,8004158,Ost,2025-03-14 17:17:05.703782+00:00,10,2025-03-14,0.0035609500000000002,True
1037,8004158,Ost,2025-03-22 16:40:53.337361+00:00,3,2025-03-22,14.323409733333333,True
1039,8004158,Ost,2025-04-05 10:15:37.428596+00:00,3,2025-04-05,0.04752833333333333,False
1043,8004158,Ost,2025-04-30 11:08:19.785039+00:00,3,2025-04-30,8.072459799999999,False
1045,8004158,Ost,2025-05-05 13:47:45.910196+00:00,3,2025-05-05,15.7672713,False
1046,8004158,Ost,2025-05-07 13:04:53.489315+00:00,3,2025-05-07,13.975924466666667,False
1049,8004158,Ost,2025-05-26 08:17:50.342847+00:00,4,2025-05-26,0.09467171666666667,True
1052,8004158,Ost,2025-06-04 15:05:59.694648+00:00,19,2025-06-04,68.83063588333333,True
1053,8004158,Ost,2025-06-05 16:57:29.609049+00:00,12,2025-06-05,40.67147953333333,True
1064,8004158,Ost,2025-08-14 06:09:33.456451+00:00,19,2025-08-14,56.6151231,True
1065,8004158,Ost,2025-08-20 10:10:05.112792+00:00,12,2025-08-20,50.31721228333333,False
1071,8004158,Ost,2025-08-29 07:22:54.507603+00:00,13,2025-08-29,45.004288249999995,True
1073,8004158,Ost,2025-09-04 13:39:15.885968+00:00,5,2025-09-04,0.0010713,False
1080,8004158,Ost,2025-10-14 16:31:51.315141+00:00,8,2025-10-14,44.006087900000004,True
1082,8004158,Ost,2025-10-15 20:16:50.477830+00:00,8,2025-10-15,19.993781133333336,False
1084,8004158,Ost,2025-10-27 15:17:57.743426+00:00,4,2025-10-27,9.981590766666667,True
1088,8004158,Ost,2025-10-28 19:17:19.224403+00:00,4,2025-10-28,0.013084416666666666,True
1098,8004158,Ost,2025-12-01 16:17:23.008190+00:00,13,2025-12-01,0.10977636666666667,True
1017,8004158,West,2025-01-02 20:17:33.860049+00:00,19,2025-01-02,85.9946225,False
1019,8004158,West,2025-01-04 17:09:33.558057+00:00,11,2025-01-04,38.00259855,True
1021,8004158,West,2025-01-09 08:11:11.431343+00:00,5,2025-01-09,9.997016466666668,True
1022,8004158,West,2025-01-18 15:57:02.083746+00:00,17,2025-01-18,38.01017405,True
1023,8004158,West,2025-01-25 19:17:25.741066+00:00,16,2025-01-25,21.618108366666668,True
1025,8004158,West,2025-01-29 08:36:53.996472+00:00,3,2025-01-29,17.9905151,True
1028,8004158,West,2025-02-17 17:49:51.053016+00:00,13,2025-02-17,49.99166038333333,True
1029,8004158,West,2025-02-18 12:55:50.813269+00:00,24,2025-02-18,85.99015615,False
1031,8004158,West,2025-02-20 13:09:54.514118+00:00,19,2025-02-20,71.927326,False
1034,8004158,West,2025-03-14 15:53:01.124341+00:00,11,2025-03-14,41.994118316666665,True
1036,8004158,West,2025-03-22 10:18:12.455710+00:00,4,2025-03-22,0.4038907,False
1040,8004158,West,2025-04-05 11:09:12.255185+00:00,3,2025-04-05,15.425957933333333,False
1041,8004158,West,2025-04-07 05:35:21.015848+00:00,30,2025-04-07,122.3807138,False
1042,8004158,West,2025-04-07 10:17:05.656946+00:00,7,2025-04-07,0.08325,False
1044,8004158,West,2025-05-02 09:36:01.163808+00:00,16,2025-05-02,77.9969724,True
1047,8004158,West,2025-05-07 15:42:36.506147+00:00,12,2025-05-07,32.43436126666667,True
1048,8004158,West,2025-05-24 18:41:07.192123+00:00,3,2025-05-24,21.748348466666666,True
1050,8004158,West,2025-05-26 08:52:18.251121+00:00,5,2025-05-26,27.029708616666667,True
1051,8004158,West,2025-06-04 05:35:16.732494+00:00,11,2025-06-04,39.908209850000006,False
1054,8004158,West,2025-06-05 18:21:32.545632+00:00,3,2025-06-05,8.27382525,True
1055,8004158,West,2025-06-21 21:05:22.335525+00:00,20,2025-06-21,72.57731751666667,False
1056,8004158,West,2025-06-23 18:17:45.840576+00:00,29,2025-06-23,83.48280531666666,True
1058,8004158,West,2025-06-25 16:07:56.945616+00:00,25,2025-06-25,71.04789975,True
1059,8004158,West,2025-07-04 09:35:57.973541+00:00,15,2025-07-04,72.14588268333334,True
1062,8004158,West,2025-07-21 20:18:04.814877+00:00,11,2025-07-21,0.006826966666666667,False
1063,8004158,West,2025-07-22 12:45:36.395208+00:00,25,2025-07-22,79.50838189999999,False
1066,8004158,West,2025-08-24 17:06:24.655843+00:00,17,2025-08-24,72.8933261,True
1069,8004158,West,2025-08-27 08:26:15.009121+00:00,5,2025-08-27,0.12079179999999999,True
1070,8004158,West,2025-08-27 13:03:47.769488+00:00,12,2025-08-27,0.04903115,False
1072,8004158,West,2025-08-29 08:59:54.617681+00:00,3,2025-08-29,13.746634733333334,True
1074,8004158,West,2025-10-01 21:18:33.576191+00:00,3,2025-10-01,19.96176331666667,False
1075,8004158,West,2025-10-02 00:02:31.670162+00:00,4,2025-10-02,7.9851244333333335,False
1076,8004158,West,2025-10-02 19:17:12.553578+00:00,3,2025-10-02,0.05688755,True
1077,8004158,West,2025-10-08 08:28:07.084053+00:00,4,2025-10-08,20.003130066666664,True
1078,8004158,West,2025-10-13 11:07:56.941231+00:00,25,2025-10-13,0.041585133333333336,False
1079,8004158,West,2025-10-14 10:17:27.654794+00:00,33,2025-10-14,0.07448975,False
1081,8004158,West,2025-10-15 16:08:30.947713+00:00,3,2025-10-15,20.1474813,True
1083,8004158,West,2025-10-27 12:33:53.636231+00:00,16,2025-10-27,80.01171066666667,False
1085,8004158,West,2025-10-27 21:14:19.172069+00:00,9,2025-10-27,27.997582299999998,False
1086,8004158,West,2025-10-28 13:16:31.506871+00:00,21,2025-10-28,62.06393608333334,False
1087,8004158,West,2025-10-28 17:16:59.673618+00:00,23,2025-10-28,0.033798966666666666,True
1089,8004158,West,2025-10-29 10:30:56.044080+00:00,4,2025-10-29,12.02858935,False
1090,8004158,West,2025-10-29 16:17:22.234134+00:00,3,2025-10-29,0.0007124,True
1091,8004158,West,2025-10-30 06:06:33.571852+00:00,14,2025-10-30,56.083983249999996,True
1092,8004158,West,2025-10-30 10:16:44.751445+00:00,4,2025-10-30,0.005818083333333333,False
1093,8004158,West,2025-11-17 17:18:12.218167+00:00,6,2025-11-17,0.09843538333333333,True
1094,8004158,West,2025-11-19 17:43:31.205254+00:00,3,2025-11-19,3.9846059666666664,True
1095,8004158,West,2025-11-20 07:17:57.149624+00:00,12,2025-11-20,57.98172278333333,True
1096,8004158,West,2025-11-22 18:34:21.529933+00:00,3,2025-11-22,22.002976883333336,True
1097,8004158,West,2025-11-27 15:17:18.313283+00:00,16,2025-11-27,0.06558585,True
1099,8004158,West,2025-12-05 07:17:22.289620+00:00,24,2025-12-05,97.99324356666666,True
1100,8004158,West,2025-12-28 14:27:54.356704+00:00,16,2025-12-28,75.98817913333333,False
1101,8004158,West,2025-12-31 17:08:57.579804+00:00,15,2025-12-31,57.99803623333333,True
1102,8004179,Ost,2025-01-01 12:17:55.504226+00:00,37,2025-01-01,111.95066753333334,False
1104,8004179,Ost,2025-01-02 21:45:53.141938+00:00,3,2025-01-02,7.998033416666667,False
1105,8004179,Ost,2025-01-03 17:17:56.825696+00:00,49,2025-01-03,95.95573208333333,True
1107,8004179,Ost,2025-01-04 18:17:53.805890+00:00,7,2025-01-04,36.02202131666666,True
1110,8004179,Ost,2025-01-15 21:11:03.814815+00:00,6,2025-01-15,11.999236983333333,False
1112,8004179,Ost,2025-01-22 11:15:05.764412+00:00,3,2025-01-22,1.9934573833333333,False
1114,8004179,Ost,2025-01-25 19:37:04.534555+00:00,5,2025-01-25,22.011006416666664,True
1115,8004179,Ost,2025-01-29 08:17:19.883001+00:00,45,2025-01-29,39.599440933333334,True
1116,8004179,Ost,2025-02-07 11:17:03.184019+00:00,31,2025-02-07,0.002595116666666667,False
1117,8004179,Ost,2025-02-15 11:45:55.112442+00:00,25,2025-02-15,29.953220966666667,False
1121,8004179,Ost,2025-02-20 04:55:54.280606+00:00,9,2025-02-20,21.9894193,False
1122,8004179,Ost,2025-02-20 13:05:52.940480+00:00,26,2025-02-20,72.01851178333332,False
1125,8004179,Ost,2025-02-27 07:27:55.410105+00:00,28,2025-02-27,47.969772033333335,True
1126,8004179,Ost,2025-03-05 22:16:51.281307+00:00,3,2025-03-05,0.00421705,False
1128,8004179,Ost,2025-03-14 17:17:09.121791+00:00,20,2025-03-14,0.0118923,True
1129,8004179,Ost,2025-03-22 16:39:00.164412+00:00,10,2025-03-22,14.479235749999999,True
1130,8004179,Ost,2025-04-05 09:54:34.608678+00:00,12,2025-04-05,31.233809033333333,True
1132,8004179,Ost,2025-04-05 12:38:29.530993+00:00,4,2025-04-05,22.03180075,False
1135,8004179,Ost,2025-04-12 22:17:06.713826+00:00,4,2025-04-12,21.398967466666665,False
1136,8004179,Ost,2025-04-13 20:38:32.556744+00:00,9,2025-04-13,35.312680666666665,False
1138,8004179,Ost,2025-05-06 22:26:46.537903+00:00,3,2025-05-06,14.192506683333333,False
1139,8004179,Ost,2025-05-07 12:58:10.624307+00:00,13,2025-05-07,31.309377533333336,False
1143,8004179,Ost,2025-05-12 06:06:56.154403+00:00,9,2025-05-12,15.840607,True
1144,8004179,Ost,2025-05-15 06:15:39.390681+00:00,7,2025-05-15,35.90492651666667,True
1145,8004179,Ost,2025-05-20 05:45:22.621448+00:00,6,2025-05-20,18.634898966666665,False
1146,8004179,Ost,2025-05-26 07:16:15.983223+00:00,10,2025-05-26,14.666890283333334,True
1148,8004179,Ost,2025-05-26 09:17:22.136555+00:00,3,2025-05-26,2.2548543166666666,True
1152,8004179,Ost,2025-06-05 16:57:56.050655+00:00,25,2025-06-05,42.14312165,True
1154,8004179,Ost,2025-06-17 16:07:28.398130+00:00,7,2025-06-17,6.462004066666666,True
1157,8004179,Ost,2025-06-23 21:16:29.056393+00:00,6,2025-06-23,0.12219568333333333,False
1160,8004179,Ost,2025-07-03 09:16:14.012452+00:00,4,2025-07-03,11.91413675,True
1164,8004179,Ost,2025-07-07 05:52:30.860065+00:00,3,2025-07-07,12.75683605,False
1165,8004179,Ost,2025-07-18 11:59:57.061190+00:00,4,2025-07-18,0.00935385,False
1166,8004179,Ost,2025-07-20 12:19:40.766365+00:00,4,2025-07-20,11.992877983333333,False
1168,8004179,Ost,2025-07-21 20:18:07.184676+00:00,22,2025-07-21,7.800358783333333,False
1170,8004179,Ost,2025-08-04 14:49:37.284540+00:00,4,2025-08-04,1.5633333333333335e-05,False
1171,8004179,Ost,2025-08-14 05:55:52.995755+00:00,34,2025-08-14,70.54379448333334,False
1172,8004179,Ost,2025-08-20 10:10:06.696869+00:00,26,2025-08-20,61.16993051666667,False
1173,8004179,Ost,2025-08-24 16:58:37.966218+00:00,31,2025-08-24,71.68828334999999,True
1177,8004179,Ost,2025-08-29 07:22:54.354238+00:00,25,2025-08-29,52.77686435,True
1178,8004179,Ost,2025-09-04 13:39:16.150217+00:00,6,2025-09-04,0.025244600000000002,False
1184,8004179,Ost,2025-10-14 16:31:52.031742+00:00,16,2025-10-14,63.99652875,True
1186,8004179,Ost,2025-10-15 20:16:50.959373+00:00,21,2025-10-15,21.997062816666666,False
1187,8004179,Ost,2025-10-27 12:27:54.364842+00:00,26,2025-10-27,86.00052826666666,False
1188,8004179,Ost,2025-10-27 15:17:58.724366+00:00,3,2025-10-27,0.002831533333333333,True
1190,8004179,Ost,2025-10-28 13:16:31.604596+00:00,36,2025-10-28,64.06264671666666,False
1193,8004179,Ost,2025-10-28 19:17:20.549373+00:00,5,2025-10-28,0.0293464,True
1196,8004179,Ost,2025-10-30 06:00:33.271325+00:00,27,2025-10-30,68.07222965,True
1199,8004179,Ost,2025-11-17 15:57:19.955579+00:00,4,2025-11-17,16.77523445,True
1202,8004179,Ost,2025-11-20 19:24:15.155459+00:00,6,2025-11-20,14.01264315,True
1205,8004179,Ost,2025-12-01 16:17:22.616270+00:00,29,2025-12-01,0.20504131666666667,True
1207,8004179,Ost,2025-12-05 10:01:25.361421+00:00,3,2025-12-05,25.975612433333332,False
1208,8004179,Ost,2025-12-20 19:37:28.816203+00:00,7,2025-12-20,19.989120949999997,True
1103,8004179,West,2025-01-02 20:17:55.905639+00:00,29,2025-01-02,65.95986676666666,False
1106,8004179,West,2025-01-04 17:09:53.830783+00:00,17,2025-01-04,32.00811856666667,True
1108,8004179,West,2025-01-09 08:03:33.058578+00:00,9,2025-01-09,15.965527250000001,True
1109,8004179,West,2025-01-10 14:15:16.781397+00:00,5,2025-01-10,0.0024308333333333335,False
1111,8004179,West,2025-01-18 15:41:04.201026+00:00,26,2025-01-18,68.00837778333333,True
1113,8004179,West,2025-01-25 19:17:26.839711+00:00,24,2025-01-25,1.6267627500000001,True
1118,8004179,West,2025-02-17 17:43:54.385554+00:00,22,2025-02-17,55.97664786666667,True
1119,8004179,West,2025-02-18 12:33:52.519591+00:00,33,2025-02-18,110.02802793333333,False
1120,8004179,West,2025-02-18 18:18:06.274343+00:00,10,2025-02-18,0.021905966666666665,True
1123,8004179,West,2025-02-20 15:17:55.614264+00:00,6,2025-02-20,0.004592066666666667,True
1124,8004179,West,2025-02-23 13:09:52.828513+00:00,3,2025-02-23,28.011405,False
1127,8004179,West,2025-03-14 15:53:03.792152+00:00,20,2025-03-14,41.990502750000005,True
1131,8004179,West,2025-04-05 11:05:09.872332+00:00,3,2025-04-05,8.365815133333333,False
1133,8004179,West,2025-04-07 05:33:22.451977+00:00,50,2025-04-07,116.36015458333333,False
1134,8004179,West,2025-04-07 10:17:29.373162+00:00,7,2025-04-07,0.06297358333333333,False
1137,8004179,West,2025-05-02 09:28:29.576551+00:00,26,2025-05-02,65.85160435,True
1141,8004179,West,2025-05-07 15:45:04.707560+00:00,19,2025-05-07,25.49965651666667,True
1142,8004179,West,2025-05-09 16:38:27.425392+00:00,34,2025-05-09,54.53424721666667,True
1147,8004179,West,2025-05-26 08:52:38.223439+00:00,3,2025-05-26,8.280322366666667,True
1151,8004179,West,2025-06-04 15:12:20.165781+00:00,51,2025-06-04,103.46931656666668,True
1153,8004179,West,2025-06-05 18:13:00.397757+00:00,6,2025-06-05,44.3754526,True
1155,8004179,West,2025-06-21 20:37:31.222777+00:00,30,2025-06-21,93.929045,False
1156,8004179,West,2025-06-23 18:17:47.538113+00:00,43,2025-06-23,64.52789633333333,True
1159,8004179,West,2025-06-25 16:05:47.509268+00:00,19,2025-06-25,67.21963148333333,True
1161,8004179,West,2025-07-04 09:36:17.028278+00:00,22,2025-07-04,65.85388008333334,True
1167,8004179,West,2025-07-21 19:19:47.585064+00:00,4,2025-07-21,7.9629,True
1169,8004179,West,2025-07-22 12:39:17.084476+00:00,39,2025-07-22,90.09276553333333,False
1175,8004179,West,2025-08-27 07:54:31.060319+00:00,23,2025-08-27,33.08455985,True
1176,8004179,West,2025-08-27 13:04:18.582716+00:00,9,2025-08-27,0.02129595,False
1179,8004179,West,2025-10-01 23:58:31.151289+00:00,5,2025-10-01,11.999407966666666,False
1180,8004179,West,2025-10-02 19:17:14.137810+00:00,5,2025-10-02,0.09638036666666668,True
1181,8004179,West,2025-10-08 08:24:08.166085+00:00,6,2025-10-08,39.98415261666666,True
1182,8004179,West,2025-10-13 11:07:57.828889+00:00,39,2025-10-13,0.024355,False
1183,8004179,West,2025-10-14 10:17:41.002590+00:00,54,2025-10-14,0.19884406666666668,False
1185,8004179,West,2025-10-15 16:08:30.782934+00:00,3,2025-10-15,12.1865975,True
1189,8004179,West,2025-10-28 09:58:17.584565+00:00,8,2025-10-28,0.04086436666666667,True
1191,8004179,West,2025-10-28 14:44:35.612284+00:00,3,2025-10-28,4.0028369,False
1192,8004179,West,2025-10-28 17:17:00.695499+00:00,35,2025-10-28,0.0640239,True
1194,8004179,West,2025-10-29 10:30:56.228053+00:00,5,2025-10-29,8.022954333333333,False
1195,8004179,West,2025-10-29 16:17:22.693550+00:00,3,2025-10-29,0.002474933333333333,True
1197,8004179,West,2025-10-30 10:16:45.828094+00:00,4,2025-10-30,0.0057954999999999994,False
1198,8004179,West,2025-11-17 14:27:11.724284+00:00,8,2025-11-17,24.118379366666666,False
1200,8004179,West,2025-11-19 17:39:30.366018+00:00,3,2025-11-19,4.0043134,True
1201,8004179,West,2025-11-20 06:53:56.146040+00:00,27,2025-11-20,95.99959525,True
1203,8004179,West,2025-11-22 18:32:21.851783+00:00,3,2025-11-22,11.993620466666666,True
1204,8004179,West,2025-11-27 15:17:18.416719+00:00,26,2025-11-27,0.1547345,True
1206,8004179,West,2025-12-05 07:17:22.305934+00:00,38,2025-12-05,97.98395446666667,True
1209,8004179,West,2025-12-28 14:25:54.265055+00:00,23,2025-12-28,81.99679265,False
1210,8004179,West,2025-12-31 17:04:57.991096+00:00,24,2025-12-31,91.99206913333335,True
1211,8098263,Ost,2025-01-01 12:17:54.495799+00:00,37,2025-01-01,117.96357245,False
1213,8098263,Ost,2025-01-02 21:49:56.736267+00:00,3,2025-01-02,5.933316283333334,False
1214,8098263,Ost,2025-01-03 17:13:53.992781+00:00,54,2025-01-03,105.9882259,True
1216,8098263,Ost,2025-01-04 18:19:53.018577+00:00,7,2025-01-04,19.99780828333333,True
1218,8098263,Ost,2025-01-09 16:53:30.979042+00:00,5,2025-01-09,25.975510883333335,True
1219,8098263,Ost,2025-01-15 21:11:23.173818+00:00,6,2025-01-15,12.006804183333333,False
1221,8098263,Ost,2025-01-22 11:17:28.937557+00:00,3,2025-01-22,3.9162239166666666,False
1222,8098263,Ost,2025-01-25 19:17:32.671850+00:00,26,2025-01-25,47.87562976666666,True
1223,8098263,Ost,2025-01-29 08:17:16.552806+00:00,45,2025-01-29,27.980962316666666,True
1224,8098263,Ost,2025-02-07 11:17:01.610235+00:00,31,2025-02-07,1.9732952666666668,False
1225,8098263,Ost,2025-02-15 11:46:11.096554+00:00,26,2025-02-15,58.02177651666667,False
1229,8098263,Ost,2025-02-20 04:36:12.396399+00:00,14,2025-02-20,65.99216786666666,False
1231,8098263,Ost,2025-02-20 14:22:11.406006+00:00,3,2025-02-20,12.026682316666667,False
1233,8098263,Ost,2025-02-27 07:26:12.686232+00:00,32,2025-02-27,59.99330548333333,True
1234,8098263,Ost,2025-03-05 22:16:46.820679+00:00,3,2025-03-05,0.00713695,False
1235,8098263,Ost,2025-03-09 11:29:13.049081+00:00,4,2025-03-09,24.01458278333333,False
1237,8098263,Ost,2025-03-14 17:17:26.241969+00:00,23,2025-03-14,8.063333333333333e-05,True
1238,8098263,Ost,2025-03-22 16:39:11.309300+00:00,12,2025-03-22,25.195136816666665,True
1239,8098263,Ost,2025-04-05 09:55:14.150551+00:00,14,2025-04-05,31.036850483333335,True
1240,8098263,Ost,2025-04-05 12:46:54.269075+00:00,4,2025-04-05,13.9727522,False
1243,8098263,Ost,2025-04-12 22:30:27.922554+00:00,4,2025-04-12,15.133777166666667,False
1244,8098263,Ost,2025-04-13 20:44:59.305929+00:00,9,2025-04-13,22.90593288333333,False
1246,8098263,Ost,2025-05-07 12:53:38.774085+00:00,18,2025-05-07,38.43288195,False
1249,8098263,Ost,2025-05-12 06:07:12.123045+00:00,10,2025-05-12,21.911529633333334,True
1250,8098263,Ost,2025-05-15 12:17:41.135567+00:00,9,2025-05-15,0.3786508833333333,False
1251,8098263,Ost,2025-05-19 10:51:27.028874+00:00,4,2025-05-19,3.706630216666667,False
1252,8098263,Ost,2025-05-20 05:47:52.019339+00:00,6,2025-05-20,16.7738062,False
1253,8098263,Ost,2025-05-24 17:51:09.102077+00:00,4,2025-05-24,30.36230073333333,True
1255,8098263,Ost,2025-05-26 08:16:19.223393+00:00,10,2025-05-26,0.13881425,True
1260,8098263,Ost,2025-06-04 07:48:25.952166+00:00,4,2025-06-04,2.0992810333333334,True
1261,8098263,Ost,2025-06-04 15:06:36.181464+00:00,51,2025-06-04,114.03845065,True
1262,8098263,Ost,2025-06-05 16:58:03.933200+00:00,30,2025-06-05,51.16122131666667,True
1264,8098263,Ost,2025-06-17 16:07:39.827776+00:00,9,2025-06-17,13.299252266666667,True
1266,8098263,Ost,2025-06-21 21:16:24.645308+00:00,28,2025-06-21,49.11785268333333,False
1267,8098263,Ost,2025-06-23 18:17:35.173947+00:00,43,2025-06-23,69.11559335,True
1268,8098263,Ost,2025-06-23 21:17:21.334875+00:00,6,2025-06-23,0.00015273333333333335,False
1270,8098263,Ost,2025-06-25 16:14:21.320899+00:00,21,2025-06-25,79.82310908333334,True
1271,8098263,Ost,2025-07-03 09:18:59.886493+00:00,5,2025-07-03,16.03162375,True
1274,8098263,Ost,2025-07-04 14:20:48.720851+00:00,4,2025-07-04,25.4385255,False
1275,8098263,Ost,2025-07-07 05:52:40.325531+00:00,8,2025-07-07,29.304306766666667,False
1276,8098263,Ost,2025-07-18 12:05:03.791891+00:00,4,2025-07-18,3.8474260666666664,False
1277,8098263,Ost,2025-07-20 12:20:09.687382+00:00,4,2025-07-20,16.997521916666667,False
1278,8098263,Ost,2025-07-21 20:17:47.930210+00:00,30,2025-07-21,10.164834899999999,False
1280,8098263,Ost,2025-08-04 14:52:25.047997+00:00,4,2025-08-04,10.879714716666665,False
1281,8098263,Ost,2025-08-14 05:59:55.750486+00:00,34,2025-08-14,73.13071643333333,False
1282,8098263,Ost,2025-08-20 10:09:30.282298+00:00,30,2025-08-20,67.86264471666667,False
1283,8098263,Ost,2025-08-24 16:58:56.419055+00:00,33,2025-08-24,97.35329268333334,True
1289,8098263,Ost,2025-08-29 07:23:25.062513+00:00,29,2025-08-29,57.268290666666665,True
1290,8098263,Ost,2025-09-04 13:40:22.648133+00:00,6,2025-09-04,0.0537498,False
1294,8098263,Ost,2025-10-13 11:09:10.630940+00:00,36,2025-10-13,0.040163533333333334,False
1295,8098263,Ost,2025-10-14 10:18:29.968151+00:00,53,2025-10-14,0.01842151666666667,False
1296,8098263,Ost,2025-10-14 16:30:29.507737+00:00,18,2025-10-14,58.0157407,True
1298,8098263,Ost,2025-10-15 20:17:29.406414+00:00,21,2025-10-15,39.9781835,False
1299,8098263,Ost,2025-10-27 12:32:31.381334+00:00,26,2025-10-27,76.04490293333333,False
1300,8098263,Ost,2025-10-27 14:52:35.822162+00:00,4,2025-10-27,27.99995588333333,False
1302,8098263,Ost,2025-10-28 13:17:11.288379+00:00,38,2025-10-28,60.04593921666667,False
1304,8098263,Ost,2025-10-28 19:17:59.514621+00:00,5,2025-10-28,0.042557816666666665,True
1306,8098263,Ost,2025-10-30 06:07:12.929614+00:00,28,2025-10-30,60.064699499999996,True
1307,8098263,Ost,2025-10-30 08:17:24.020907+00:00,5,2025-10-30,11.978568016666665,True
1309,8098263,Ost,2025-11-06 14:05:31.060241+00:00,3,2025-11-06,9.99919645,False
1310,8098263,Ost,2025-11-07 13:17:09.732538+00:00,15,2025-11-07,22.200429383333336,False
1313,8098263,Ost,2025-11-20 06:56:31.638909+00:00,26,2025-11-20,58.02587568333333,True
1314,8098263,Ost,2025-11-20 19:26:50.462817+00:00,10,2025-11-20,12.017021083333333,True
1317,8098263,Ost,2025-12-01 16:18:03.923087+00:00,29,2025-12-01,0.29690771666666665,True
1318,8098263,Ost,2025-12-05 07:13:56.878461+00:00,40,2025-12-05,93.99035675,True
1319,8098263,Ost,2025-12-20 19:42:03.484638+00:00,8,2025-12-20,16.004452766666667,True
1322,8098263,Ost,2025-12-28 15:40:29.275325+00:00,3,2025-12-28,15.9956884,True
1212,8098263,West,2025-01-02 20:17:55.238019+00:00,29,2025-01-02,57.96197766666667,False
1215,8098263,West,2025-01-04 17:09:53.039038+00:00,17,2025-01-04,30.00986968333333,True
1217,8098263,West,2025-01-09 07:57:30.453113+00:00,10,2025-01-09,34.007775466666665,True
1220,8098263,West,2025-01-18 15:41:24.879104+00:00,26,2025-01-18,61.9872056,True
1226,8098263,West,2025-02-17 17:54:11.934939+00:00,18,2025-02-17,44.01302691666667,True
1227,8098263,West,2025-02-18 12:34:12.857979+00:00,33,2025-02-18,102.00799213333333,False
1228,8098263,West,2025-02-18 18:16:14.891867+00:00,10,2025-02-18,0.00011080000000000001,True
1232,8098263,West,2025-02-20 15:16:14.044107+00:00,6,2025-02-20,8.32e-05,True
1236,8098263,West,2025-03-14 15:53:22.536252+00:00,18,2025-03-14,36.00477075,True
1241,8098263,West,2025-04-07 05:33:36.436293+00:00,47,2025-04-07,116.48765180000001,False
1242,8098263,West,2025-04-07 10:17:38.415793+00:00,6,2025-04-07,0.02282155,False
1245,8098263,West,2025-05-02 09:39:02.566009+00:00,24,2025-05-02,53.32909538333333,True
1247,8098263,West,2025-05-07 15:38:03.962291+00:00,16,2025-05-07,30.60641551666667,True
1248,8098263,West,2025-05-09 16:41:34.672763+00:00,32,2025-05-09,45.400462850000004,True
1263,8098263,West,2025-06-05 18:38:45.466559+00:00,4,2025-06-05,12.313513050000001,True
1265,8098263,West,2025-06-21 20:54:02.486414+00:00,3,2025-06-21,6.9116702000000005,False
1269,8098263,West,2025-06-25 14:34:35.158114+00:00,3,2025-06-25,18.178195966666667,False
1272,8098263,West,2025-07-04 09:40:20.208461+00:00,21,2025-07-04,71.16705121666668,True
1273,8098263,West,2025-07-04 12:55:46.318385+00:00,28,2025-07-04,57.318132,False
1279,8098263,West,2025-07-22 12:33:04.953130+00:00,39,2025-07-22,86.31375911666667,False
1288,8098263,West,2025-08-27 13:04:35.009916+00:00,12,2025-08-27,0.0033839666666666667,False
1291,8098263,West,2025-10-02 00:11:05.224727+00:00,4,2025-10-02,0.004687083333333333,False
1292,8098263,West,2025-10-02 19:17:58.082903+00:00,5,2025-10-02,0.10601241666666666,True
1293,8098263,West,2025-10-08 08:22:42.244958+00:00,6,2025-10-08,35.991978366666665,True
1297,8098263,West,2025-10-15 16:09:09.605168+00:00,3,2025-10-15,10.165223166666667,True
1301,8098263,West,2025-10-27 21:14:58.614514+00:00,7,2025-10-27,35.98259903333334,False
1303,8098263,West,2025-10-28 17:17:43.137917+00:00,35,2025-10-28,0.13169146666666667,True
1305,8098263,West,2025-10-29 10:29:35.402951+00:00,5,2025-10-29,18.035324133333333,False
1308,8098263,West,2025-10-30 10:17:24.421733+00:00,4,2025-10-30,0.0040648333333333335,False
1311,8098263,West,2025-11-17 17:16:46.400687+00:00,11,2025-11-17,0.30933276666666665,True
1312,8098263,West,2025-11-19 17:34:06.635050+00:00,3,2025-11-19,10.002564766666667,True
1315,8098263,West,2025-11-22 18:28:57.856224+00:00,3,2025-11-22,13.991627716666667,True
1316,8098263,West,2025-11-27 15:17:57.871401+00:00,26,2025-11-27,0.3080242666666667,True
1320,8098263,West,2025-12-20 20:24:02.856989+00:00,4,2025-12-20,40.02302006666666,False
1321,8098263,West,2025-12-28 14:10:31.764743+00:00,23,2025-12-28,71.959954,False
1323,8098263,West,2025-12-31 17:11:33.413385+00:00,20,2025-12-31,32.013638433333334,True
